[22Jun2025 13:15:08.103] [main/INFO] [cpw.mods.modlauncher.Launcher/MODLAUNCHER]: ModLauncher running: args [--launchTarget, neoforgeclientdev, --version, 21.4.123, --assetIndex, 19, --assetsDir, /home/jacob/.mcreator/gradle/caches/neoformruntime/assets, --gameDir, ., --fml.fmlVersion, 6.0.11, --fml.mcVersion, 1.21.4, --fml.neoForgeVersion, 21.4.123, --fml.neoFormVersion, 20241203.161809]
[22Jun2025 13:15:08.108] [main/INFO] [cpw.mods.modlauncher.Launcher/MODLAUNCHER]: JVM identified as Eclipse Adoptium OpenJDK 64-Bit Server VM 21.0.5+11-LTS
[22Jun2025 13:15:08.111] [main/INFO] [cpw.mods.modlauncher.Launcher/MODLAUNCHER]: ModLauncher 11.0.4+main.d2e20e43 starting: java version 21.0.5 by Eclipse Adoptium; OS Linux arch amd64 version 6.8.0-62-generic
[22Jun2025 13:15:08.169] [main/DEBUG] [cpw.mods.modlauncher.LaunchServiceHandler/MODLAUNCHER]: Found launch services [neoforgeclientdatadev,minecraft,neoforgeserver,neoforgejunitdev,testharness,neoforgegametestserverdev,neoforgeclient,neoforgeserverdev,neoforgeclientdev,neoforgeserverdatadev]
[22Jun2025 13:15:08.230] [main/DEBUG] [cpw.mods.modlauncher.LaunchPluginHandler/MODLAUNCHER]: Found launch plugins: [mixin,slf4jfixer,runtime_enum_extender,accesstransformer,runtimedistcleaner]
[22Jun2025 13:15:08.247] [main/DEBUG] [cpw.mods.modlauncher.TransformationServicesHandler/MODLAUNCHER]: Discovering transformation services
[22Jun2025 13:15:08.275] [main/DEBUG] [net.neoforged.fml.loading.FMLPaths/CORE]: Path GAMEDIR is /home/jacob/MCreatorWorkspaces/Charken/run
[22Jun2025 13:15:08.276] [main/DEBUG] [net.neoforged.fml.loading.FMLPaths/CORE]: Path MODSDIR is /home/jacob/MCreatorWorkspaces/Charken/run/mods
[22Jun2025 13:15:08.278] [main/DEBUG] [net.neoforged.fml.loading.FMLPaths/CORE]: Path CONFIGDIR is /home/jacob/MCreatorWorkspaces/Charken/run/config
[22Jun2025 13:15:08.282] [main/DEBUG] [net.neoforged.fml.loading.FMLPaths/CORE]: Path FMLCONFIG is /home/jacob/MCreatorWorkspaces/Charken/run/config/fml.toml
[22Jun2025 13:15:08.361] [main/DEBUG] [net.neoforged.fml.loading.targets.CommonLaunchHandler/CORE]: Got mod coordinates mcreator%%/home/jacob/MCreatorWorkspaces/Charken/build/classes/java/main:mcreator%%/home/jacob/MCreatorWorkspaces/Charken/build/resources/main from env
[22Jun2025 13:15:08.362] [main/DEBUG] [net.neoforged.fml.loading.targets.CommonLaunchHandler/CORE]: Found supplied mod coordinates [{mcreator=[/home/jacob/MCreatorWorkspaces/Charken/build/classes/java/main, /home/jacob/MCreatorWorkspaces/Charken/build/resources/main]}]
[22Jun2025 13:15:08.364] [main/DEBUG] [cpw.mods.modlauncher.TransformationServicesHandler/MODLAUNCHER]: Found additional transformation services from discovery services: 
[22Jun2025 13:15:08.371] [main/INFO] [net.neoforged.fml.loading.ImmediateWindowHandler/]: Loading ImmediateWindowProvider fmlearlywindow
[22Jun2025 13:15:08.551] [main/INFO] [EARLYDISPLAY/]: Trying GL version 4.6
[22Jun2025 13:15:08.687] [main/INFO] [EARLYDISPLAY/]: Requested GL version 4.6 got version 4.6
[22Jun2025 13:15:08.764] [main/DEBUG] [cpw.mods.modlauncher.TransformationServicesHandler/MODLAUNCHER]: Found transformer services : [mixin,fml]
[22Jun2025 13:15:08.764] [main/DEBUG] [cpw.mods.modlauncher.TransformationServicesHandler/MODLAUNCHER]: Transformation services loading
[22Jun2025 13:15:08.765] [main/DEBUG] [cpw.mods.modlauncher.TransformationServiceDecorator/MODLAUNCHER]: Loading service mixin
[22Jun2025 13:15:08.766] [main/DEBUG] [cpw.mods.modlauncher.TransformationServiceDecorator/MODLAUNCHER]: Loaded service mixin
[22Jun2025 13:15:08.766] [main/DEBUG] [cpw.mods.modlauncher.TransformationServiceDecorator/MODLAUNCHER]: Loading service fml
[22Jun2025 13:15:08.767] [main/DEBUG] [net.neoforged.fml.loading.FMLLoader/CORE]: FML 6.0.11 loading
[22Jun2025 13:15:08.767] [main/DEBUG] [net.neoforged.fml.loading.FMLLoader/CORE]: FML found ModLauncher version : 11.0.4+main.d2e20e43
[22Jun2025 13:15:08.767] [main/DEBUG] [net.neoforged.fml.loading.FMLLoader/CORE]: FML found AccessTransformer version : 11.0.1+8274f92c
[22Jun2025 13:15:08.768] [main/DEBUG] [net.neoforged.fml.loading.FMLLoader/CORE]: FML found EventBus version : null
[22Jun2025 13:15:08.769] [main/DEBUG] [net.neoforged.fml.loading.FMLLoader/CORE]: Found Runtime Dist Cleaner
[22Jun2025 13:15:08.769] [main/DEBUG] [cpw.mods.modlauncher.TransformationServiceDecorator/MODLAUNCHER]: Loaded service fml
[22Jun2025 13:15:08.770] [main/DEBUG] [cpw.mods.modlauncher.TransformationServicesHandler/MODLAUNCHER]: Configuring option handling for services
[22Jun2025 13:15:08.814] [main/DEBUG] [net.neoforged.fml.loading.FMLServiceProvider/CORE]: Received command line version data  : VersionInfo[neoForgeVersion=21.4.123, fmlVersion=6.0.11, mcVersion=1.21.4, neoFormVersion=20241203.161809]
[22Jun2025 13:15:08.815] [main/DEBUG] [cpw.mods.modlauncher.TransformationServicesHandler/MODLAUNCHER]: Transformation services initializing
[22Jun2025 13:15:08.816] [main/DEBUG] [cpw.mods.modlauncher.TransformationServiceDecorator/MODLAUNCHER]: Initializing transformation service mixin
[22Jun2025 13:15:08.836] [main/DEBUG] [mixin/]: MixinService [ModLauncher] was successfully booted in cpw.mods.cl.ModuleClassLoader@158a8276
[22Jun2025 13:15:08.917] [main/INFO] [mixin/]: SpongePowered MIXIN Subsystem Version=0.8.7 Source=union:/home/jacob/.mcreator/gradle/caches/modules-2/files-2.1/net.fabricmc/sponge-mixin/0.15.2+mixin.0.8.7/2af2f021d8e02a0220dc27a7a72b4666d66d44ca/sponge-mixin-0.15.2+mixin.0.8.7.jar%23150!/ Service=ModLauncher Env=CLIENT
[22Jun2025 13:15:08.928] [main/DEBUG] [mixin/]: Initialising Mixin Platform Manager
[22Jun2025 13:15:08.929] [main/DEBUG] [mixin/]: Adding mixin platform agents for container ModLauncher Root Container(ModLauncher:4f56a0a2)
[22Jun2025 13:15:08.931] [main/DEBUG] [mixin/]: Instancing new MixinPlatformAgentMinecraftForge for ModLauncher Root Container(ModLauncher:4f56a0a2)
[22Jun2025 13:15:08.933] [main/DEBUG] [mixin/]: MixinPlatformAgentMinecraftForge rejected container ModLauncher Root Container(ModLauncher:4f56a0a2)
[22Jun2025 13:15:08.935] [main/DEBUG] [mixin/]: Instancing new MixinPlatformAgentDefault for ModLauncher Root Container(ModLauncher:4f56a0a2)
[22Jun2025 13:15:08.936] [main/DEBUG] [mixin/]: MixinPlatformAgentDefault accepted container ModLauncher Root Container(ModLauncher:4f56a0a2)
[22Jun2025 13:15:08.946] [main/DEBUG] [cpw.mods.modlauncher.TransformationServiceDecorator/MODLAUNCHER]: Initialized transformation service mixin
[22Jun2025 13:15:08.947] [main/DEBUG] [cpw.mods.modlauncher.TransformationServiceDecorator/MODLAUNCHER]: Initializing transformation service fml
[22Jun2025 13:15:08.948] [main/DEBUG] [net.neoforged.fml.loading.FMLServiceProvider/CORE]: Setting up basic FML game directories
[22Jun2025 13:15:08.949] [main/DEBUG] [net.neoforged.fml.loading.FMLPaths/CORE]: Path GAMEDIR is /home/jacob/MCreatorWorkspaces/Charken/run
[22Jun2025 13:15:08.950] [main/DEBUG] [net.neoforged.fml.loading.FMLPaths/CORE]: Path MODSDIR is /home/jacob/MCreatorWorkspaces/Charken/run/mods
[22Jun2025 13:15:08.950] [main/DEBUG] [net.neoforged.fml.loading.FMLPaths/CORE]: Path CONFIGDIR is /home/jacob/MCreatorWorkspaces/Charken/run/config
[22Jun2025 13:15:08.950] [main/DEBUG] [net.neoforged.fml.loading.FMLPaths/CORE]: Path FMLCONFIG is /home/jacob/MCreatorWorkspaces/Charken/run/config/fml.toml
[22Jun2025 13:15:08.950] [main/DEBUG] [net.neoforged.fml.loading.FMLServiceProvider/CORE]: Loading configuration
[22Jun2025 13:15:08.954] [main/DEBUG] [net.neoforged.fml.loading.FMLServiceProvider/CORE]: Preparing launch handler
[22Jun2025 13:15:08.954] [main/DEBUG] [net.neoforged.fml.loading.FMLLoader/CORE]: Using neoforgeclientdev as launch service
[22Jun2025 13:15:08.956] [main/DEBUG] [cpw.mods.modlauncher.TransformationServiceDecorator/MODLAUNCHER]: Initialized transformation service fml
[22Jun2025 13:15:08.956] [main/DEBUG] [cpw.mods.modlauncher.TransformationServicesHandler/MODLAUNCHER]: Transformation services begin scanning
[22Jun2025 13:15:08.957] [main/DEBUG] [cpw.mods.modlauncher.TransformationServiceDecorator/MODLAUNCHER]: Beginning scan trigger - transformation service mixin
[22Jun2025 13:15:08.957] [main/DEBUG] [cpw.mods.modlauncher.TransformationServiceDecorator/MODLAUNCHER]: End scan trigger - transformation service mixin
[22Jun2025 13:15:08.957] [main/DEBUG] [cpw.mods.modlauncher.TransformationServiceDecorator/MODLAUNCHER]: Beginning scan trigger - transformation service fml
[22Jun2025 13:15:08.957] [main/DEBUG] [net.neoforged.fml.loading.FMLServiceProvider/CORE]: Initiating mod scan
[22Jun2025 13:15:08.958] [main/DEBUG] [net.neoforged.fml.loading.targets.CommonLaunchHandler/CORE]: Got mod coordinates mcreator%%/home/jacob/MCreatorWorkspaces/Charken/build/classes/java/main:mcreator%%/home/jacob/MCreatorWorkspaces/Charken/build/resources/main from env
[22Jun2025 13:15:08.958] [main/DEBUG] [net.neoforged.fml.loading.targets.CommonLaunchHandler/CORE]: Found supplied mod coordinates [{mcreator=[/home/jacob/MCreatorWorkspaces/Charken/build/classes/java/main, /home/jacob/MCreatorWorkspaces/Charken/build/resources/main]}]
[22Jun2025 13:15:08.960] [main/DEBUG] [net.neoforged.fml.loading.targets.NeoForgeDevLaunchHandler/]: Launching with NeoForge from /home/jacob/MCreatorWorkspaces/Charken/build/moddev/artifacts/neoforge-21.4.123.jar
[22Jun2025 13:15:08.998] [main/DEBUG] [net.neoforged.fml.util.ServiceLoaderUtil/CORE]: Found 4 implementations of IModFileCandidateLocator:
[22Jun2025 13:15:09.002] [main/DEBUG] [net.neoforged.fml.util.ServiceLoaderUtil/CORE]: 	       0 - [built-in] net.neoforged.fml.loading.moddiscovery.locators.NeoForgeDevProvider from loader-6.0.11.jar
[22Jun2025 13:15:09.004] [main/DEBUG] [net.neoforged.fml.util.ServiceLoaderUtil/CORE]: 	       0 - net.neoforged.fml.loading.moddiscovery.locators.ModsFolderLocator from loader-6.0.11.jar
[22Jun2025 13:15:09.005] [main/DEBUG] [net.neoforged.fml.util.ServiceLoaderUtil/CORE]: 	       0 - net.neoforged.fml.loading.moddiscovery.locators.MavenDirectoryLocator from loader-6.0.11.jar
[22Jun2025 13:15:09.006] [main/DEBUG] [net.neoforged.fml.util.ServiceLoaderUtil/CORE]: 	   -1000 - [built-in] net.neoforged.fml.loading.moddiscovery.locators.UserdevLocator from loader-6.0.11.jar
[22Jun2025 13:15:09.013] [main/DEBUG] [net.neoforged.fml.util.ServiceLoaderUtil/CORE]: Found 2 implementations of IModFileReader:
[22Jun2025 13:15:09.014] [main/DEBUG] [net.neoforged.fml.util.ServiceLoaderUtil/CORE]: 	       0 - net.neoforged.fml.loading.moddiscovery.readers.JarModsDotTomlModFileReader from loader-6.0.11.jar
[22Jun2025 13:15:09.015] [main/DEBUG] [net.neoforged.fml.util.ServiceLoaderUtil/CORE]: 	   -1000 - net.neoforged.fml.loading.moddiscovery.readers.NestedLibraryModReader from loader-6.0.11.jar
[22Jun2025 13:15:09.018] [main/DEBUG] [net.neoforged.fml.util.ServiceLoaderUtil/CORE]: Found 1 implementations of IDependencyLocator:
[22Jun2025 13:15:09.018] [main/DEBUG] [net.neoforged.fml.util.ServiceLoaderUtil/CORE]: 	       0 - net.neoforged.fml.loading.moddiscovery.locators.JarInJarDependencyLocator from loader-6.0.11.jar
[22Jun2025 13:15:09.021] [pool-2-thread-1/INFO] [EARLYDISPLAY/]: GL info: NVIDIA GeForce RTX 4060/PCIe/SSE2 GL version 4.6.0 NVIDIA 550.144.03, NVIDIA Corporation
[22Jun2025 13:15:09.119] [main/DEBUG] [net.neoforged.fml.loading.moddiscovery.ModFileInfo/LOADING]: Found valid mod file neoforge-21.4.123.jar with {minecraft} mods - versions {1.21.4}
[22Jun2025 13:15:09.144] [main/DEBUG] [net.neoforged.fml.loading.moddiscovery.ModFileParser/LOADING]: Considering mod file candidate /home/jacob/MCreatorWorkspaces/Charken/build/moddev/artifacts/neoforge-21.4.123.jar
[22Jun2025 13:15:09.172] [main/DEBUG] [net.neoforged.fml.loading.moddiscovery.ModFileInfo/LOADING]: Found valid mod file neoforge-21.4.123.jar with {neoforge} mods - versions {21.4.123}
[22Jun2025 13:15:09.175] [main/DEBUG] [net.neoforged.fml.loading.moddiscovery.ModFileParser/LOADING]: Considering mod file candidate /home/jacob/MCreatorWorkspaces/Charken/run/mods/reeses-sodium-options-neoforge-1.8.3+mc1.21.4.jar
[22Jun2025 13:15:09.185] [main/DEBUG] [net.neoforged.fml.loading.moddiscovery.ModFileInfo/LOADING]: Found valid mod file reeses-sodium-options-neoforge-1.8.3+mc1.21.4.jar with {reeses_sodium_options} mods - versions {1.8.3+mc1.21.4}
[22Jun2025 13:15:09.187] [main/DEBUG] [net.neoforged.fml.loading.moddiscovery.ModFileParser/LOADING]: Considering mod file candidate /home/jacob/MCreatorWorkspaces/Charken/run/mods/sodium-extra-neoforge-0.6.1+mc1.21.4.jar
[22Jun2025 13:15:09.192] [main/DEBUG] [net.neoforged.fml.loading.moddiscovery.ModFileInfo/LOADING]: Found valid mod file sodium-extra-neoforge-0.6.1+mc1.21.4.jar with {sodium_extra} mods - versions {0.6.1+mc1.21.4}
[22Jun2025 13:15:09.196] [main/DEBUG] [net.neoforged.fml.loading.moddiscovery.ModFileParser/LOADING]: Considering mod file candidate /home/jacob/MCreatorWorkspaces/Charken/run/mods/sodium-neoforge-0.6.10+mc1.21.4.jar
[22Jun2025 13:15:09.201] [main/DEBUG] [net.neoforged.fml.loading.moddiscovery.ModFileInfo/LOADING]: Found valid mod file sodium-neoforge-0.6.10+mc1.21.4.jar with {sodium} mods - versions {0.6.10+mc1.21.4}
[22Jun2025 13:15:09.217] [main/DEBUG] [net.neoforged.fml.loading.moddiscovery.ModListHandler/CORE]: Found mod coordinates from lists: []
[22Jun2025 13:15:09.219] [main/DEBUG] [net.neoforged.fml.loading.moddiscovery.ModFileParser/LOADING]: Considering mod file candidate /home/jacob/MCreatorWorkspaces/Charken/build/classes/java/main
[22Jun2025 13:15:09.222] [main/DEBUG] [net.neoforged.fml.loading.moddiscovery.ModFileInfo/LOADING]: Found valid mod file main with {charken} mods - versions {1.6.2}
[22Jun2025 13:15:09.234] [main/DEBUG] [net.neoforged.fml.loading.moddiscovery.ModFileParser/LOADING]: Considering mod file candidate /home/jacob/MCreatorWorkspaces/Charken/build/moddev/artifacts/neoforge-21.4.123.jar
[22Jun2025 13:15:09.236] [main/DEBUG] [net.neoforged.fml.loading.moddiscovery.ModFileInfo/LOADING]: Found valid mod file neoforge-21.4.123.jar with {neoforge} mods - versions {21.4.123}
[22Jun2025 13:15:09.241] [main/DEBUG] [net.neoforged.fml.loading.moddiscovery.ModDiscoverer/]: Skipping /home/jacob/.mcreator/gradle/caches/modules-2/files-2.1/net.neoforged.fancymodloader/earlydisplay/6.0.11/caa7da96be4843d6399d44704dff98fe4e7c93ec/earlydisplay-6.0.11.jar because it was already located earlier
[22Jun2025 13:15:09.241] [main/DEBUG] [net.neoforged.fml.loading.moddiscovery.ModDiscoverer/]: Skipping /home/jacob/.mcreator/gradle/caches/modules-2/files-2.1/net.neoforged.fancymodloader/loader/6.0.11/3ea5476a836130ec300ac20107b661a57f9ec71a/loader-6.0.11.jar because it was already located earlier
[22Jun2025 13:15:09.241] [main/DEBUG] [net.neoforged.fml.loading.moddiscovery.ModDiscoverer/]: Skipping /home/jacob/.mcreator/gradle/caches/modules-2/files-2.1/net.neoforged.accesstransformers/at-modlauncher/11.0.1/c3bab0ab738f57325df7be7d7cb71868b775cffc/at-modlauncher-11.0.1.jar because it was already located earlier
[22Jun2025 13:15:09.241] [main/DEBUG] [net.neoforged.fml.loading.moddiscovery.ModDiscoverer/]: Skipping /home/jacob/.mcreator/gradle/caches/modules-2/files-2.1/net.neoforged/accesstransformers/11.0.1/41c41b1cd9800f0fea16c89a5e21f83d34bd9b87/accesstransformers-11.0.1.jar because it was already located earlier
[22Jun2025 13:15:09.241] [main/DEBUG] [net.neoforged.fml.loading.moddiscovery.ModDiscoverer/]: Skipping /home/jacob/.mcreator/gradle/caches/modules-2/files-2.1/net.neoforged/bus/8.0.2/163c9ef7c4bcca6d850c34e95261b606af91fe06/bus-8.0.2.jar because it was already located earlier
[22Jun2025 13:15:09.241] [main/DEBUG] [net.neoforged.fml.loading.moddiscovery.ModDiscoverer/]: Skipping /home/jacob/.mcreator/gradle/caches/modules-2/files-2.1/net.neoforged/coremods/7.0.3/9147e6f638b4272b3bd5fc8f92ad37802512c6c/coremods-7.0.3.jar because it was already located earlier
[22Jun2025 13:15:09.241] [main/DEBUG] [net.neoforged.fml.loading.moddiscovery.ModDiscoverer/]: Skipping /home/jacob/.mcreator/gradle/caches/modules-2/files-2.1/cpw.mods/modlauncher/11.0.4/6619d4812a3c092310d521ebc4c9503727563df7/modlauncher-11.0.4.jar because it was already located earlier
[22Jun2025 13:15:09.242] [main/DEBUG] [net.neoforged.fml.loading.moddiscovery.ModDiscoverer/]: Skipping /home/jacob/.mcreator/gradle/caches/modules-2/files-2.1/net.neoforged/mergetool/2.0.0/52fe1949be64e3303aabaaa21e315f551db9c9f4/mergetool-2.0.0-api.jar because it was already located earlier
[22Jun2025 13:15:09.242] [main/DEBUG] [net.neoforged.fml.loading.moddiscovery.ModDiscoverer/]: Skipping /home/jacob/.mcreator/gradle/caches/modules-2/files-2.1/com.electronwill.night-config/toml/3.8.1/fb0731789fc50ddeb3ad43e48ef65008b777b2ec/toml-3.8.1.jar because it was already located earlier
[22Jun2025 13:15:09.242] [main/DEBUG] [net.neoforged.fml.loading.moddiscovery.ModDiscoverer/]: Skipping /home/jacob/.mcreator/gradle/caches/modules-2/files-2.1/com.electronwill.night-config/core/3.8.1/530d608fc238350f00c815d562f21a5d79939972/core-3.8.1.jar because it was already located earlier
[22Jun2025 13:15:09.242] [main/DEBUG] [net.neoforged.fml.loading.moddiscovery.ModDiscoverer/]: Skipping /home/jacob/.mcreator/gradle/caches/modules-2/files-2.1/net.neoforged/JarJarSelector/0.4.1/fb3cc7a58af22ad2880adb98af6d518128c47dae/JarJarSelector-0.4.1.jar because it was already located earlier
[22Jun2025 13:15:09.242] [main/DEBUG] [net.neoforged.fml.loading.moddiscovery.ModDiscoverer/]: Skipping /home/jacob/.mcreator/gradle/caches/modules-2/files-2.1/net.neoforged/JarJarMetadata/0.4.1/f8da03683dc81694556dc3e177c5e3bb77ae6fcb/JarJarMetadata-0.4.1.jar because it was already located earlier
[22Jun2025 13:15:09.242] [main/DEBUG] [net.neoforged.fml.loading.moddiscovery.ModDiscoverer/]: Skipping /home/jacob/.mcreator/gradle/caches/modules-2/files-2.1/org.apache.maven/maven-artifact/3.9.9/a130ec431ef32e12a4424f9b074735bb58e15d2d/maven-artifact-3.9.9.jar because it was already located earlier
[22Jun2025 13:15:09.242] [main/DEBUG] [net.neoforged.fml.loading.moddiscovery.ModDiscoverer/]: Skipping /home/jacob/.mcreator/gradle/caches/modules-2/files-2.1/net.jodah/typetools/0.6.3/a01aaa6ddaea9ec07ec4f209487b7a46a526283a/typetools-0.6.3.jar because it was already located earlier
[22Jun2025 13:15:09.242] [main/DEBUG] [net.neoforged.fml.loading.moddiscovery.ModDiscoverer/]: Skipping /home/jacob/.mcreator/gradle/caches/modules-2/files-2.1/net.minecrell/terminalconsoleappender/1.3.0/b562e9bb61235c9520e26282cdee71f8f802d1fc/terminalconsoleappender-1.3.0.jar because it was already located earlier
[22Jun2025 13:15:09.242] [main/DEBUG] [net.neoforged.fml.loading.moddiscovery.ModDiscoverer/]: Skipping /home/jacob/.mcreator/gradle/caches/modules-2/files-2.1/net.fabricmc/sponge-mixin/0.15.2+mixin.0.8.7/2af2f021d8e02a0220dc27a7a72b4666d66d44ca/sponge-mixin-0.15.2+mixin.0.8.7.jar because it was already located earlier
[22Jun2025 13:15:09.242] [main/DEBUG] [net.neoforged.fml.loading.moddiscovery.ModDiscoverer/]: Skipping /home/jacob/.mcreator/gradle/caches/modules-2/files-2.1/org.openjdk.nashorn/nashorn-core/15.4/f67f5ffaa5f5130cf6fb9b133da00c7df3b532a5/nashorn-core-15.4.jar because it was already located earlier
[22Jun2025 13:15:09.243] [main/DEBUG] [net.neoforged.fml.loading.moddiscovery.ModDiscoverer/]: Skipping /home/jacob/.mcreator/gradle/caches/modules-2/files-2.1/net.sf.jopt-simple/jopt-simple/5.0.4/4fdac2fbe92dfad86aa6e9301736f6b4342a3f5c/jopt-simple-5.0.4.jar because it was already located earlier
[22Jun2025 13:15:09.243] [main/DEBUG] [net.neoforged.fml.loading.moddiscovery.ModDiscoverer/]: Skipping /home/jacob/.mcreator/gradle/caches/modules-2/files-2.1/commons-io/commons-io/2.17.0/ddcc8433eb019fb48fe25207c0278143f3e1d7e2/commons-io-2.17.0.jar because it was already located earlier
[22Jun2025 13:15:09.243] [main/DEBUG] [net.neoforged.fml.loading.moddiscovery.ModDiscoverer/]: Skipping /home/jacob/.mcreator/gradle/caches/modules-2/files-2.1/com.mojang/logging/1.5.10/9ab1202793717af9df9c1704d0a02892067001eb/logging-1.5.10.jar because it was already located earlier
[22Jun2025 13:15:09.243] [main/DEBUG] [net.neoforged.fml.loading.moddiscovery.ModDiscoverer/]: Skipping /home/jacob/.mcreator/gradle/caches/modules-2/files-2.1/org.apache.logging.log4j/log4j-slf4j2-impl/2.24.1/8e3ddc96464ef7f768823e7e001a52b23de8cd0a/log4j-slf4j2-impl-2.24.1.jar because it was already located earlier
[22Jun2025 13:15:09.243] [main/DEBUG] [net.neoforged.fml.loading.moddiscovery.ModDiscoverer/]: Skipping /home/jacob/.mcreator/gradle/caches/modules-2/files-2.1/org.apache.logging.log4j/log4j-core/2.24.1/c85285146f28d8c8962384f786e2dff04172fb43/log4j-core-2.24.1.jar because it was already located earlier
[22Jun2025 13:15:09.243] [main/DEBUG] [net.neoforged.fml.loading.moddiscovery.ModDiscoverer/]: Skipping /home/jacob/.mcreator/gradle/caches/modules-2/files-2.1/org.apache.logging.log4j/log4j-api/2.24.1/7ebeb12c20606373005af4232cd0ecca72613dda/log4j-api-2.24.1.jar because it was already located earlier
[22Jun2025 13:15:09.243] [main/DEBUG] [net.neoforged.fml.loading.moddiscovery.ModDiscoverer/]: Skipping /home/jacob/.mcreator/gradle/caches/modules-2/files-2.1/com.google.guava/guava/33.3.1-jre/852f8b363da0111e819460021ca693cacca3e8db/guava-33.3.1-jre.jar because it was already located earlier
[22Jun2025 13:15:09.243] [main/DEBUG] [net.neoforged.fml.loading.moddiscovery.ModDiscoverer/]: Skipping /home/jacob/.mcreator/gradle/caches/modules-2/files-2.1/com.google.code.gson/gson/2.11.0/527175ca6d81050b53bdd4c457a6d6e017626b0e/gson-2.11.0.jar because it was already located earlier
[22Jun2025 13:15:09.243] [main/DEBUG] [net.neoforged.fml.loading.moddiscovery.ModDiscoverer/]: Skipping /home/jacob/.mcreator/gradle/caches/modules-2/files-2.1/org.apache.commons/commons-lang3/3.17.0/b17d2136f0460dcc0d2016ceefca8723bdf4ee70/commons-lang3-3.17.0.jar because it was already located earlier
[22Jun2025 13:15:09.243] [main/DEBUG] [net.neoforged.fml.loading.moddiscovery.ModDiscoverer/]: Skipping /home/jacob/.mcreator/gradle/caches/modules-2/files-2.1/net.neoforged.accesstransformers/at-parser/11.0.1/124789359511c100a88ab0ba90adc80a8fd7db36/at-parser-11.0.1.jar because it was already located earlier
[22Jun2025 13:15:09.244] [main/DEBUG] [net.neoforged.fml.loading.moddiscovery.ModDiscoverer/]: Skipping /home/jacob/.mcreator/gradle/caches/modules-2/files-2.1/org.slf4j/slf4j-api/2.0.16/172931663a09a1fa515567af5fbef00897d3c04/slf4j-api-2.0.16.jar because it was already located earlier
[22Jun2025 13:15:09.244] [main/DEBUG] [net.neoforged.fml.loading.moddiscovery.ModDiscoverer/]: Skipping /home/jacob/.mcreator/gradle/caches/modules-2/files-2.1/net.minecraftforge/srgutils/0.4.15/ca408b131759478f164e010fae0d73997e125fb5/srgutils-0.4.15.jar because it was already located earlier
[22Jun2025 13:15:09.244] [main/DEBUG] [net.neoforged.fml.loading.moddiscovery.ModDiscoverer/]: Skipping /home/jacob/.mcreator/gradle/caches/modules-2/files-2.1/org.codehaus.plexus/plexus-utils/3.5.1/c6bfb17c97ecc8863e88778ea301be742c62b06d/plexus-utils-3.5.1.jar because it was already located earlier
[22Jun2025 13:15:09.244] [main/DEBUG] [net.neoforged.fml.loading.moddiscovery.ModDiscoverer/]: Skipping /home/jacob/.mcreator/gradle/caches/modules-2/files-2.1/org.jline/jline-reader/3.20.0/8f15415b022a25b473e8e16c28ae913186ffb9c4/jline-reader-3.20.0.jar because it was already located earlier
[22Jun2025 13:15:09.244] [main/DEBUG] [net.neoforged.fml.loading.moddiscovery.ModDiscoverer/]: Skipping /home/jacob/.mcreator/gradle/caches/modules-2/files-2.1/com.machinezoo.noexception/noexception/1.7.1/b65330c98e38a1f915fa54a6e5eca496505e3f0a/noexception-1.7.1.jar because it was already located earlier
[22Jun2025 13:15:09.244] [main/DEBUG] [net.neoforged.fml.loading.moddiscovery.ModDiscoverer/]: Skipping /home/jacob/.mcreator/gradle/caches/modules-2/files-2.1/com.fasterxml.jackson.core/jackson-annotations/2.13.4/858c6cc78e1f08a885b1613e1d817c829df70a6e/jackson-annotations-2.13.4.jar because it was already located earlier
[22Jun2025 13:15:09.244] [main/DEBUG] [net.neoforged.fml.loading.moddiscovery.ModDiscoverer/]: Skipping /home/jacob/.mcreator/gradle/caches/modules-2/files-2.1/com.fasterxml.jackson.core/jackson-core/2.13.4/cf934c681294b97ef6d80082faeefbe1edadf56/jackson-core-2.13.4.jar because it was already located earlier
[22Jun2025 13:15:09.244] [main/DEBUG] [net.neoforged.fml.loading.moddiscovery.ModDiscoverer/]: Skipping /home/jacob/.mcreator/gradle/caches/modules-2/files-2.1/com.fasterxml.jackson.core/jackson-databind/2.13.4.2/325c06bdfeb628cfb80ebaaf1a26cc1eb558a585/jackson-databind-2.13.4.2.jar because it was already located earlier
[22Jun2025 13:15:09.244] [main/DEBUG] [net.neoforged.fml.loading.moddiscovery.ModDiscoverer/]: Skipping /home/jacob/.mcreator/gradle/caches/modules-2/files-2.1/com.github.oshi/oshi-core/6.6.5/e1099981fd15dc4236c4499d82aba1276fb43a9a/oshi-core-6.6.5.jar because it was already located earlier
[22Jun2025 13:15:09.245] [main/DEBUG] [net.neoforged.fml.loading.moddiscovery.ModDiscoverer/]: Skipping /home/jacob/.mcreator/gradle/caches/modules-2/files-2.1/com.github.stephenc.jcip/jcip-annotations/1.0-1/ef31541dd28ae2cefdd17c7ebf352d93e9058c63/jcip-annotations-1.0-1.jar because it was already located earlier
[22Jun2025 13:15:09.245] [main/DEBUG] [net.neoforged.fml.loading.moddiscovery.ModDiscoverer/]: Skipping /home/jacob/.mcreator/gradle/caches/modules-2/files-2.1/com.google.guava/failureaccess/1.0.2/c4a06a64e650562f30b7bf9aaec1bfed43aca12b/failureaccess-1.0.2.jar because it was already located earlier
[22Jun2025 13:15:09.245] [main/DEBUG] [net.neoforged.fml.loading.moddiscovery.ModDiscoverer/]: Skipping /home/jacob/.mcreator/gradle/caches/modules-2/files-2.1/com.ibm.icu/icu4j/76.1/215f3a8e936d4069344bd75f2b1368fd58112894/icu4j-76.1.jar because it was already located earlier
[22Jun2025 13:15:09.245] [main/DEBUG] [net.neoforged.fml.loading.moddiscovery.ModDiscoverer/]: Skipping /home/jacob/.mcreator/gradle/caches/modules-2/files-2.1/com.microsoft.azure/msal4j/1.17.2/a6211e3d71d0388929babaa0ff0951b30d001852/msal4j-1.17.2.jar because it was already located earlier
[22Jun2025 13:15:09.245] [main/DEBUG] [net.neoforged.fml.loading.moddiscovery.ModDiscoverer/]: Skipping /home/jacob/.mcreator/gradle/caches/modules-2/files-2.1/com.mojang/authlib/6.0.57/bded3161a7346de32213da750388ec6529fe4f6b/authlib-6.0.57.jar because it was already located earlier
[22Jun2025 13:15:09.245] [main/DEBUG] [net.neoforged.fml.loading.moddiscovery.ModDiscoverer/]: Skipping /home/jacob/.mcreator/gradle/caches/modules-2/files-2.1/com.mojang/blocklist/1.0.10/5c685c5ffa94c4cd39496c7184c1d122e515ecef/blocklist-1.0.10.jar because it was already located earlier
[22Jun2025 13:15:09.246] [main/DEBUG] [net.neoforged.fml.loading.moddiscovery.ModDiscoverer/]: Skipping /home/jacob/.mcreator/gradle/caches/modules-2/files-2.1/com.mojang/brigadier/1.3.10/d15b53a14cf20fdcaa98f731af5dda654452c010/brigadier-1.3.10.jar because it was already located earlier
[22Jun2025 13:15:09.246] [main/DEBUG] [net.neoforged.fml.loading.moddiscovery.ModDiscoverer/]: Skipping /home/jacob/.mcreator/gradle/caches/modules-2/files-2.1/com.mojang/datafixerupper/8.0.16/67d4de6d7f95d89bcf5862995fb854ebaec02a34/datafixerupper-8.0.16.jar because it was already located earlier
[22Jun2025 13:15:09.246] [main/DEBUG] [net.neoforged.fml.loading.moddiscovery.ModDiscoverer/]: Skipping /home/jacob/.mcreator/gradle/caches/modules-2/files-2.1/com.mojang/jtracy/1.0.29/6f07dcb6a2e595c7ee2ca43b67e5d1c018ca0770/jtracy-1.0.29.jar because it was already located earlier
[22Jun2025 13:15:09.246] [main/DEBUG] [net.neoforged.fml.loading.moddiscovery.ModDiscoverer/]: Skipping /home/jacob/.mcreator/gradle/caches/modules-2/files-2.1/com.mojang/jtracy/1.0.29/f43b6fa5cd0ecf8e6a33bc30a24b117cd0ebbfa1/jtracy-1.0.29-natives-linux.jar because it was already located earlier
[22Jun2025 13:15:09.246] [main/DEBUG] [net.neoforged.fml.loading.moddiscovery.ModDiscoverer/]: Skipping /home/jacob/.mcreator/gradle/caches/modules-2/files-2.1/com.mojang/patchy/2.2.10/da05971b07cbb379d002cf7eaec6a2048211fefc/patchy-2.2.10.jar because it was already located earlier
[22Jun2025 13:15:09.246] [main/DEBUG] [net.neoforged.fml.loading.moddiscovery.ModDiscoverer/]: Skipping /home/jacob/.mcreator/gradle/caches/modules-2/files-2.1/com.mojang/text2speech/1.17.9/3cad216e3a7f0c19b4b394388bc9ffc446f13b14/text2speech-1.17.9.jar because it was already located earlier
[22Jun2025 13:15:09.247] [main/DEBUG] [net.neoforged.fml.loading.moddiscovery.ModDiscoverer/]: Skipping /home/jacob/.mcreator/gradle/caches/modules-2/files-2.1/com.nimbusds/content-type/2.3/e3aa0be212d7a42839a8f3f506f5b990bcce0222/content-type-2.3.jar because it was already located earlier
[22Jun2025 13:15:09.247] [main/DEBUG] [net.neoforged.fml.loading.moddiscovery.ModDiscoverer/]: Skipping /home/jacob/.mcreator/gradle/caches/modules-2/files-2.1/com.nimbusds/lang-tag/1.7/97c73ecd70bc7e8eefb26c5eea84f251a63f1031/lang-tag-1.7.jar because it was already located earlier
[22Jun2025 13:15:09.247] [main/DEBUG] [net.neoforged.fml.loading.moddiscovery.ModDiscoverer/]: Skipping /home/jacob/.mcreator/gradle/caches/modules-2/files-2.1/com.nimbusds/nimbus-jose-jwt/9.40/42b1dfa0360e4062951b070bac52dd8d96fd7b38/nimbus-jose-jwt-9.40.jar because it was already located earlier
[22Jun2025 13:15:09.247] [main/DEBUG] [net.neoforged.fml.loading.moddiscovery.ModDiscoverer/]: Skipping /home/jacob/.mcreator/gradle/caches/modules-2/files-2.1/com.nimbusds/oauth2-oidc-sdk/11.18/7c7ec4f4066625ff07a711ad856fa04da1ff9de/oauth2-oidc-sdk-11.18.jar because it was already located earlier
[22Jun2025 13:15:09.247] [main/DEBUG] [net.neoforged.fml.loading.moddiscovery.ModDiscoverer/]: Skipping /home/jacob/.mcreator/gradle/caches/modules-2/files-2.1/commons-codec/commons-codec/1.17.1/973638b7149d333563584137ebf13a691bb60579/commons-codec-1.17.1.jar because it was already located earlier
[22Jun2025 13:15:09.247] [main/DEBUG] [net.neoforged.fml.loading.moddiscovery.ModDiscoverer/]: Skipping /home/jacob/.mcreator/gradle/caches/modules-2/files-2.1/commons-logging/commons-logging/1.3.4/b9fc14968d63a8b8a8a2c1885fe3e90564239708/commons-logging-1.3.4.jar because it was already located earlier
[22Jun2025 13:15:09.247] [main/DEBUG] [net.neoforged.fml.loading.moddiscovery.ModDiscoverer/]: Skipping /home/jacob/.mcreator/gradle/caches/modules-2/files-2.1/io.netty/netty-buffer/4.1.115.Final/d5daf1030e5c36d198caf7562da2441a97ec0df6/netty-buffer-4.1.115.Final.jar because it was already located earlier
[22Jun2025 13:15:09.247] [main/DEBUG] [net.neoforged.fml.loading.moddiscovery.ModDiscoverer/]: Skipping /home/jacob/.mcreator/gradle/caches/modules-2/files-2.1/io.netty/netty-codec/4.1.115.Final/d326bf3a4c785b272da3db6941779a1bd5448378/netty-codec-4.1.115.Final.jar because it was already located earlier
[22Jun2025 13:15:09.248] [main/DEBUG] [net.neoforged.fml.loading.moddiscovery.ModDiscoverer/]: Skipping /home/jacob/.mcreator/gradle/caches/modules-2/files-2.1/io.netty/netty-common/4.1.115.Final/9da10a9f72e3f87e181d91b525174007a6fc4f11/netty-common-4.1.115.Final.jar because it was already located earlier
[22Jun2025 13:15:09.248] [main/DEBUG] [net.neoforged.fml.loading.moddiscovery.ModDiscoverer/]: Skipping /home/jacob/.mcreator/gradle/caches/modules-2/files-2.1/io.netty/netty-handler/4.1.115.Final/d54dbf68b9d88a98240107758c6b63da5e46e23a/netty-handler-4.1.115.Final.jar because it was already located earlier
[22Jun2025 13:15:09.248] [main/DEBUG] [net.neoforged.fml.loading.moddiscovery.ModDiscoverer/]: Skipping /home/jacob/.mcreator/gradle/caches/modules-2/files-2.1/io.netty/netty-resolver/4.1.115.Final/e33b4d476c03975957f5d8d0319d592bf2bc5e96/netty-resolver-4.1.115.Final.jar because it was already located earlier
[22Jun2025 13:15:09.248] [main/DEBUG] [net.neoforged.fml.loading.moddiscovery.ModDiscoverer/]: Skipping /home/jacob/.mcreator/gradle/caches/modules-2/files-2.1/io.netty/netty-transport-classes-epoll/4.1.115.Final/11fea00408ecbd8b8d1f0698d708e37db4a01841/netty-transport-classes-epoll-4.1.115.Final.jar because it was already located earlier
[22Jun2025 13:15:09.248] [main/DEBUG] [net.neoforged.fml.loading.moddiscovery.ModDiscoverer/]: Skipping /home/jacob/.mcreator/gradle/caches/modules-2/files-2.1/io.netty/netty-transport-native-unix-common/4.1.115.Final/dc96c67d06cd6b5eb677f2728f27bf2e3d9a7284/netty-transport-native-unix-common-4.1.115.Final.jar because it was already located earlier
[22Jun2025 13:15:09.248] [main/DEBUG] [net.neoforged.fml.loading.moddiscovery.ModDiscoverer/]: Skipping /home/jacob/.mcreator/gradle/caches/modules-2/files-2.1/io.netty/netty-transport/4.1.115.Final/39cef77c1a25908ac1abf4960c2e789f0bf70ff9/netty-transport-4.1.115.Final.jar because it was already located earlier
[22Jun2025 13:15:09.248] [main/DEBUG] [net.neoforged.fml.loading.moddiscovery.ModDiscoverer/]: Skipping /home/jacob/.mcreator/gradle/caches/modules-2/files-2.1/it.unimi.dsi/fastutil/8.5.15/1e885b40c9563ab0d3899b871fd0b30e958705dc/fastutil-8.5.15.jar because it was already located earlier
[22Jun2025 13:15:09.248] [main/DEBUG] [net.neoforged.fml.loading.moddiscovery.ModDiscoverer/]: Skipping /home/jacob/.mcreator/gradle/caches/modules-2/files-2.1/net.java.dev.jna/jna-platform/5.15.0/86b502cad57d45da172b5e3231c537b042e296ef/jna-platform-5.15.0.jar because it was already located earlier
[22Jun2025 13:15:09.249] [main/DEBUG] [net.neoforged.fml.loading.moddiscovery.ModDiscoverer/]: Skipping /home/jacob/.mcreator/gradle/caches/modules-2/files-2.1/net.java.dev.jna/jna/5.15.0/1ee1d80ff44f08280188f7c0e740d57207841ac/jna-5.15.0.jar because it was already located earlier
[22Jun2025 13:15:09.249] [main/DEBUG] [net.neoforged.fml.loading.moddiscovery.ModDiscoverer/]: Skipping /home/jacob/.mcreator/gradle/caches/modules-2/files-2.1/net.minidev/accessors-smart/2.5.1/19b820261eb2e7de7d5bde11d1c06e4501dd7e5f/accessors-smart-2.5.1.jar because it was already located earlier
[22Jun2025 13:15:09.249] [main/DEBUG] [net.neoforged.fml.loading.moddiscovery.ModDiscoverer/]: Skipping /home/jacob/.mcreator/gradle/caches/modules-2/files-2.1/net.minidev/json-smart/2.5.1/4c11d2808d009132dfbbf947ebf37de6bf266c8e/json-smart-2.5.1.jar because it was already located earlier
[22Jun2025 13:15:09.249] [main/DEBUG] [net.neoforged.fml.loading.moddiscovery.ModDiscoverer/]: Skipping /home/jacob/.mcreator/gradle/caches/modules-2/files-2.1/org.apache.commons/commons-compress/1.27.1/a19151084758e2fbb6b41eddaa88e7b8ff4e6599/commons-compress-1.27.1.jar because it was already located earlier
[22Jun2025 13:15:09.249] [main/DEBUG] [net.neoforged.fml.loading.moddiscovery.ModDiscoverer/]: Skipping /home/jacob/.mcreator/gradle/caches/modules-2/files-2.1/org.apache.httpcomponents/httpclient/4.5.14/1194890e6f56ec29177673f2f12d0b8e627dec98/httpclient-4.5.14.jar because it was already located earlier
[22Jun2025 13:15:09.249] [main/DEBUG] [net.neoforged.fml.loading.moddiscovery.ModDiscoverer/]: Skipping /home/jacob/.mcreator/gradle/caches/modules-2/files-2.1/org.apache.httpcomponents/httpcore/4.4.16/51cf043c87253c9f58b539c9f7e44c8894223850/httpcore-4.4.16.jar because it was already located earlier
[22Jun2025 13:15:09.250] [main/DEBUG] [net.neoforged.fml.loading.moddiscovery.ModDiscoverer/]: Skipping /home/jacob/.mcreator/gradle/caches/modules-2/files-2.1/org.jcraft/jorbis/0.0.17/8872d22b293e8f5d7d56ff92be966e6dc28ebdc6/jorbis-0.0.17.jar because it was already located earlier
[22Jun2025 13:15:09.250] [main/DEBUG] [net.neoforged.fml.loading.moddiscovery.ModDiscoverer/]: Skipping /home/jacob/.mcreator/gradle/caches/modules-2/files-2.1/org.joml/joml/1.10.8/fc0a71dad90a2cf41d82a76156a0e700af8e4f8d/joml-1.10.8.jar because it was already located earlier
[22Jun2025 13:15:09.250] [main/DEBUG] [net.neoforged.fml.loading.moddiscovery.ModDiscoverer/]: Skipping /home/jacob/.mcreator/gradle/caches/modules-2/files-2.1/org.lwjgl/lwjgl-freetype/3.3.3/a0db6c84a8becc8ca05f9dbfa985edc348a824c7/lwjgl-freetype-3.3.3.jar because it was already located earlier
[22Jun2025 13:15:09.250] [main/DEBUG] [net.neoforged.fml.loading.moddiscovery.ModDiscoverer/]: Skipping /home/jacob/.mcreator/gradle/caches/modules-2/files-2.1/org.lwjgl/lwjgl-freetype/3.3.3/149070a5480900347071b7074779531f25a6e3dc/lwjgl-freetype-3.3.3-natives-linux.jar because it was already located earlier
[22Jun2025 13:15:09.250] [main/DEBUG] [net.neoforged.fml.loading.moddiscovery.ModDiscoverer/]: Skipping /home/jacob/.mcreator/gradle/caches/modules-2/files-2.1/org.lwjgl/lwjgl-glfw/3.3.3/efa1eb78c5ccd840e9f329717109b5e892d72f8e/lwjgl-glfw-3.3.3.jar because it was already located earlier
[22Jun2025 13:15:09.250] [main/DEBUG] [net.neoforged.fml.loading.moddiscovery.ModDiscoverer/]: Skipping /home/jacob/.mcreator/gradle/caches/modules-2/files-2.1/org.lwjgl/lwjgl-glfw/3.3.3/a03684c5e4b1b1dbbe0d29dbbdc27b985b6840f2/lwjgl-glfw-3.3.3-natives-linux.jar because it was already located earlier
[22Jun2025 13:15:09.250] [main/DEBUG] [net.neoforged.fml.loading.moddiscovery.ModDiscoverer/]: Skipping /home/jacob/.mcreator/gradle/caches/modules-2/files-2.1/org.lwjgl/lwjgl-jemalloc/3.3.3/b543467b7ff3c6920539a88ee602d34098628be5/lwjgl-jemalloc-3.3.3.jar because it was already located earlier
[22Jun2025 13:15:09.250] [main/DEBUG] [net.neoforged.fml.loading.moddiscovery.ModDiscoverer/]: Skipping /home/jacob/.mcreator/gradle/caches/modules-2/files-2.1/org.lwjgl/lwjgl-jemalloc/3.3.3/4f86728bf449b1dd61251c4e0ac01df1389cb51e/lwjgl-jemalloc-3.3.3-natives-linux.jar because it was already located earlier
[22Jun2025 13:15:09.251] [main/DEBUG] [net.neoforged.fml.loading.moddiscovery.ModDiscoverer/]: Skipping /home/jacob/.mcreator/gradle/caches/modules-2/files-2.1/org.lwjgl/lwjgl-openal/3.3.3/daada81ceb5fc0c291fbfdd4433cb8d9423577f2/lwjgl-openal-3.3.3.jar because it was already located earlier
[22Jun2025 13:15:09.252] [main/DEBUG] [net.neoforged.fml.loading.moddiscovery.ModDiscoverer/]: Skipping /home/jacob/.mcreator/gradle/caches/modules-2/files-2.1/org.lwjgl/lwjgl-openal/3.3.3/3037360cc4595079bea240af250b6d1a527e0905/lwjgl-openal-3.3.3-natives-linux.jar because it was already located earlier
[22Jun2025 13:15:09.252] [main/DEBUG] [net.neoforged.fml.loading.moddiscovery.ModDiscoverer/]: Skipping /home/jacob/.mcreator/gradle/caches/modules-2/files-2.1/org.lwjgl/lwjgl-opengl/3.3.3/2f6b0147078396a58979125a4c947664e98293a/lwjgl-opengl-3.3.3.jar because it was already located earlier
[22Jun2025 13:15:09.252] [main/DEBUG] [net.neoforged.fml.loading.moddiscovery.ModDiscoverer/]: Skipping /home/jacob/.mcreator/gradle/caches/modules-2/files-2.1/org.lwjgl/lwjgl-opengl/3.3.3/62c70a4b00ca5391882b0f4b787c1588d24f1c86/lwjgl-opengl-3.3.3-natives-linux.jar because it was already located earlier
[22Jun2025 13:15:09.252] [main/DEBUG] [net.neoforged.fml.loading.moddiscovery.ModDiscoverer/]: Skipping /home/jacob/.mcreator/gradle/caches/modules-2/files-2.1/org.lwjgl/lwjgl-stb/3.3.3/25dd6161988d7e65f71d5065c99902402ee32746/lwjgl-stb-3.3.3.jar because it was already located earlier
[22Jun2025 13:15:09.252] [main/DEBUG] [net.neoforged.fml.loading.moddiscovery.ModDiscoverer/]: Skipping /home/jacob/.mcreator/gradle/caches/modules-2/files-2.1/org.lwjgl/lwjgl-stb/3.3.3/fd1271ccd9d85eff2fa31f3fd543e02ccfaf5041/lwjgl-stb-3.3.3-natives-linux.jar because it was already located earlier
[22Jun2025 13:15:09.252] [main/DEBUG] [net.neoforged.fml.loading.moddiscovery.ModDiscoverer/]: Skipping /home/jacob/.mcreator/gradle/caches/modules-2/files-2.1/org.lwjgl/lwjgl-tinyfd/3.3.3/82d755ca94b102e9ca77283b9e2dc46d1b15fbe5/lwjgl-tinyfd-3.3.3.jar because it was already located earlier
[22Jun2025 13:15:09.252] [main/DEBUG] [net.neoforged.fml.loading.moddiscovery.ModDiscoverer/]: Skipping /home/jacob/.mcreator/gradle/caches/modules-2/files-2.1/org.lwjgl/lwjgl-tinyfd/3.3.3/d8d58daa0c3e5fd906fee96f5fddbcbc07cc308b/lwjgl-tinyfd-3.3.3-natives-linux.jar because it was already located earlier
[22Jun2025 13:15:09.253] [main/DEBUG] [net.neoforged.fml.loading.moddiscovery.ModDiscoverer/]: Skipping /home/jacob/.mcreator/gradle/caches/modules-2/files-2.1/org.lwjgl/lwjgl/3.3.3/29589b5f87ed335a6c7e7ee6a5775f81f97ecb84/lwjgl-3.3.3.jar because it was already located earlier
[22Jun2025 13:15:09.253] [main/DEBUG] [net.neoforged.fml.loading.moddiscovery.ModDiscoverer/]: Skipping /home/jacob/.mcreator/gradle/caches/modules-2/files-2.1/org.lwjgl/lwjgl/3.3.3/1713758e3660ba66e1e954396fd18126038b33c0/lwjgl-3.3.3-natives-linux.jar because it was already located earlier
[22Jun2025 13:15:09.253] [main/DEBUG] [net.neoforged.fml.loading.moddiscovery.ModDiscoverer/]: Skipping /home/jacob/.mcreator/gradle/caches/modules-2/files-2.1/org.lz4/lz4-java/1.8.0/4b986a99445e49ea5fbf5d149c4b63f6ed6c6780/lz4-java-1.8.0.jar because it was already located earlier
[22Jun2025 13:15:09.253] [main/DEBUG] [net.neoforged.fml.loading.moddiscovery.ModDiscoverer/]: Skipping /home/jacob/.mcreator/gradle/caches/modules-2/files-2.1/org.jline/jline-terminal/3.20.0/d0ddcc708ddf527a3454c941b7b9225cc83a15ff/jline-terminal-3.20.0.jar because it was already located earlier
[22Jun2025 13:15:09.253] [main/DEBUG] [net.neoforged.fml.loading.moddiscovery.ModDiscoverer/]: Skipping /home/jacob/.mcreator/gradle/caches/modules-2/files-2.1/io.netty/netty-transport-native-epoll/4.1.115.Final/a80b32f98ceb4e27958c0ceaf22ddad9ea6c0d4e/netty-transport-native-epoll-4.1.115.Final-linux-aarch_64.jar because it was already located earlier
[22Jun2025 13:15:09.253] [main/DEBUG] [net.neoforged.fml.loading.moddiscovery.ModDiscoverer/]: Skipping /home/jacob/.mcreator/gradle/caches/modules-2/files-2.1/io.netty/netty-transport-native-epoll/4.1.115.Final/a6cc58c4a259bad159cbb06120cea9b3474e86a0/netty-transport-native-epoll-4.1.115.Final-linux-x86_64.jar because it was already located earlier
[22Jun2025 13:15:09.253] [main/DEBUG] [net.neoforged.fml.loading.moddiscovery.ModDiscoverer/]: Skipping /home/jacob/.mcreator/gradle/caches/modules-2/files-2.1/com.google.errorprone/error_prone_annotations/2.28.0/59fc00087ce372de42e394d2c789295dff2d19f0/error_prone_annotations-2.28.0.jar because it was already located earlier
[22Jun2025 13:15:09.253] [main/DEBUG] [net.neoforged.fml.loading.moddiscovery.ModDiscoverer/]: Skipping /home/jacob/.mcreator/gradle/caches/modules-2/files-2.1/com.google.guava/listenablefuture/9999.0-empty-to-avoid-conflict-with-guava/b421526c5f297295adef1c886e5246c39d4ac629/listenablefuture-9999.0-empty-to-avoid-conflict-with-guava.jar because it was already located earlier
[22Jun2025 13:15:09.253] [main/DEBUG] [net.neoforged.fml.loading.moddiscovery.ModDiscoverer/]: Skipping /home/jacob/.mcreator/gradle/caches/modules-2/files-2.1/com.google.code.findbugs/jsr305/3.0.2/25ea2e8b0c338a877313bd4672d3fe056ea78f0d/jsr305-3.0.2.jar because it was already located earlier
[22Jun2025 13:15:09.254] [main/DEBUG] [net.neoforged.fml.loading.moddiscovery.ModDiscoverer/]: Skipping /home/jacob/.mcreator/gradle/caches/modules-2/files-2.1/org.checkerframework/checker-qual/3.43.0/9425eee39e56b116d2b998b7c2cebcbd11a3c98b/checker-qual-3.43.0.jar because it was already located earlier
[22Jun2025 13:15:09.254] [main/DEBUG] [net.neoforged.fml.loading.moddiscovery.ModDiscoverer/]: Skipping /home/jacob/.mcreator/gradle/caches/modules-2/files-2.1/com.google.j2objc/j2objc-annotations/3.0.0/7399e65dd7e9ff3404f4535b2f017093bdb134c7/j2objc-annotations-3.0.0.jar because it was already located earlier
[22Jun2025 13:15:09.258] [main/DEBUG] [net.neoforged.fml.loading.UniqueModListBuilder/]: Found 2 mods for first modid neoforge, selecting most recent based on version data
[22Jun2025 13:15:09.260] [main/DEBUG] [net.neoforged.fml.loading.UniqueModListBuilder/]: Selected file neoforge-21.4.123.jar for modid neoforge with version 21.4.123
[22Jun2025 13:15:09.401] [main/DEBUG] [net.neoforged.fml.loading.moddiscovery.ModFileParser/LOADING]: Considering mod file candidate 
[22Jun2025 13:15:09.411] [main/DEBUG] [net.neoforged.fml.loading.moddiscovery.ModFileInfo/LOADING]: Found valid mod file fabric-api-base-0.4.42+d1308ded19.jar with {fabric_api_base} mods - versions {0.4.42+d1308ded19}
[22Jun2025 13:15:09.418] [main/DEBUG] [net.neoforged.fml.loading.moddiscovery.ModFileParser/LOADING]: Considering mod file candidate 
[22Jun2025 13:15:09.422] [main/DEBUG] [net.neoforged.fml.loading.moddiscovery.ModFileInfo/LOADING]: Found valid mod file fabric-block-view-api-v2-1.0.10+9afaaf8c19.jar with {fabric_block_view_api_v2} mods - versions {1.0.10+9afaaf8c19}
[22Jun2025 13:15:09.424] [main/DEBUG] [net.neoforged.fml.loading.moddiscovery.ModFileParser/LOADING]: Considering mod file candidate 
[22Jun2025 13:15:09.427] [main/DEBUG] [net.neoforged.fml.loading.moddiscovery.ModFileInfo/LOADING]: Found valid mod file fabric-renderer-api-v1-5.0.0+babc52e504.jar with {fabric_renderer_api_v1} mods - versions {5.0.0+babc52e504}
[22Jun2025 13:15:09.428] [main/DEBUG] [net.neoforged.fml.loading.moddiscovery.ModFileParser/LOADING]: Considering mod file candidate 
[22Jun2025 13:15:09.430] [main/DEBUG] [net.neoforged.fml.loading.moddiscovery.ModFileInfo/LOADING]: Found valid mod file fabric-rendering-data-attachment-v1-0.3.48+73761d2e19.jar with {fabric_rendering_data_attachment_v1} mods - versions {0.3.48+73761d2e19}
[22Jun2025 13:15:09.485] [main/DEBUG] [net.neoforged.fml.loading.moddiscovery.ModFileParser/LOADING]: Considering mod file candidate 
[22Jun2025 13:15:09.487] [main/DEBUG] [net.neoforged.fml.loading.moddiscovery.ModFileInfo/LOADING]: Found valid mod file fabric-api-base-0.4.42+d1308ded19.jar with {fabric_api_base} mods - versions {0.4.42+d1308ded19}
[22Jun2025 13:15:09.488] [main/DEBUG] [net.neoforged.fml.loading.moddiscovery.ModFileParser/LOADING]: Considering mod file candidate 
[22Jun2025 13:15:09.490] [main/DEBUG] [net.neoforged.fml.loading.moddiscovery.ModFileInfo/LOADING]: Found valid mod file fabric-rendering-data-attachment-v1-0.3.48+73761d2e19.jar with {fabric_rendering_data_attachment_v1} mods - versions {0.3.48+73761d2e19}
[22Jun2025 13:15:09.494] [main/DEBUG] [net.neoforged.fml.loading.moddiscovery.ModFileParser/LOADING]: Considering mod file candidate 
[22Jun2025 13:15:09.495] [main/DEBUG] [net.neoforged.fml.loading.moddiscovery.ModFileInfo/LOADING]: Found valid mod file fabric-block-view-api-v2-1.0.10+9afaaf8c19.jar with {fabric_block_view_api_v2} mods - versions {1.0.10+9afaaf8c19}
[22Jun2025 13:15:09.496] [main/DEBUG] [net.neoforged.fml.loading.moddiscovery.ModFileParser/LOADING]: Considering mod file candidate 
[22Jun2025 13:15:09.498] [main/DEBUG] [net.neoforged.fml.loading.moddiscovery.ModFileInfo/LOADING]: Found valid mod file fabric-renderer-api-v1-5.0.0+babc52e504.jar with {fabric_renderer_api_v1} mods - versions {5.0.0+babc52e504}
[22Jun2025 13:15:09.502] [main/INFO] [net.neoforged.fml.loading.moddiscovery.locators.JarInJarDependencyLocator/]: Found 7 dependencies adding them to mods collection
[22Jun2025 13:15:09.503] [main/INFO] [net.neoforged.fml.loading.moddiscovery.ModDiscoverer/]: 
     Mod List:
		Name Version (Mod Id)

		Charken 1.6.2 (charken)
		Forgified Fabric API Base 0.4.42+d1308ded19 (fabric_api_base)
		Forgified Fabric BlockView API (v2) 1.0.10+9afaaf8c19 (fabric_block_view_api_v2)
		Forgified Fabric Renderer API (v1) (CaffeineMC) 5.0.0+babc52e504 (fabric_renderer_api_v1)
		Forgified Fabric Rendering Data Attachment (v1) 0.3.48+73761d2e19 (fabric_rendering_data_attachment_v1)
		Minecraft 1.21.4 (minecraft)
		NeoForge 21.4.123 (neoforge)
		Reese's Sodium Options 1.8.3+mc1.21.4 (reeses_sodium_options)
		Sodium 0.6.10+mc1.21.4 (sodium)
		Sodium Extra 0.6.1+mc1.21.4 (sodium_extra)
[22Jun2025 13:15:09.504] [main/DEBUG] [net.neoforged.fml.loading.moddiscovery.ModFileParser/LOADING]: Considering mod file candidate 
[22Jun2025 13:15:09.506] [main/DEBUG] [net.neoforged.fml.loading.moddiscovery.ModFileInfo/LOADING]: Found valid mod file fabric-rendering-data-attachment-v1-0.3.48+73761d2e19.jar with {fabric_rendering_data_attachment_v1} mods - versions {0.3.48+73761d2e19}
[22Jun2025 13:15:09.508] [main/DEBUG] [net.neoforged.fml.loading.moddiscovery.ModFile/LOADING]: Loading mod file  with languages [LanguageSpec[languageName=javafml, acceptedVersions=[1,)]]
[22Jun2025 13:15:09.509] [main/DEBUG] [net.neoforged.fml.loading.moddiscovery.ModFile/LOADING]: Found mixin config MixinConfig[config=fabric-rendering-data-attachment-v1.mixins.json, requiredMods=[]]
[22Jun2025 13:15:09.509] [main/DEBUG] [net.neoforged.fml.loading.moddiscovery.ModFile/LOADING]: Found mixin config MixinConfig[config=fabric-rendering-data-attachment-v1.client.mixins.json, requiredMods=[]]
[22Jun2025 13:15:09.510] [main/DEBUG] [net.neoforged.fml.loading.moddiscovery.ModFileInfo/LOADING]: Found valid mod file neoforge-21.4.123.jar with {minecraft} mods - versions {1.21.4}
[22Jun2025 13:15:09.511] [main/DEBUG] [net.neoforged.fml.loading.moddiscovery.ModFile/LOADING]: Loading mod file /home/jacob/MCreatorWorkspaces/Charken/build/moddev/artifacts/neoforge-21.4.123.jar with languages [LanguageSpec[languageName=minecraft, acceptedVersions=1]]
[22Jun2025 13:15:09.511] [main/DEBUG] [net.neoforged.fml.loading.moddiscovery.ModFileParser/LOADING]: Considering mod file candidate /home/jacob/MCreatorWorkspaces/Charken/run/mods/sodium-neoforge-0.6.10+mc1.21.4.jar
[22Jun2025 13:15:09.513] [main/DEBUG] [net.neoforged.fml.loading.moddiscovery.ModFileInfo/LOADING]: Found valid mod file sodium-neoforge-0.6.10+mc1.21.4.jar with {sodium} mods - versions {0.6.10+mc1.21.4}
[22Jun2025 13:15:09.513] [main/DEBUG] [net.neoforged.fml.loading.moddiscovery.ModFile/LOADING]: Loading mod file /home/jacob/MCreatorWorkspaces/Charken/run/mods/sodium-neoforge-0.6.10+mc1.21.4.jar with languages [LanguageSpec[languageName=javafml, acceptedVersions=[4,)]]
[22Jun2025 13:15:09.514] [main/DEBUG] [net.neoforged.fml.loading.moddiscovery.ModFile/LOADING]: Found mixin config MixinConfig[config=sodium-common.mixins.json, requiredMods=[]]
[22Jun2025 13:15:09.514] [main/DEBUG] [net.neoforged.fml.loading.moddiscovery.ModFile/LOADING]: Found mixin config MixinConfig[config=sodium-neoforge.mixins.json, requiredMods=[]]
[22Jun2025 13:15:09.515] [main/DEBUG] [net.neoforged.fml.loading.moddiscovery.ModFileParser/LOADING]: Considering mod file candidate /home/jacob/MCreatorWorkspaces/Charken/build/classes/java/main
[22Jun2025 13:15:09.522] [main/DEBUG] [net.neoforged.fml.loading.moddiscovery.ModFileInfo/LOADING]: Found valid mod file main with {charken} mods - versions {1.6.2}
[22Jun2025 13:15:09.524] [main/DEBUG] [net.neoforged.fml.loading.moddiscovery.ModFile/LOADING]: Loading mod file /home/jacob/MCreatorWorkspaces/Charken/build/classes/java/main with languages [LanguageSpec[languageName=javafml, acceptedVersions=[4,)]]
[22Jun2025 13:15:09.525] [main/DEBUG] [net.neoforged.fml.loading.moddiscovery.ModFileParser/LOADING]: Considering mod file candidate 
[22Jun2025 13:15:09.530] [main/DEBUG] [net.neoforged.fml.loading.moddiscovery.ModFileInfo/LOADING]: Found valid mod file fabric-api-base-0.4.42+d1308ded19.jar with {fabric_api_base} mods - versions {0.4.42+d1308ded19}
[22Jun2025 13:15:09.532] [main/DEBUG] [net.neoforged.fml.loading.moddiscovery.ModFile/LOADING]: Loading mod file  with languages [LanguageSpec[languageName=javafml, acceptedVersions=[1,)]]
[22Jun2025 13:15:09.534] [main/DEBUG] [net.neoforged.fml.loading.moddiscovery.ModFileParser/LOADING]: Considering mod file candidate 
[22Jun2025 13:15:09.539] [main/DEBUG] [net.neoforged.fml.loading.moddiscovery.ModFileInfo/LOADING]: Found valid mod file fabric-renderer-api-v1-5.0.0+babc52e504.jar with {fabric_renderer_api_v1} mods - versions {5.0.0+babc52e504}
[22Jun2025 13:15:09.541] [main/DEBUG] [net.neoforged.fml.loading.moddiscovery.ModFile/LOADING]: Loading mod file  with languages [LanguageSpec[languageName=javafml, acceptedVersions=[1,)]]
[22Jun2025 13:15:09.542] [main/DEBUG] [net.neoforged.fml.loading.moddiscovery.ModFile/LOADING]: Found mixin config MixinConfig[config=fabric-renderer-api-v1.mixins.json, requiredMods=[]]
[22Jun2025 13:15:09.543] [main/DEBUG] [net.neoforged.fml.loading.moddiscovery.ModFile/LOADING]: Found mixin config MixinConfig[config=fabric-renderer-api-v1.debughud.mixins.json, requiredMods=[]]
[22Jun2025 13:15:09.543] [main/DEBUG] [net.neoforged.fml.loading.moddiscovery.ModFileParser/LOADING]: Considering mod file candidate /home/jacob/MCreatorWorkspaces/Charken/run/mods/reeses-sodium-options-neoforge-1.8.3+mc1.21.4.jar
[22Jun2025 13:15:09.547] [main/DEBUG] [net.neoforged.fml.loading.moddiscovery.ModFileInfo/LOADING]: Found valid mod file reeses-sodium-options-neoforge-1.8.3+mc1.21.4.jar with {reeses_sodium_options} mods - versions {1.8.3+mc1.21.4}
[22Jun2025 13:15:09.548] [main/DEBUG] [net.neoforged.fml.loading.moddiscovery.ModFile/LOADING]: Loading mod file /home/jacob/MCreatorWorkspaces/Charken/run/mods/reeses-sodium-options-neoforge-1.8.3+mc1.21.4.jar with languages [LanguageSpec[languageName=javafml, acceptedVersions=*]]
[22Jun2025 13:15:09.549] [main/DEBUG] [net.neoforged.fml.loading.moddiscovery.ModFile/LOADING]: Found mixin config MixinConfig[config=reeses-sodium-options.mixins.json, requiredMods=[]]
[22Jun2025 13:15:09.552] [main/DEBUG] [net.neoforged.fml.loading.moddiscovery.ModFileParser/LOADING]: Considering mod file candidate /home/jacob/MCreatorWorkspaces/Charken/run/mods/sodium-extra-neoforge-0.6.1+mc1.21.4.jar
[22Jun2025 13:15:09.556] [main/DEBUG] [net.neoforged.fml.loading.moddiscovery.ModFileInfo/LOADING]: Found valid mod file sodium-extra-neoforge-0.6.1+mc1.21.4.jar with {sodium_extra} mods - versions {0.6.1+mc1.21.4}
[22Jun2025 13:15:09.558] [main/DEBUG] [net.neoforged.fml.loading.moddiscovery.ModFile/LOADING]: Loading mod file /home/jacob/MCreatorWorkspaces/Charken/run/mods/sodium-extra-neoforge-0.6.1+mc1.21.4.jar with languages [LanguageSpec[languageName=javafml, acceptedVersions=*]]
[22Jun2025 13:15:09.559] [main/DEBUG] [net.neoforged.fml.loading.moddiscovery.ModFile/LOADING]: Found mixin config MixinConfig[config=sodium-extra.mixins.json, requiredMods=[]]
[22Jun2025 13:15:09.559] [main/DEBUG] [net.neoforged.fml.loading.moddiscovery.ModFileParser/LOADING]: Considering mod file candidate /home/jacob/MCreatorWorkspaces/Charken/build/moddev/artifacts/neoforge-21.4.123.jar
[22Jun2025 13:15:09.561] [main/DEBUG] [net.neoforged.fml.loading.moddiscovery.ModFileInfo/LOADING]: Found valid mod file neoforge-21.4.123.jar with {neoforge} mods - versions {21.4.123}
[22Jun2025 13:15:09.562] [main/DEBUG] [net.neoforged.fml.loading.moddiscovery.ModFile/LOADING]: Loading mod file /home/jacob/MCreatorWorkspaces/Charken/build/moddev/artifacts/neoforge-21.4.123.jar with languages [LanguageSpec[languageName=javafml, acceptedVersions=[3,]]]
[22Jun2025 13:15:09.562] [main/DEBUG] [net.neoforged.fml.loading.moddiscovery.ModFile/LOADING]: Found mixin config MixinConfig[config=neoforge.mixins.json, requiredMods=[]]
[22Jun2025 13:15:09.563] [main/DEBUG] [net.neoforged.fml.loading.moddiscovery.ModFileParser/LOADING]: Considering mod file candidate 
[22Jun2025 13:15:09.565] [main/DEBUG] [net.neoforged.fml.loading.moddiscovery.ModFileInfo/LOADING]: Found valid mod file fabric-block-view-api-v2-1.0.10+9afaaf8c19.jar with {fabric_block_view_api_v2} mods - versions {1.0.10+9afaaf8c19}
[22Jun2025 13:15:09.565] [main/DEBUG] [net.neoforged.fml.loading.moddiscovery.ModFile/LOADING]: Loading mod file  with languages [LanguageSpec[languageName=javafml, acceptedVersions=[1,)]]
[22Jun2025 13:15:09.565] [main/DEBUG] [net.neoforged.fml.loading.moddiscovery.ModFile/LOADING]: Found mixin config MixinConfig[config=fabric-block-view-api-v2.mixins.json, requiredMods=[]]
[22Jun2025 13:15:09.566] [main/DEBUG] [net.neoforged.fml.loading.moddiscovery.ModFile/LOADING]: Found mixin config MixinConfig[config=fabric-block-view-api-v2.client.mixins.json, requiredMods=[]]
[22Jun2025 13:15:09.566] [main/DEBUG] [net.neoforged.fml.loading.moddiscovery.ModFile/LOADING]: Loading mod file  with languages []
[22Jun2025 13:15:09.567] [main/DEBUG] [cpw.mods.modlauncher.TransformationServiceDecorator/MODLAUNCHER]: End scan trigger - transformation service fml
[22Jun2025 13:15:09.587] [main/DEBUG] [net.neoforged.fml.util.ServiceLoaderUtil/CORE]: Found 3 implementations of IModLanguageLoader:
[22Jun2025 13:15:09.588] [main/DEBUG] [net.neoforged.fml.util.ServiceLoaderUtil/CORE]: 	net.neoforged.fml.javafmlmod.FMLJavaModLanguageProvider from loader-6.0.11.jar
[22Jun2025 13:15:09.588] [main/DEBUG] [net.neoforged.fml.util.ServiceLoaderUtil/CORE]: 	net.neoforged.fml.lowcodemod.LowCodeModLanguageProvider from loader-6.0.11.jar
[22Jun2025 13:15:09.590] [main/DEBUG] [net.neoforged.fml.util.ServiceLoaderUtil/CORE]: 	net.neoforged.fml.mclanguageprovider.MinecraftModLanguageProvider from loader-6.0.11.jar
[22Jun2025 13:15:09.593] [main/DEBUG] [net.neoforged.fml.loading.LanguageProviderLoader/CORE]: Found language provider javafml, version 6.0.11
[22Jun2025 13:15:09.600] [main/DEBUG] [net.neoforged.fml.loading.LanguageProviderLoader/CORE]: Found language provider lowcodefml, version 6.0.11
[22Jun2025 13:15:09.602] [main/DEBUG] [net.neoforged.fml.loading.LanguageProviderLoader/CORE]: Found language provider minecraft, version 6.0.11
[22Jun2025 13:15:09.625] [main/DEBUG] [net.neoforged.fml.loading.ModSorter/]: Configured system mods: [minecraft, neoforge]
[22Jun2025 13:15:09.626] [main/DEBUG] [net.neoforged.fml.loading.ModSorter/]: Found system mod: minecraft
[22Jun2025 13:15:09.627] [main/DEBUG] [net.neoforged.fml.loading.ModSorter/]: Found system mod: neoforge
[22Jun2025 13:15:09.632] [main/DEBUG] [net.neoforged.fml.loading.ModSorter/LOADING]: Found 19 mod requirements (18 mandatory, 1 optional)
[22Jun2025 13:15:09.634] [main/DEBUG] [net.neoforged.fml.loading.ModSorter/LOADING]: Found 0 mod requirements missing (0 mandatory, 0 optional)
[22Jun2025 13:15:09.794] [main/DEBUG] [mixin/]: Adding mixin platform agents for container net.neoforged.fml.loading.mixin.FMLMixinContainerHandle@6eaa21d8
[22Jun2025 13:15:09.795] [main/DEBUG] [mixin/]: Instancing new MixinPlatformAgentMinecraftForge for net.neoforged.fml.loading.mixin.FMLMixinContainerHandle@6eaa21d8
[22Jun2025 13:15:09.795] [main/DEBUG] [mixin/]: MixinPlatformAgentMinecraftForge rejected container net.neoforged.fml.loading.mixin.FMLMixinContainerHandle@6eaa21d8
[22Jun2025 13:15:09.795] [main/DEBUG] [mixin/]: Instancing new MixinPlatformAgentDefault for net.neoforged.fml.loading.mixin.FMLMixinContainerHandle@6eaa21d8
[22Jun2025 13:15:09.795] [main/DEBUG] [mixin/]: MixinPlatformAgentDefault accepted container net.neoforged.fml.loading.mixin.FMLMixinContainerHandle@6eaa21d8
[22Jun2025 13:15:09.796] [main/DEBUG] [mixin/]: Instancing new FMLMixinPlatformAgent for net.neoforged.fml.loading.mixin.FMLMixinContainerHandle@6eaa21d8
[22Jun2025 13:15:09.799] [main/DEBUG] [mixin/]: FMLMixinPlatformAgent accepted container net.neoforged.fml.loading.mixin.FMLMixinContainerHandle@6eaa21d8
[22Jun2025 13:15:09.835] [main/DEBUG] [cpw.mods.modlauncher.TransformationServicesHandler/MODLAUNCHER]: Transformation services loading transformers
[22Jun2025 13:15:09.838] [main/DEBUG] [cpw.mods.modlauncher.TransformationServiceDecorator/MODLAUNCHER]: Initializing transformers for transformation service mixin
[22Jun2025 13:15:09.843] [main/DEBUG] [cpw.mods.modlauncher.TransformationServiceDecorator/MODLAUNCHER]: Initialized transformers for transformation service mixin
[22Jun2025 13:15:09.844] [main/DEBUG] [cpw.mods.modlauncher.TransformationServiceDecorator/MODLAUNCHER]: Initializing transformers for transformation service fml
[22Jun2025 13:15:09.845] [main/DEBUG] [net.neoforged.fml.loading.FMLServiceProvider/LOADING]: Loading coremod transformers
[22Jun2025 13:15:09.845] [main/DEBUG] [net.neoforged.fml.loading.FMLServiceProvider/CORE]: Not loading coremod script-engine since no mod requested it
[22Jun2025 13:15:09.849] [main/DEBUG] [net.neoforged.fml.util.ServiceLoaderUtil/CORE]: Found 1 implementations of ICoreMod:
[22Jun2025 13:15:09.849] [main/DEBUG] [net.neoforged.fml.util.ServiceLoaderUtil/CORE]: 	net.neoforged.neoforge.coremods.NeoForgeCoreMod from neoforge-21.4.123.jar > net.neoforged.neoforge-coremods-21.4.123.jar
[22Jun2025 13:15:09.895] [main/DEBUG] [net.neoforged.fml.loading.FMLServiceProvider/CORE]: Adding [Target[className=net.minecraft.world.level.biome.Biome, elementName=, elementDescriptor=, targetType=cpw.mods.modlauncher.api.TargetType@a5b0b86]] transformer from core-mod net.neoforged.neoforge.coremods.NeoForgeCoreMod@4cb0a000 in neoforge-21.4.123.jar > net.neoforged.neoforge-coremods-21.4.123.jar
[22Jun2025 13:15:09.896] [main/DEBUG] [net.neoforged.fml.loading.FMLServiceProvider/CORE]: Adding [Target[className=net.minecraft.world.level.levelgen.structure.Structure, elementName=, elementDescriptor=, targetType=cpw.mods.modlauncher.api.TargetType@a5b0b86]] transformer from core-mod net.neoforged.neoforge.coremods.NeoForgeCoreMod@4cb0a000 in neoforge-21.4.123.jar > net.neoforged.neoforge-coremods-21.4.123.jar
[22Jun2025 13:15:09.896] [main/DEBUG] [net.neoforged.fml.loading.FMLServiceProvider/CORE]: Adding [Target[className=net.minecraft.world.level.block.FlowerPotBlock, elementName=, elementDescriptor=, targetType=cpw.mods.modlauncher.api.TargetType@a5b0b86]] transformer from core-mod net.neoforged.neoforge.coremods.NeoForgeCoreMod@4cb0a000 in neoforge-21.4.123.jar > net.neoforged.neoforge-coremods-21.4.123.jar
[22Jun2025 13:15:09.897] [main/DEBUG] [net.neoforged.fml.loading.FMLServiceProvider/CORE]: Adding [Target[className=net/minecraft/world/level/levelgen/structure/structures/OceanMonumentPieces$OceanMonumentPiece, elementName=, elementDescriptor=, targetType=cpw.mods.modlauncher.api.TargetType@a5b0b86], Target[className=net/minecraft/world/entity/animal/frog/Tadpole, elementName=, elementDescriptor=, targetType=cpw.mods.modlauncher.api.TargetType@a5b0b86], Target[className=net/minecraft/world/entity/raid/Raid, elementName=, elementDescriptor=, targetType=cpw.mods.modlauncher.api.TargetType@a5b0b86], Target[className=net/minecraft/world/level/levelgen/structure/structures/SwampHutPiece, elementName=, elementDescriptor=, targetType=cpw.mods.modlauncher.api.TargetType@a5b0b86], Target[className=net/minecraft/world/entity/monster/Spider, elementName=, elementDescriptor=, targetType=cpw.mods.modlauncher.api.TargetType@a5b0b86], Target[className=net/minecraft/world/entity/monster/Zombie, elementName=, elementDescriptor=, targetType=cpw.mods.modlauncher.api.TargetType@a5b0b86], Target[className=net/minecraft/world/entity/monster/ZombieVillager, elementName=, elementDescriptor=, targetType=cpw.mods.modlauncher.api.TargetType@a5b0b86], Target[className=net/minecraft/world/entity/npc/Villager, elementName=, elementDescriptor=, targetType=cpw.mods.modlauncher.api.TargetType@a5b0b86], Target[className=net/minecraft/world/level/levelgen/structure/structures/WoodlandMansionPieces$WoodlandMansionPiece, elementName=, elementDescriptor=, targetType=cpw.mods.modlauncher.api.TargetType@a5b0b86], Target[className=net/minecraft/server/commands/SummonCommand, elementName=, elementDescriptor=, targetType=cpw.mods.modlauncher.api.TargetType@a5b0b86], Target[className=net/minecraft/world/level/levelgen/PhantomSpawner, elementName=, elementDescriptor=, targetType=cpw.mods.modlauncher.api.TargetType@a5b0b86], Target[className=net/minecraft/world/level/NaturalSpawner, elementName=, elementDescriptor=, targetType=cpw.mods.modlauncher.api.TargetType@a5b0b86], Target[className=net/minecraft/server/commands/RaidCommand, elementName=, elementDescriptor=, targetType=cpw.mods.modlauncher.api.TargetType@a5b0b86], Target[className=net/minecraft/world/level/levelgen/structure/structures/OceanRuinPieces$OceanRuinPiece, elementName=, elementDescriptor=, targetType=cpw.mods.modlauncher.api.TargetType@a5b0b86], Target[className=net/minecraft/world/level/levelgen/PatrolSpawner, elementName=, elementDescriptor=, targetType=cpw.mods.modlauncher.api.TargetType@a5b0b86], Target[className=net/minecraft/world/level/levelgen/structure/templatesystem/StructureTemplate, elementName=, elementDescriptor=, targetType=cpw.mods.modlauncher.api.TargetType@a5b0b86], Target[className=net/minecraft/world/entity/EntityType, elementName=, elementDescriptor=, targetType=cpw.mods.modlauncher.api.TargetType@a5b0b86], Target[className=net/minecraft/world/entity/animal/horse/SkeletonTrapGoal, elementName=, elementDescriptor=, targetType=cpw.mods.modlauncher.api.TargetType@a5b0b86], Target[className=net/minecraft/world/entity/npc/CatSpawner, elementName=, elementDescriptor=, targetType=cpw.mods.modlauncher.api.TargetType@a5b0b86], Target[className=net/minecraft/world/entity/ai/village/VillageSiege, elementName=, elementDescriptor=, targetType=cpw.mods.modlauncher.api.TargetType@a5b0b86], Target[className=net/minecraft/world/entity/monster/Evoker$EvokerSummonSpellGoal, elementName=, elementDescriptor=, targetType=cpw.mods.modlauncher.api.TargetType@a5b0b86], Target[className=net/minecraft/world/entity/monster/Strider, elementName=, elementDescriptor=, targetType=cpw.mods.modlauncher.api.TargetType@a5b0b86]] transformer from core-mod net.neoforged.neoforge.coremods.NeoForgeCoreMod@4cb0a000 in neoforge-21.4.123.jar > net.neoforged.neoforge-coremods-21.4.123.jar
[22Jun2025 13:15:09.905] [main/DEBUG] [cpw.mods.modlauncher.TransformStore/MODLAUNCHER]: Adding transformer net.neoforged.neoforge.coremods.ReplaceFieldWithGetterAccess@2f04105 to Target : cpw.mods.modlauncher.api.TargetType@a5b0b86 {Lnet/minecraft/world/level/biome/Biome;} {} {V}
[22Jun2025 13:15:09.943] [main/DEBUG] [cpw.mods.modlauncher.TransformStore/MODLAUNCHER]: Adding transformer net.neoforged.neoforge.coremods.ReplaceFieldWithGetterAccess@51351f28 to Target : cpw.mods.modlauncher.api.TargetType@a5b0b86 {Lnet/minecraft/world/level/levelgen/structure/Structure;} {} {V}
[22Jun2025 13:15:09.944] [main/DEBUG] [cpw.mods.modlauncher.TransformStore/MODLAUNCHER]: Adding transformer net.neoforged.neoforge.coremods.ReplaceFieldWithGetterAccess@21618fa7 to Target : cpw.mods.modlauncher.api.TargetType@a5b0b86 {Lnet/minecraft/world/level/block/FlowerPotBlock;} {} {V}
[22Jun2025 13:15:09.944] [main/DEBUG] [cpw.mods.modlauncher.TransformStore/MODLAUNCHER]: Adding transformer net.neoforged.neoforge.coremods.MethodRedirector@15f2eda3 to Target : cpw.mods.modlauncher.api.TargetType@a5b0b86 {Lnet/minecraft/world/level/levelgen/structure/structures/OceanMonumentPieces$OceanMonumentPiece;} {} {V}
[22Jun2025 13:15:09.944] [main/DEBUG] [cpw.mods.modlauncher.TransformStore/MODLAUNCHER]: Adding transformer net.neoforged.neoforge.coremods.MethodRedirector@15f2eda3 to Target : cpw.mods.modlauncher.api.TargetType@a5b0b86 {Lnet/minecraft/world/entity/animal/frog/Tadpole;} {} {V}
[22Jun2025 13:15:09.944] [main/DEBUG] [cpw.mods.modlauncher.TransformStore/MODLAUNCHER]: Adding transformer net.neoforged.neoforge.coremods.MethodRedirector@15f2eda3 to Target : cpw.mods.modlauncher.api.TargetType@a5b0b86 {Lnet/minecraft/world/entity/raid/Raid;} {} {V}
[22Jun2025 13:15:09.944] [main/DEBUG] [cpw.mods.modlauncher.TransformStore/MODLAUNCHER]: Adding transformer net.neoforged.neoforge.coremods.MethodRedirector@15f2eda3 to Target : cpw.mods.modlauncher.api.TargetType@a5b0b86 {Lnet/minecraft/world/level/levelgen/structure/structures/SwampHutPiece;} {} {V}
[22Jun2025 13:15:09.945] [main/DEBUG] [cpw.mods.modlauncher.TransformStore/MODLAUNCHER]: Adding transformer net.neoforged.neoforge.coremods.MethodRedirector@15f2eda3 to Target : cpw.mods.modlauncher.api.TargetType@a5b0b86 {Lnet/minecraft/world/entity/monster/Spider;} {} {V}
[22Jun2025 13:15:09.945] [main/DEBUG] [cpw.mods.modlauncher.TransformStore/MODLAUNCHER]: Adding transformer net.neoforged.neoforge.coremods.MethodRedirector@15f2eda3 to Target : cpw.mods.modlauncher.api.TargetType@a5b0b86 {Lnet/minecraft/world/entity/monster/Zombie;} {} {V}
[22Jun2025 13:15:09.945] [main/DEBUG] [cpw.mods.modlauncher.TransformStore/MODLAUNCHER]: Adding transformer net.neoforged.neoforge.coremods.MethodRedirector@15f2eda3 to Target : cpw.mods.modlauncher.api.TargetType@a5b0b86 {Lnet/minecraft/world/entity/monster/ZombieVillager;} {} {V}
[22Jun2025 13:15:09.945] [main/DEBUG] [cpw.mods.modlauncher.TransformStore/MODLAUNCHER]: Adding transformer net.neoforged.neoforge.coremods.MethodRedirector@15f2eda3 to Target : cpw.mods.modlauncher.api.TargetType@a5b0b86 {Lnet/minecraft/world/entity/npc/Villager;} {} {V}
[22Jun2025 13:15:09.945] [main/DEBUG] [cpw.mods.modlauncher.TransformStore/MODLAUNCHER]: Adding transformer net.neoforged.neoforge.coremods.MethodRedirector@15f2eda3 to Target : cpw.mods.modlauncher.api.TargetType@a5b0b86 {Lnet/minecraft/world/level/levelgen/structure/structures/WoodlandMansionPieces$WoodlandMansionPiece;} {} {V}
[22Jun2025 13:15:09.945] [main/DEBUG] [cpw.mods.modlauncher.TransformStore/MODLAUNCHER]: Adding transformer net.neoforged.neoforge.coremods.MethodRedirector@15f2eda3 to Target : cpw.mods.modlauncher.api.TargetType@a5b0b86 {Lnet/minecraft/server/commands/SummonCommand;} {} {V}
[22Jun2025 13:15:09.945] [main/DEBUG] [cpw.mods.modlauncher.TransformStore/MODLAUNCHER]: Adding transformer net.neoforged.neoforge.coremods.MethodRedirector@15f2eda3 to Target : cpw.mods.modlauncher.api.TargetType@a5b0b86 {Lnet/minecraft/world/level/levelgen/PhantomSpawner;} {} {V}
[22Jun2025 13:15:09.945] [main/DEBUG] [cpw.mods.modlauncher.TransformStore/MODLAUNCHER]: Adding transformer net.neoforged.neoforge.coremods.MethodRedirector@15f2eda3 to Target : cpw.mods.modlauncher.api.TargetType@a5b0b86 {Lnet/minecraft/world/level/NaturalSpawner;} {} {V}
[22Jun2025 13:15:09.945] [main/DEBUG] [cpw.mods.modlauncher.TransformStore/MODLAUNCHER]: Adding transformer net.neoforged.neoforge.coremods.MethodRedirector@15f2eda3 to Target : cpw.mods.modlauncher.api.TargetType@a5b0b86 {Lnet/minecraft/server/commands/RaidCommand;} {} {V}
[22Jun2025 13:15:09.945] [main/DEBUG] [cpw.mods.modlauncher.TransformStore/MODLAUNCHER]: Adding transformer net.neoforged.neoforge.coremods.MethodRedirector@15f2eda3 to Target : cpw.mods.modlauncher.api.TargetType@a5b0b86 {Lnet/minecraft/world/level/levelgen/structure/structures/OceanRuinPieces$OceanRuinPiece;} {} {V}
[22Jun2025 13:15:09.945] [main/DEBUG] [cpw.mods.modlauncher.TransformStore/MODLAUNCHER]: Adding transformer net.neoforged.neoforge.coremods.MethodRedirector@15f2eda3 to Target : cpw.mods.modlauncher.api.TargetType@a5b0b86 {Lnet/minecraft/world/level/levelgen/PatrolSpawner;} {} {V}
[22Jun2025 13:15:09.945] [main/DEBUG] [cpw.mods.modlauncher.TransformStore/MODLAUNCHER]: Adding transformer net.neoforged.neoforge.coremods.MethodRedirector@15f2eda3 to Target : cpw.mods.modlauncher.api.TargetType@a5b0b86 {Lnet/minecraft/world/level/levelgen/structure/templatesystem/StructureTemplate;} {} {V}
[22Jun2025 13:15:09.945] [main/DEBUG] [cpw.mods.modlauncher.TransformStore/MODLAUNCHER]: Adding transformer net.neoforged.neoforge.coremods.MethodRedirector@15f2eda3 to Target : cpw.mods.modlauncher.api.TargetType@a5b0b86 {Lnet/minecraft/world/entity/EntityType;} {} {V}
[22Jun2025 13:15:09.946] [main/DEBUG] [cpw.mods.modlauncher.TransformStore/MODLAUNCHER]: Adding transformer net.neoforged.neoforge.coremods.MethodRedirector@15f2eda3 to Target : cpw.mods.modlauncher.api.TargetType@a5b0b86 {Lnet/minecraft/world/entity/animal/horse/SkeletonTrapGoal;} {} {V}
[22Jun2025 13:15:09.946] [main/DEBUG] [cpw.mods.modlauncher.TransformStore/MODLAUNCHER]: Adding transformer net.neoforged.neoforge.coremods.MethodRedirector@15f2eda3 to Target : cpw.mods.modlauncher.api.TargetType@a5b0b86 {Lnet/minecraft/world/entity/npc/CatSpawner;} {} {V}
[22Jun2025 13:15:09.946] [main/DEBUG] [cpw.mods.modlauncher.TransformStore/MODLAUNCHER]: Adding transformer net.neoforged.neoforge.coremods.MethodRedirector@15f2eda3 to Target : cpw.mods.modlauncher.api.TargetType@a5b0b86 {Lnet/minecraft/world/entity/ai/village/VillageSiege;} {} {V}
[22Jun2025 13:15:09.946] [main/DEBUG] [cpw.mods.modlauncher.TransformStore/MODLAUNCHER]: Adding transformer net.neoforged.neoforge.coremods.MethodRedirector@15f2eda3 to Target : cpw.mods.modlauncher.api.TargetType@a5b0b86 {Lnet/minecraft/world/entity/monster/Evoker$EvokerSummonSpellGoal;} {} {V}
[22Jun2025 13:15:09.946] [main/DEBUG] [cpw.mods.modlauncher.TransformStore/MODLAUNCHER]: Adding transformer net.neoforged.neoforge.coremods.MethodRedirector@15f2eda3 to Target : cpw.mods.modlauncher.api.TargetType@a5b0b86 {Lnet/minecraft/world/entity/monster/Strider;} {} {V}
[22Jun2025 13:15:09.946] [main/DEBUG] [cpw.mods.modlauncher.TransformationServiceDecorator/MODLAUNCHER]: Initialized transformers for transformation service fml
[22Jun2025 13:15:10.414] [main/DEBUG] [mixin/]: Processing prepare() for PlatformAgent[MixinPlatformAgentDefault:ModLauncher Root Container(ModLauncher:4f56a0a2)]
[22Jun2025 13:15:10.415] [main/DEBUG] [mixin/]: Processing prepare() for PlatformAgent[MixinPlatformAgentDefault:net.neoforged.fml.loading.mixin.FMLMixinContainerHandle@6eaa21d8]
[22Jun2025 13:15:10.416] [main/DEBUG] [mixin/]: Processing prepare() for PlatformAgent[FMLMixinPlatformAgent:null]
[22Jun2025 13:15:10.524] [main/DEBUG] [mixin/]: Compatibility level JAVA_17 specified by fabric-rendering-data-attachment-v1.mixins.json is higher than the maximum level supported by this version of mixin (JAVA_13).
[22Jun2025 13:15:10.552] [main/INFO] [mixin/]: Compatibility level set to JAVA_17
[22Jun2025 13:15:10.553] [main/DEBUG] [mixin/]: Mixin config fabric-rendering-data-attachment-v1.mixins.json does not specify "minVersion" or "requiredFeatures" property
[22Jun2025 13:15:10.567] [main/DEBUG] [mixin/]: Mixin config fabric-rendering-data-attachment-v1.client.mixins.json does not specify "minVersion" or "requiredFeatures" property
[22Jun2025 13:15:10.573] [main/DEBUG] [mixin/]: Mixin config sodium-common.mixins.json does not specify "minVersion" or "requiredFeatures" property
[22Jun2025 13:15:10.575] [main/DEBUG] [mixin/]: Mixin config sodium-neoforge.mixins.json does not specify "minVersion" or "requiredFeatures" property
[22Jun2025 13:15:10.577] [main/DEBUG] [mixin/]: Compatibility level JAVA_21 specified by fabric-renderer-api-v1.mixins.json is higher than the maximum level supported by this version of mixin (JAVA_13).
[22Jun2025 13:15:10.577] [main/INFO] [mixin/]: Compatibility level set to JAVA_21
[22Jun2025 13:15:10.578] [main/DEBUG] [mixin/]: Mixin config fabric-renderer-api-v1.mixins.json does not specify "minVersion" or "requiredFeatures" property
[22Jun2025 13:15:10.579] [main/DEBUG] [mixin/]: Mixin config fabric-renderer-api-v1.debughud.mixins.json does not specify "minVersion" or "requiredFeatures" property
[22Jun2025 13:15:10.581] [main/DEBUG] [mixin/]: Compatibility level JAVA_17 specified by reeses-sodium-options.mixins.json is higher than the maximum level supported by this version of mixin (JAVA_13).
[22Jun2025 13:15:10.584] [main/DEBUG] [mixin/]: Compatibility level JAVA_17 specified by sodium-extra.mixins.json is higher than the maximum level supported by this version of mixin (JAVA_13).
[22Jun2025 13:15:10.588] [main/DEBUG] [mixin/]: Compatibility level JAVA_17 specified by fabric-block-view-api-v2.mixins.json is higher than the maximum level supported by this version of mixin (JAVA_13).
[22Jun2025 13:15:10.590] [main/DEBUG] [mixin/]: Mixin config fabric-block-view-api-v2.mixins.json does not specify "minVersion" or "requiredFeatures" property
[22Jun2025 13:15:10.592] [main/DEBUG] [mixin/]: Compatibility level JAVA_17 specified by fabric-block-view-api-v2.client.mixins.json is higher than the maximum level supported by this version of mixin (JAVA_13).
[22Jun2025 13:15:10.593] [main/DEBUG] [mixin/]: Mixin config fabric-block-view-api-v2.client.mixins.json does not specify "minVersion" or "requiredFeatures" property
[22Jun2025 13:15:10.597] [main/DEBUG] [mixin/]: Processing launch tasks for PlatformAgent[MixinPlatformAgentDefault:ModLauncher Root Container(ModLauncher:4f56a0a2)]
[22Jun2025 13:15:10.598] [main/DEBUG] [mixin/]: Adding mixin platform agents for container SecureJarResource(mixin_synthetic)
[22Jun2025 13:15:10.598] [main/DEBUG] [mixin/]: Instancing new MixinPlatformAgentMinecraftForge for SecureJarResource(mixin_synthetic)
[22Jun2025 13:15:10.598] [main/DEBUG] [mixin/]: MixinPlatformAgentMinecraftForge rejected container SecureJarResource(mixin_synthetic)
[22Jun2025 13:15:10.598] [main/DEBUG] [mixin/]: Instancing new MixinPlatformAgentDefault for SecureJarResource(mixin_synthetic)
[22Jun2025 13:15:10.598] [main/DEBUG] [mixin/]: MixinPlatformAgentDefault accepted container SecureJarResource(mixin_synthetic)
[22Jun2025 13:15:10.598] [main/DEBUG] [mixin/]: Instancing new FMLMixinPlatformAgent for SecureJarResource(mixin_synthetic)
[22Jun2025 13:15:10.598] [main/DEBUG] [mixin/]: FMLMixinPlatformAgent rejected container SecureJarResource(mixin_synthetic)
[22Jun2025 13:15:10.598] [main/DEBUG] [mixin/]: Processing prepare() for PlatformAgent[MixinPlatformAgentDefault:SecureJarResource(mixin_synthetic)]
[22Jun2025 13:15:10.598] [main/DEBUG] [mixin/]: Adding mixin platform agents for container SecureJarResource(minecraft)
[22Jun2025 13:15:10.599] [main/DEBUG] [mixin/]: Instancing new MixinPlatformAgentMinecraftForge for SecureJarResource(minecraft)
[22Jun2025 13:15:10.599] [main/DEBUG] [mixin/]: MixinPlatformAgentMinecraftForge rejected container SecureJarResource(minecraft)
[22Jun2025 13:15:10.603] [main/DEBUG] [mixin/]: Instancing new MixinPlatformAgentDefault for SecureJarResource(minecraft)
[22Jun2025 13:15:10.604] [main/DEBUG] [mixin/]: MixinPlatformAgentDefault accepted container SecureJarResource(minecraft)
[22Jun2025 13:15:10.604] [main/DEBUG] [mixin/]: Instancing new FMLMixinPlatformAgent for SecureJarResource(minecraft)
[22Jun2025 13:15:10.604] [main/DEBUG] [mixin/]: FMLMixinPlatformAgent rejected container SecureJarResource(minecraft)
[22Jun2025 13:15:10.604] [main/DEBUG] [mixin/]: Processing prepare() for PlatformAgent[MixinPlatformAgentDefault:SecureJarResource(minecraft)]
[22Jun2025 13:15:10.604] [main/DEBUG] [mixin/]: Adding mixin platform agents for container SecureJarResource(fabric_rendering_data_attachment_v1)
[22Jun2025 13:15:10.604] [main/DEBUG] [mixin/]: Instancing new MixinPlatformAgentMinecraftForge for SecureJarResource(fabric_rendering_data_attachment_v1)
[22Jun2025 13:15:10.604] [main/DEBUG] [mixin/]: MixinPlatformAgentMinecraftForge rejected container SecureJarResource(fabric_rendering_data_attachment_v1)
[22Jun2025 13:15:10.605] [main/DEBUG] [mixin/]: Instancing new MixinPlatformAgentDefault for SecureJarResource(fabric_rendering_data_attachment_v1)
[22Jun2025 13:15:10.605] [main/DEBUG] [mixin/]: MixinPlatformAgentDefault accepted container SecureJarResource(fabric_rendering_data_attachment_v1)
[22Jun2025 13:15:10.605] [main/DEBUG] [mixin/]: Instancing new FMLMixinPlatformAgent for SecureJarResource(fabric_rendering_data_attachment_v1)
[22Jun2025 13:15:10.605] [main/DEBUG] [mixin/]: FMLMixinPlatformAgent rejected container SecureJarResource(fabric_rendering_data_attachment_v1)
[22Jun2025 13:15:10.605] [main/DEBUG] [mixin/]: Processing prepare() for PlatformAgent[MixinPlatformAgentDefault:SecureJarResource(fabric_rendering_data_attachment_v1)]
[22Jun2025 13:15:10.605] [main/DEBUG] [mixin/]: Adding mixin platform agents for container SecureJarResource(sodium)
[22Jun2025 13:15:10.605] [main/DEBUG] [mixin/]: Instancing new MixinPlatformAgentMinecraftForge for SecureJarResource(sodium)
[22Jun2025 13:15:10.605] [main/DEBUG] [mixin/]: MixinPlatformAgentMinecraftForge rejected container SecureJarResource(sodium)
[22Jun2025 13:15:10.605] [main/DEBUG] [mixin/]: Instancing new MixinPlatformAgentDefault for SecureJarResource(sodium)
[22Jun2025 13:15:10.605] [main/DEBUG] [mixin/]: MixinPlatformAgentDefault accepted container SecureJarResource(sodium)
[22Jun2025 13:15:10.605] [main/DEBUG] [mixin/]: Instancing new FMLMixinPlatformAgent for SecureJarResource(sodium)
[22Jun2025 13:15:10.606] [main/DEBUG] [mixin/]: FMLMixinPlatformAgent rejected container SecureJarResource(sodium)
[22Jun2025 13:15:10.606] [main/DEBUG] [mixin/]: Processing prepare() for PlatformAgent[MixinPlatformAgentDefault:SecureJarResource(sodium)]
[22Jun2025 13:15:10.606] [main/DEBUG] [mixin/]: Adding mixin platform agents for container SecureJarResource(fabric_renderer_api_v1)
[22Jun2025 13:15:10.606] [main/DEBUG] [mixin/]: Instancing new MixinPlatformAgentMinecraftForge for SecureJarResource(fabric_renderer_api_v1)
[22Jun2025 13:15:10.606] [main/DEBUG] [mixin/]: MixinPlatformAgentMinecraftForge rejected container SecureJarResource(fabric_renderer_api_v1)
[22Jun2025 13:15:10.606] [main/DEBUG] [mixin/]: Instancing new MixinPlatformAgentDefault for SecureJarResource(fabric_renderer_api_v1)
[22Jun2025 13:15:10.606] [main/DEBUG] [mixin/]: MixinPlatformAgentDefault accepted container SecureJarResource(fabric_renderer_api_v1)
[22Jun2025 13:15:10.606] [main/DEBUG] [mixin/]: Instancing new FMLMixinPlatformAgent for SecureJarResource(fabric_renderer_api_v1)
[22Jun2025 13:15:10.606] [main/DEBUG] [mixin/]: FMLMixinPlatformAgent rejected container SecureJarResource(fabric_renderer_api_v1)
[22Jun2025 13:15:10.606] [main/DEBUG] [mixin/]: Processing prepare() for PlatformAgent[MixinPlatformAgentDefault:SecureJarResource(fabric_renderer_api_v1)]
[22Jun2025 13:15:10.607] [main/DEBUG] [mixin/]: Adding mixin platform agents for container SecureJarResource(fabric_api_base)
[22Jun2025 13:15:10.607] [main/DEBUG] [mixin/]: Instancing new MixinPlatformAgentMinecraftForge for SecureJarResource(fabric_api_base)
[22Jun2025 13:15:10.608] [main/DEBUG] [mixin/]: MixinPlatformAgentMinecraftForge rejected container SecureJarResource(fabric_api_base)
[22Jun2025 13:15:10.608] [main/DEBUG] [mixin/]: Instancing new MixinPlatformAgentDefault for SecureJarResource(fabric_api_base)
[22Jun2025 13:15:10.608] [main/DEBUG] [mixin/]: MixinPlatformAgentDefault accepted container SecureJarResource(fabric_api_base)
[22Jun2025 13:15:10.608] [main/DEBUG] [mixin/]: Instancing new FMLMixinPlatformAgent for SecureJarResource(fabric_api_base)
[22Jun2025 13:15:10.608] [main/DEBUG] [mixin/]: FMLMixinPlatformAgent rejected container SecureJarResource(fabric_api_base)
[22Jun2025 13:15:10.608] [main/DEBUG] [mixin/]: Processing prepare() for PlatformAgent[MixinPlatformAgentDefault:SecureJarResource(fabric_api_base)]
[22Jun2025 13:15:10.609] [main/DEBUG] [mixin/]: Adding mixin platform agents for container SecureJarResource(reeses_sodium_options)
[22Jun2025 13:15:10.609] [main/DEBUG] [mixin/]: Instancing new MixinPlatformAgentMinecraftForge for SecureJarResource(reeses_sodium_options)
[22Jun2025 13:15:10.609] [main/DEBUG] [mixin/]: MixinPlatformAgentMinecraftForge rejected container SecureJarResource(reeses_sodium_options)
[22Jun2025 13:15:10.609] [main/DEBUG] [mixin/]: Instancing new MixinPlatformAgentDefault for SecureJarResource(reeses_sodium_options)
[22Jun2025 13:15:10.609] [main/DEBUG] [mixin/]: MixinPlatformAgentDefault accepted container SecureJarResource(reeses_sodium_options)
[22Jun2025 13:15:10.609] [main/DEBUG] [mixin/]: Instancing new FMLMixinPlatformAgent for SecureJarResource(reeses_sodium_options)
[22Jun2025 13:15:10.609] [main/DEBUG] [mixin/]: FMLMixinPlatformAgent rejected container SecureJarResource(reeses_sodium_options)
[22Jun2025 13:15:10.613] [main/DEBUG] [mixin/]: Processing prepare() for PlatformAgent[MixinPlatformAgentDefault:SecureJarResource(reeses_sodium_options)]
[22Jun2025 13:15:10.613] [main/DEBUG] [mixin/]: Adding mixin platform agents for container SecureJarResource(sodium_extra)
[22Jun2025 13:15:10.613] [main/DEBUG] [mixin/]: Instancing new MixinPlatformAgentMinecraftForge for SecureJarResource(sodium_extra)
[22Jun2025 13:15:10.614] [main/DEBUG] [mixin/]: MixinPlatformAgentMinecraftForge rejected container SecureJarResource(sodium_extra)
[22Jun2025 13:15:10.614] [main/DEBUG] [mixin/]: Instancing new MixinPlatformAgentDefault for SecureJarResource(sodium_extra)
[22Jun2025 13:15:10.614] [main/DEBUG] [mixin/]: MixinPlatformAgentDefault accepted container SecureJarResource(sodium_extra)
[22Jun2025 13:15:10.614] [main/DEBUG] [mixin/]: Instancing new FMLMixinPlatformAgent for SecureJarResource(sodium_extra)
[22Jun2025 13:15:10.614] [main/DEBUG] [mixin/]: FMLMixinPlatformAgent rejected container SecureJarResource(sodium_extra)
[22Jun2025 13:15:10.614] [main/DEBUG] [mixin/]: Processing prepare() for PlatformAgent[MixinPlatformAgentDefault:SecureJarResource(sodium_extra)]
[22Jun2025 13:15:10.614] [main/DEBUG] [mixin/]: Adding mixin platform agents for container SecureJarResource(charken)
[22Jun2025 13:15:10.614] [main/DEBUG] [mixin/]: Instancing new MixinPlatformAgentMinecraftForge for SecureJarResource(charken)
[22Jun2025 13:15:10.614] [main/DEBUG] [mixin/]: MixinPlatformAgentMinecraftForge rejected container SecureJarResource(charken)
[22Jun2025 13:15:10.614] [main/DEBUG] [mixin/]: Instancing new MixinPlatformAgentDefault for SecureJarResource(charken)
[22Jun2025 13:15:10.614] [main/DEBUG] [mixin/]: MixinPlatformAgentDefault accepted container SecureJarResource(charken)
[22Jun2025 13:15:10.614] [main/DEBUG] [mixin/]: Instancing new FMLMixinPlatformAgent for SecureJarResource(charken)
[22Jun2025 13:15:10.614] [main/DEBUG] [mixin/]: FMLMixinPlatformAgent rejected container SecureJarResource(charken)
[22Jun2025 13:15:10.614] [main/DEBUG] [mixin/]: Processing prepare() for PlatformAgent[MixinPlatformAgentDefault:SecureJarResource(charken)]
[22Jun2025 13:15:10.614] [main/DEBUG] [mixin/]: Adding mixin platform agents for container SecureJarResource(fabric_block_view_api_v2)
[22Jun2025 13:15:10.614] [main/DEBUG] [mixin/]: Instancing new MixinPlatformAgentMinecraftForge for SecureJarResource(fabric_block_view_api_v2)
[22Jun2025 13:15:10.615] [main/DEBUG] [mixin/]: MixinPlatformAgentMinecraftForge rejected container SecureJarResource(fabric_block_view_api_v2)
[22Jun2025 13:15:10.615] [main/DEBUG] [mixin/]: Instancing new MixinPlatformAgentDefault for SecureJarResource(fabric_block_view_api_v2)
[22Jun2025 13:15:10.615] [main/DEBUG] [mixin/]: MixinPlatformAgentDefault accepted container SecureJarResource(fabric_block_view_api_v2)
[22Jun2025 13:15:10.616] [main/DEBUG] [mixin/]: Instancing new FMLMixinPlatformAgent for SecureJarResource(fabric_block_view_api_v2)
[22Jun2025 13:15:10.616] [main/DEBUG] [mixin/]: FMLMixinPlatformAgent rejected container SecureJarResource(fabric_block_view_api_v2)
[22Jun2025 13:15:10.617] [main/DEBUG] [mixin/]: Processing prepare() for PlatformAgent[MixinPlatformAgentDefault:SecureJarResource(fabric_block_view_api_v2)]
[22Jun2025 13:15:10.617] [main/DEBUG] [mixin/]: Adding mixin platform agents for container SecureJarResource(mixinextras.neoforge)
[22Jun2025 13:15:10.617] [main/DEBUG] [mixin/]: Instancing new MixinPlatformAgentMinecraftForge for SecureJarResource(mixinextras.neoforge)
[22Jun2025 13:15:10.617] [main/DEBUG] [mixin/]: MixinPlatformAgentMinecraftForge rejected container SecureJarResource(mixinextras.neoforge)
[22Jun2025 13:15:10.617] [main/DEBUG] [mixin/]: Instancing new MixinPlatformAgentDefault for SecureJarResource(mixinextras.neoforge)
[22Jun2025 13:15:10.617] [main/DEBUG] [mixin/]: MixinPlatformAgentDefault accepted container SecureJarResource(mixinextras.neoforge)
[22Jun2025 13:15:10.617] [main/DEBUG] [mixin/]: Instancing new FMLMixinPlatformAgent for SecureJarResource(mixinextras.neoforge)
[22Jun2025 13:15:10.617] [main/DEBUG] [mixin/]: FMLMixinPlatformAgent rejected container SecureJarResource(mixinextras.neoforge)
[22Jun2025 13:15:10.617] [main/DEBUG] [mixin/]: Processing prepare() for PlatformAgent[MixinPlatformAgentDefault:SecureJarResource(mixinextras.neoforge)]
[22Jun2025 13:15:10.617] [main/DEBUG] [mixin/]: Registering mixin config: mixinextras.init.mixins.json source=SecureJarResource(mixinextras.neoforge)
[22Jun2025 13:15:10.620] [main/DEBUG] [mixin/]: inject() running with 13 agents
[22Jun2025 13:15:10.624] [main/DEBUG] [mixin/]: Processing inject() for PlatformAgent[MixinPlatformAgentDefault:ModLauncher Root Container(ModLauncher:4f56a0a2)]
[22Jun2025 13:15:10.624] [main/DEBUG] [mixin/]: Processing inject() for PlatformAgent[MixinPlatformAgentDefault:net.neoforged.fml.loading.mixin.FMLMixinContainerHandle@6eaa21d8]
[22Jun2025 13:15:10.624] [main/DEBUG] [mixin/]: Processing inject() for PlatformAgent[FMLMixinPlatformAgent:null]
[22Jun2025 13:15:10.624] [main/DEBUG] [mixin/]: Processing inject() for PlatformAgent[MixinPlatformAgentDefault:SecureJarResource(mixin_synthetic)]
[22Jun2025 13:15:10.625] [main/DEBUG] [mixin/]: Processing inject() for PlatformAgent[MixinPlatformAgentDefault:SecureJarResource(minecraft)]
[22Jun2025 13:15:10.626] [main/DEBUG] [mixin/]: Processing inject() for PlatformAgent[MixinPlatformAgentDefault:SecureJarResource(fabric_rendering_data_attachment_v1)]
[22Jun2025 13:15:10.626] [main/DEBUG] [mixin/]: Processing inject() for PlatformAgent[MixinPlatformAgentDefault:SecureJarResource(sodium)]
[22Jun2025 13:15:10.626] [main/DEBUG] [mixin/]: Processing inject() for PlatformAgent[MixinPlatformAgentDefault:SecureJarResource(fabric_renderer_api_v1)]
[22Jun2025 13:15:10.626] [main/DEBUG] [mixin/]: Processing inject() for PlatformAgent[MixinPlatformAgentDefault:SecureJarResource(fabric_api_base)]
[22Jun2025 13:15:10.626] [main/DEBUG] [mixin/]: Processing inject() for PlatformAgent[MixinPlatformAgentDefault:SecureJarResource(reeses_sodium_options)]
[22Jun2025 13:15:10.626] [main/DEBUG] [mixin/]: Processing inject() for PlatformAgent[MixinPlatformAgentDefault:SecureJarResource(sodium_extra)]
[22Jun2025 13:15:10.626] [main/DEBUG] [mixin/]: Processing inject() for PlatformAgent[MixinPlatformAgentDefault:SecureJarResource(charken)]
[22Jun2025 13:15:10.626] [main/DEBUG] [mixin/]: Processing inject() for PlatformAgent[MixinPlatformAgentDefault:SecureJarResource(fabric_block_view_api_v2)]
[22Jun2025 13:15:10.626] [main/DEBUG] [mixin/]: Processing inject() for PlatformAgent[MixinPlatformAgentDefault:SecureJarResource(mixinextras.neoforge)]
[22Jun2025 13:15:10.626] [main/INFO] [cpw.mods.modlauncher.LaunchServiceHandler/MODLAUNCHER]: Launching target 'neoforgeclientdev' with arguments [--version, 21.4.123, --gameDir, ., --assetsDir, /home/jacob/.mcreator/gradle/caches/neoformruntime/assets, --assetIndex, 19]
[22Jun2025 13:15:10.749] [main/DEBUG] [mixin/]: Preparing mixins for MixinEnvironment[DEFAULT]
[22Jun2025 13:15:10.749] [main/DEBUG] [mixin/]: Selecting config fabric-rendering-data-attachment-v1.mixins.json
[22Jun2025 13:15:10.771] [main/DEBUG] [mixin/]: Selecting config fabric-rendering-data-attachment-v1.client.mixins.json
[22Jun2025 13:15:10.772] [main/DEBUG] [mixin/]: Selecting config sodium-common.mixins.json
[22Jun2025 13:15:10.806] [main/DEBUG] [Sodium/]: Loaded net.caffeinemc.mods.sodium.neoforge.ForgeMixinOverrides@66c38e51 for service interface net.caffeinemc.mods.sodium.client.services.PlatformMixinOverrides
[22Jun2025 13:15:10.816] [main/DEBUG] [Sodium/]: Loaded net.caffeinemc.mods.sodium.neoforge.NeoForgeRuntimeInformation@6ecab872 for service interface net.caffeinemc.mods.sodium.client.services.PlatformRuntimeInformation
[22Jun2025 13:15:10.818] [main/INFO] [Sodium/]: Loaded configuration file for Sodium: 43 options available, 0 override(s) found
[22Jun2025 13:15:10.819] [main/DEBUG] [mixin/]: Selecting config sodium-neoforge.mixins.json
[22Jun2025 13:15:10.821] [main/DEBUG] [mixin/]: Selecting config fabric-renderer-api-v1.mixins.json
[22Jun2025 13:15:10.823] [main/DEBUG] [mixin/]: Selecting config fabric-renderer-api-v1.debughud.mixins.json
[22Jun2025 13:15:10.824] [main/DEBUG] [mixin/]: Selecting config reeses-sodium-options.mixins.json
[22Jun2025 13:15:10.826] [main/WARN] [mixin/]: Reference map 'reeses-sodium-options.refmap.json' for reeses-sodium-options.mixins.json could not be read. If this is a development environment you can ignore this message
[22Jun2025 13:15:10.827] [main/DEBUG] [mixin/]: Selecting config sodium-extra.mixins.json
[22Jun2025 13:15:10.913] [main/INFO] [Sodium Extra Config/]: Loaded configuration file for Sodium Extra: 34 options available, 0 override(s) found
[22Jun2025 13:15:10.914] [main/WARN] [mixin/]: Reference map 'sodium-extra.refmap.json' for sodium-extra.mixins.json could not be read. If this is a development environment you can ignore this message
[22Jun2025 13:15:10.916] [main/DEBUG] [mixin/]: Selecting config neoforge.mixins.json
[22Jun2025 13:15:10.918] [main/DEBUG] [mixin/]: Selecting config fabric-block-view-api-v2.mixins.json
[22Jun2025 13:15:10.919] [main/DEBUG] [mixin/]: Selecting config fabric-block-view-api-v2.client.mixins.json
[22Jun2025 13:15:10.920] [main/DEBUG] [mixin/]: Selecting config mixinextras.init.mixins.json
[22Jun2025 13:15:11.022] [main/DEBUG] [MixinExtras|Service/]: com.llamalad7.mixinextras.service.MixinExtrasServiceImpl(version=0.4.1) is taking over from null
[22Jun2025 13:15:11.107] [main/DEBUG] [mixin/]: Registering new injector for @Inject with org.spongepowered.asm.mixin.injection.struct.CallbackInjectionInfo
[22Jun2025 13:15:11.110] [main/DEBUG] [mixin/]: Registering new injector for @ModifyArg with org.spongepowered.asm.mixin.injection.struct.ModifyArgInjectionInfo
[22Jun2025 13:15:11.111] [main/DEBUG] [mixin/]: Registering new injector for @ModifyArgs with org.spongepowered.asm.mixin.injection.struct.ModifyArgsInjectionInfo
[22Jun2025 13:15:11.114] [main/DEBUG] [mixin/]: Registering new injector for @Redirect with org.spongepowered.asm.mixin.injection.struct.RedirectInjectionInfo
[22Jun2025 13:15:11.117] [main/DEBUG] [mixin/]: Registering new injector for @ModifyVariable with org.spongepowered.asm.mixin.injection.struct.ModifyVariableInjectionInfo
[22Jun2025 13:15:11.120] [main/DEBUG] [mixin/]: Registering new injector for @ModifyConstant with org.spongepowered.asm.mixin.injection.struct.ModifyConstantInjectionInfo
[22Jun2025 13:15:11.154] [main/DEBUG] [mixin/]: Preparing fabric-rendering-data-attachment-v1.mixins.json (2)
[22Jun2025 13:15:11.193] [main/DEBUG] [mixin/]: Preparing fabric-rendering-data-attachment-v1.client.mixins.json (1)
[22Jun2025 13:15:11.222] [main/DEBUG] [mixin/]: Preparing sodium-common.mixins.json (80)
[22Jun2025 13:15:11.556] [main/DEBUG] [mixin/]: Preparing sodium-neoforge.mixins.json (16)
[22Jun2025 13:15:11.586] [main/DEBUG] [mixin/]: Preparing fabric-renderer-api-v1.mixins.json (5)
[22Jun2025 13:15:11.591] [main/DEBUG] [mixin/]: Preparing fabric-renderer-api-v1.debughud.mixins.json (1)
[22Jun2025 13:15:11.594] [main/DEBUG] [mixin/]: Preparing reeses-sodium-options.mixins.json (8)
[22Jun2025 13:15:11.622] [main/DEBUG] [mixin/]: Preparing sodium-extra.mixins.json (35)
[22Jun2025 13:15:11.688] [main/DEBUG] [mixin/]: Preparing neoforge.mixins.json (2)
[22Jun2025 13:15:11.693] [main/DEBUG] [mixin/]: Preparing fabric-block-view-api-v2.mixins.json (2)
[22Jun2025 13:15:11.696] [main/DEBUG] [mixin/]: Preparing fabric-block-view-api-v2.client.mixins.json (2)
[22Jun2025 13:15:11.699] [main/DEBUG] [mixin/]: Preparing mixinextras.init.mixins.json (0)
[22Jun2025 13:15:11.795] [main/DEBUG] [mixin/]: Prepared 154 mixins in 1.045 sec (6.8ms avg) (0ms load, 0ms transform, 0ms plugin)
[22Jun2025 13:15:11.816] [main/INFO] [MixinExtras|Service/]: Initializing MixinExtras via com.llamalad7.mixinextras.service.MixinExtrasServiceImpl(version=0.4.1).
[22Jun2025 13:15:11.820] [main/DEBUG] [mixin/]: Registering new injector for @SugarWrapper with com.llamalad7.mixinextras.sugar.impl.SugarWrapperInjectionInfo
[22Jun2025 13:15:11.822] [main/DEBUG] [mixin/]: Registering new injector for @FactoryRedirectWrapper with com.llamalad7.mixinextras.wrapper.factory.FactoryRedirectWrapperInjectionInfo
[22Jun2025 13:15:11.842] [main/DEBUG] [mixin/]: Mixing features.render.immediate.matrix_stack.VertexConsumerMixin from sodium-common.mixins.json into com.mojang.blaze3d.vertex.VertexConsumer
[22Jun2025 13:15:11.844] [main/DEBUG] [mixin/]: sodium-common.mixins.json:features.render.immediate.matrix_stack.VertexConsumerMixin from mod sodium: Class version 65 required is higher than the class version supported by the current version of Mixin (JAVA_17 supports class version 61)
[22Jun2025 13:15:11.917] [main/DEBUG] [mixin/]: Mixing features.textures.animations.tracking.GuiGraphicsMixin from sodium-common.mixins.json into net.minecraft.client.gui.GuiGraphics
[22Jun2025 13:15:11.918] [main/DEBUG] [mixin/]: sodium-common.mixins.json:features.textures.animations.tracking.GuiGraphicsMixin from mod sodium: Class version 65 required is higher than the class version supported by the current version of Mixin (JAVA_17 supports class version 61)
[22Jun2025 13:15:12.198] [main/DEBUG] [io.netty.util.internal.logging.InternalLoggerFactory/]: Using SLF4J as the default logging framework
[22Jun2025 13:15:12.206] [main/DEBUG] [io.netty.util.ResourceLeakDetector/]: -Dio.netty.leakDetection.level: simple
[22Jun2025 13:15:12.207] [main/DEBUG] [io.netty.util.ResourceLeakDetector/]: -Dio.netty.leakDetection.targetRecords: 4
[22Jun2025 13:15:13.517] [main/DEBUG] [oshi.util.FileUtil/]: No oshi.properties file found from ClassLoader cpw.mods.modlauncher.TransformingClassLoader@58b67519
[22Jun2025 13:15:13.638] [main/DEBUG] [oshi.util.FileUtil/]: Reading file /proc/self/auxv
[22Jun2025 13:15:13.639] [main/DEBUG] [oshi.util.FileUtil/]: Reading file /proc/self/auxv
[22Jun2025 13:15:13.644] [main/DEBUG] [oshi.util.FileUtil/]: Reading file /proc/stat
[22Jun2025 13:15:13.649] [main/DEBUG] [oshi.util.FileUtil/]: Reading file /sys/devices/system/cpu/cpu0/topology/core_id
[22Jun2025 13:15:13.650] [main/DEBUG] [oshi.util.FileUtil/]: Reading file /sys/devices/system/cpu/cpu0/topology/core_id
[22Jun2025 13:15:13.650] [main/DEBUG] [oshi.util.FileUtil/]: Reading file /sys/devices/system/cpu/cpu0/topology/physical_package_id
[22Jun2025 13:15:13.650] [main/DEBUG] [oshi.util.FileUtil/]: Reading file /sys/devices/system/cpu/cpu0/topology/physical_package_id
[22Jun2025 13:15:13.650] [main/DEBUG] [oshi.util.FileUtil/]: Reading file /sys/devices/system/cpu/cpu0/cpu_capacity
[22Jun2025 13:15:13.651] [main/DEBUG] [oshi.util.FileUtil/]: Reading file /sys/devices/system/cpu/cpu0/cache/index2/level
[22Jun2025 13:15:13.652] [main/DEBUG] [oshi.util.FileUtil/]: Reading file /sys/devices/system/cpu/cpu0/cache/index2/level
[22Jun2025 13:15:13.652] [main/DEBUG] [oshi.util.FileUtil/]: Reading file /sys/devices/system/cpu/cpu0/cache/index2/type
[22Jun2025 13:15:13.652] [main/DEBUG] [oshi.util.FileUtil/]: Reading file /sys/devices/system/cpu/cpu0/cache/index2/type
[22Jun2025 13:15:13.652] [main/DEBUG] [oshi.util.FileUtil/]: Reading file /sys/devices/system/cpu/cpu0/cache/index2/ways_of_associativity
[22Jun2025 13:15:13.653] [main/DEBUG] [oshi.util.FileUtil/]: Reading file /sys/devices/system/cpu/cpu0/cache/index2/ways_of_associativity
[22Jun2025 13:15:13.653] [main/DEBUG] [oshi.util.FileUtil/]: Reading file /sys/devices/system/cpu/cpu0/cache/index2/coherency_line_size
[22Jun2025 13:15:13.653] [main/DEBUG] [oshi.util.FileUtil/]: Reading file /sys/devices/system/cpu/cpu0/cache/index2/coherency_line_size
[22Jun2025 13:15:13.653] [main/DEBUG] [oshi.util.FileUtil/]: Reading file /sys/devices/system/cpu/cpu0/cache/index2/size
[22Jun2025 13:15:13.653] [main/DEBUG] [oshi.util.FileUtil/]: Reading file /sys/devices/system/cpu/cpu0/cache/index2/size
[22Jun2025 13:15:13.654] [main/DEBUG] [oshi.util.FileUtil/]: Reading file /sys/devices/system/cpu/cpu0/cache/index0/level
[22Jun2025 13:15:13.654] [main/DEBUG] [oshi.util.FileUtil/]: Reading file /sys/devices/system/cpu/cpu0/cache/index0/level
[22Jun2025 13:15:13.654] [main/DEBUG] [oshi.util.FileUtil/]: Reading file /sys/devices/system/cpu/cpu0/cache/index0/type
[22Jun2025 13:15:13.654] [main/DEBUG] [oshi.util.FileUtil/]: Reading file /sys/devices/system/cpu/cpu0/cache/index0/type
[22Jun2025 13:15:13.655] [main/DEBUG] [oshi.util.FileUtil/]: Reading file /sys/devices/system/cpu/cpu0/cache/index0/ways_of_associativity
[22Jun2025 13:15:13.655] [main/DEBUG] [oshi.util.FileUtil/]: Reading file /sys/devices/system/cpu/cpu0/cache/index0/ways_of_associativity
[22Jun2025 13:15:13.655] [main/DEBUG] [oshi.util.FileUtil/]: Reading file /sys/devices/system/cpu/cpu0/cache/index0/coherency_line_size
[22Jun2025 13:15:13.655] [main/DEBUG] [oshi.util.FileUtil/]: Reading file /sys/devices/system/cpu/cpu0/cache/index0/coherency_line_size
[22Jun2025 13:15:13.655] [main/DEBUG] [oshi.util.FileUtil/]: Reading file /sys/devices/system/cpu/cpu0/cache/index0/size
[22Jun2025 13:15:13.655] [main/DEBUG] [oshi.util.FileUtil/]: Reading file /sys/devices/system/cpu/cpu0/cache/index0/size
[22Jun2025 13:15:13.656] [main/DEBUG] [oshi.util.FileUtil/]: Reading file /sys/devices/system/cpu/cpu0/cache/index3/level
[22Jun2025 13:15:13.656] [main/DEBUG] [oshi.util.FileUtil/]: Reading file /sys/devices/system/cpu/cpu0/cache/index3/level
[22Jun2025 13:15:13.656] [main/DEBUG] [oshi.util.FileUtil/]: Reading file /sys/devices/system/cpu/cpu0/cache/index3/type
[22Jun2025 13:15:13.656] [main/DEBUG] [oshi.util.FileUtil/]: Reading file /sys/devices/system/cpu/cpu0/cache/index3/type
[22Jun2025 13:15:13.656] [main/DEBUG] [oshi.util.FileUtil/]: Reading file /sys/devices/system/cpu/cpu0/cache/index3/ways_of_associativity
[22Jun2025 13:15:13.656] [main/DEBUG] [oshi.util.FileUtil/]: Reading file /sys/devices/system/cpu/cpu0/cache/index3/ways_of_associativity
[22Jun2025 13:15:13.656] [main/DEBUG] [oshi.util.FileUtil/]: Reading file /sys/devices/system/cpu/cpu0/cache/index3/coherency_line_size
[22Jun2025 13:15:13.657] [main/DEBUG] [oshi.util.FileUtil/]: Reading file /sys/devices/system/cpu/cpu0/cache/index3/coherency_line_size
[22Jun2025 13:15:13.657] [main/DEBUG] [oshi.util.FileUtil/]: Reading file /sys/devices/system/cpu/cpu0/cache/index3/size
[22Jun2025 13:15:13.657] [main/DEBUG] [oshi.util.FileUtil/]: Reading file /sys/devices/system/cpu/cpu0/cache/index3/size
[22Jun2025 13:15:13.658] [main/DEBUG] [oshi.util.FileUtil/]: Reading file /sys/devices/system/cpu/cpu0/cache/index1/level
[22Jun2025 13:15:13.658] [main/DEBUG] [oshi.util.FileUtil/]: Reading file /sys/devices/system/cpu/cpu0/cache/index1/level
[22Jun2025 13:15:13.658] [main/DEBUG] [oshi.util.FileUtil/]: Reading file /sys/devices/system/cpu/cpu0/cache/index1/type
[22Jun2025 13:15:13.659] [main/DEBUG] [oshi.util.FileUtil/]: Reading file /sys/devices/system/cpu/cpu0/cache/index1/type
[22Jun2025 13:15:13.659] [main/DEBUG] [oshi.util.FileUtil/]: Reading file /sys/devices/system/cpu/cpu0/cache/index1/ways_of_associativity
[22Jun2025 13:15:13.659] [main/DEBUG] [oshi.util.FileUtil/]: Reading file /sys/devices/system/cpu/cpu0/cache/index1/ways_of_associativity
[22Jun2025 13:15:13.660] [main/DEBUG] [oshi.util.FileUtil/]: Reading file /sys/devices/system/cpu/cpu0/cache/index1/coherency_line_size
[22Jun2025 13:15:13.660] [main/DEBUG] [oshi.util.FileUtil/]: Reading file /sys/devices/system/cpu/cpu0/cache/index1/coherency_line_size
[22Jun2025 13:15:13.661] [main/DEBUG] [oshi.util.FileUtil/]: Reading file /sys/devices/system/cpu/cpu0/cache/index1/size
[22Jun2025 13:15:13.662] [main/DEBUG] [oshi.util.FileUtil/]: Reading file /sys/devices/system/cpu/cpu0/cache/index1/size
[22Jun2025 13:15:13.665] [main/DEBUG] [oshi.util.FileUtil/]: Reading file /sys/devices/system/cpu/cpu1/topology/core_id
[22Jun2025 13:15:13.666] [main/DEBUG] [oshi.util.FileUtil/]: Reading file /sys/devices/system/cpu/cpu1/topology/core_id
[22Jun2025 13:15:13.666] [main/DEBUG] [oshi.util.FileUtil/]: Reading file /sys/devices/system/cpu/cpu1/topology/physical_package_id
[22Jun2025 13:15:13.666] [main/DEBUG] [oshi.util.FileUtil/]: Reading file /sys/devices/system/cpu/cpu1/topology/physical_package_id
[22Jun2025 13:15:13.666] [main/DEBUG] [oshi.util.FileUtil/]: Reading file /sys/devices/system/cpu/cpu1/cpu_capacity
[22Jun2025 13:15:13.668] [main/DEBUG] [oshi.util.FileUtil/]: Reading file /sys/devices/system/cpu/cpu1/cache/index2/level
[22Jun2025 13:15:13.669] [main/DEBUG] [oshi.util.FileUtil/]: Reading file /sys/devices/system/cpu/cpu1/cache/index2/level
[22Jun2025 13:15:13.671] [main/DEBUG] [oshi.util.FileUtil/]: Reading file /sys/devices/system/cpu/cpu1/cache/index2/type
[22Jun2025 13:15:13.672] [main/DEBUG] [oshi.util.FileUtil/]: Reading file /sys/devices/system/cpu/cpu1/cache/index2/type
[22Jun2025 13:15:13.673] [main/DEBUG] [oshi.util.FileUtil/]: Reading file /sys/devices/system/cpu/cpu1/cache/index2/ways_of_associativity
[22Jun2025 13:15:13.674] [main/DEBUG] [oshi.util.FileUtil/]: Reading file /sys/devices/system/cpu/cpu1/cache/index2/ways_of_associativity
[22Jun2025 13:15:13.675] [main/DEBUG] [oshi.util.FileUtil/]: Reading file /sys/devices/system/cpu/cpu1/cache/index2/coherency_line_size
[22Jun2025 13:15:13.676] [main/DEBUG] [oshi.util.FileUtil/]: Reading file /sys/devices/system/cpu/cpu1/cache/index2/coherency_line_size
[22Jun2025 13:15:13.677] [main/DEBUG] [oshi.util.FileUtil/]: Reading file /sys/devices/system/cpu/cpu1/cache/index2/size
[22Jun2025 13:15:13.678] [main/DEBUG] [oshi.util.FileUtil/]: Reading file /sys/devices/system/cpu/cpu1/cache/index2/size
[22Jun2025 13:15:13.679] [main/DEBUG] [oshi.util.FileUtil/]: Reading file /sys/devices/system/cpu/cpu1/cache/index0/level
[22Jun2025 13:15:13.680] [main/DEBUG] [oshi.util.FileUtil/]: Reading file /sys/devices/system/cpu/cpu1/cache/index0/level
[22Jun2025 13:15:13.680] [main/DEBUG] [oshi.util.FileUtil/]: Reading file /sys/devices/system/cpu/cpu1/cache/index0/type
[22Jun2025 13:15:13.682] [main/DEBUG] [oshi.util.FileUtil/]: Reading file /sys/devices/system/cpu/cpu1/cache/index0/type
[22Jun2025 13:15:13.682] [main/DEBUG] [oshi.util.FileUtil/]: Reading file /sys/devices/system/cpu/cpu1/cache/index0/ways_of_associativity
[22Jun2025 13:15:13.683] [main/DEBUG] [oshi.util.FileUtil/]: Reading file /sys/devices/system/cpu/cpu1/cache/index0/ways_of_associativity
[22Jun2025 13:15:13.683] [main/DEBUG] [oshi.util.FileUtil/]: Reading file /sys/devices/system/cpu/cpu1/cache/index0/coherency_line_size
[22Jun2025 13:15:13.683] [main/DEBUG] [oshi.util.FileUtil/]: Reading file /sys/devices/system/cpu/cpu1/cache/index0/coherency_line_size
[22Jun2025 13:15:13.683] [main/DEBUG] [oshi.util.FileUtil/]: Reading file /sys/devices/system/cpu/cpu1/cache/index0/size
[22Jun2025 13:15:13.684] [main/DEBUG] [oshi.util.FileUtil/]: Reading file /sys/devices/system/cpu/cpu1/cache/index0/size
[22Jun2025 13:15:13.684] [main/DEBUG] [oshi.util.FileUtil/]: Reading file /sys/devices/system/cpu/cpu1/cache/index3/level
[22Jun2025 13:15:13.684] [main/DEBUG] [oshi.util.FileUtil/]: Reading file /sys/devices/system/cpu/cpu1/cache/index3/level
[22Jun2025 13:15:13.684] [main/DEBUG] [oshi.util.FileUtil/]: Reading file /sys/devices/system/cpu/cpu1/cache/index3/type
[22Jun2025 13:15:13.684] [main/DEBUG] [oshi.util.FileUtil/]: Reading file /sys/devices/system/cpu/cpu1/cache/index3/type
[22Jun2025 13:15:13.685] [main/DEBUG] [oshi.util.FileUtil/]: Reading file /sys/devices/system/cpu/cpu1/cache/index3/ways_of_associativity
[22Jun2025 13:15:13.685] [main/DEBUG] [oshi.util.FileUtil/]: Reading file /sys/devices/system/cpu/cpu1/cache/index3/ways_of_associativity
[22Jun2025 13:15:13.686] [main/DEBUG] [oshi.util.FileUtil/]: Reading file /sys/devices/system/cpu/cpu1/cache/index3/coherency_line_size
[22Jun2025 13:15:13.687] [main/DEBUG] [oshi.util.FileUtil/]: Reading file /sys/devices/system/cpu/cpu1/cache/index3/coherency_line_size
[22Jun2025 13:15:13.688] [main/DEBUG] [oshi.util.FileUtil/]: Reading file /sys/devices/system/cpu/cpu1/cache/index3/size
[22Jun2025 13:15:13.688] [main/DEBUG] [oshi.util.FileUtil/]: Reading file /sys/devices/system/cpu/cpu1/cache/index3/size
[22Jun2025 13:15:13.688] [main/DEBUG] [oshi.util.FileUtil/]: Reading file /sys/devices/system/cpu/cpu1/cache/index1/level
[22Jun2025 13:15:13.689] [main/DEBUG] [oshi.util.FileUtil/]: Reading file /sys/devices/system/cpu/cpu1/cache/index1/level
[22Jun2025 13:15:13.689] [main/DEBUG] [oshi.util.FileUtil/]: Reading file /sys/devices/system/cpu/cpu1/cache/index1/type
[22Jun2025 13:15:13.690] [main/DEBUG] [oshi.util.FileUtil/]: Reading file /sys/devices/system/cpu/cpu1/cache/index1/type
[22Jun2025 13:15:13.690] [main/DEBUG] [oshi.util.FileUtil/]: Reading file /sys/devices/system/cpu/cpu1/cache/index1/ways_of_associativity
[22Jun2025 13:15:13.690] [main/DEBUG] [oshi.util.FileUtil/]: Reading file /sys/devices/system/cpu/cpu1/cache/index1/ways_of_associativity
[22Jun2025 13:15:13.690] [main/DEBUG] [oshi.util.FileUtil/]: Reading file /sys/devices/system/cpu/cpu1/cache/index1/coherency_line_size
[22Jun2025 13:15:13.690] [main/DEBUG] [oshi.util.FileUtil/]: Reading file /sys/devices/system/cpu/cpu1/cache/index1/coherency_line_size
[22Jun2025 13:15:13.691] [main/DEBUG] [oshi.util.FileUtil/]: Reading file /sys/devices/system/cpu/cpu1/cache/index1/size
[22Jun2025 13:15:13.691] [main/DEBUG] [oshi.util.FileUtil/]: Reading file /sys/devices/system/cpu/cpu1/cache/index1/size
[22Jun2025 13:15:13.692] [main/DEBUG] [oshi.util.FileUtil/]: Reading file /sys/devices/system/cpu/cpu10/topology/core_id
[22Jun2025 13:15:13.692] [main/DEBUG] [oshi.util.FileUtil/]: Reading file /sys/devices/system/cpu/cpu10/topology/core_id
[22Jun2025 13:15:13.693] [main/DEBUG] [oshi.util.FileUtil/]: Reading file /sys/devices/system/cpu/cpu10/topology/physical_package_id
[22Jun2025 13:15:13.693] [main/DEBUG] [oshi.util.FileUtil/]: Reading file /sys/devices/system/cpu/cpu10/topology/physical_package_id
[22Jun2025 13:15:13.693] [main/DEBUG] [oshi.util.FileUtil/]: Reading file /sys/devices/system/cpu/cpu10/cpu_capacity
[22Jun2025 13:15:13.693] [main/DEBUG] [oshi.util.FileUtil/]: Reading file /sys/devices/system/cpu/cpu10/cache/index2/level
[22Jun2025 13:15:13.694] [main/DEBUG] [oshi.util.FileUtil/]: Reading file /sys/devices/system/cpu/cpu10/cache/index2/level
[22Jun2025 13:15:13.694] [main/DEBUG] [oshi.util.FileUtil/]: Reading file /sys/devices/system/cpu/cpu10/cache/index2/type
[22Jun2025 13:15:13.694] [main/DEBUG] [oshi.util.FileUtil/]: Reading file /sys/devices/system/cpu/cpu10/cache/index2/type
[22Jun2025 13:15:13.695] [main/DEBUG] [oshi.util.FileUtil/]: Reading file /sys/devices/system/cpu/cpu10/cache/index2/ways_of_associativity
[22Jun2025 13:15:13.695] [main/DEBUG] [oshi.util.FileUtil/]: Reading file /sys/devices/system/cpu/cpu10/cache/index2/ways_of_associativity
[22Jun2025 13:15:13.696] [main/DEBUG] [oshi.util.FileUtil/]: Reading file /sys/devices/system/cpu/cpu10/cache/index2/coherency_line_size
[22Jun2025 13:15:13.696] [main/DEBUG] [oshi.util.FileUtil/]: Reading file /sys/devices/system/cpu/cpu10/cache/index2/coherency_line_size
[22Jun2025 13:15:13.697] [main/DEBUG] [oshi.util.FileUtil/]: Reading file /sys/devices/system/cpu/cpu10/cache/index2/size
[22Jun2025 13:15:13.698] [main/DEBUG] [oshi.util.FileUtil/]: Reading file /sys/devices/system/cpu/cpu10/cache/index2/size
[22Jun2025 13:15:13.699] [main/DEBUG] [oshi.util.FileUtil/]: Reading file /sys/devices/system/cpu/cpu10/cache/index0/level
[22Jun2025 13:15:13.699] [main/DEBUG] [oshi.util.FileUtil/]: Reading file /sys/devices/system/cpu/cpu10/cache/index0/level
[22Jun2025 13:15:13.699] [main/DEBUG] [oshi.util.FileUtil/]: Reading file /sys/devices/system/cpu/cpu10/cache/index0/type
[22Jun2025 13:15:13.699] [main/DEBUG] [oshi.util.FileUtil/]: Reading file /sys/devices/system/cpu/cpu10/cache/index0/type
[22Jun2025 13:15:13.700] [main/DEBUG] [oshi.util.FileUtil/]: Reading file /sys/devices/system/cpu/cpu10/cache/index0/ways_of_associativity
[22Jun2025 13:15:13.700] [main/DEBUG] [oshi.util.FileUtil/]: Reading file /sys/devices/system/cpu/cpu10/cache/index0/ways_of_associativity
[22Jun2025 13:15:13.700] [main/DEBUG] [oshi.util.FileUtil/]: Reading file /sys/devices/system/cpu/cpu10/cache/index0/coherency_line_size
[22Jun2025 13:15:13.700] [main/DEBUG] [oshi.util.FileUtil/]: Reading file /sys/devices/system/cpu/cpu10/cache/index0/coherency_line_size
[22Jun2025 13:15:13.700] [main/DEBUG] [oshi.util.FileUtil/]: Reading file /sys/devices/system/cpu/cpu10/cache/index0/size
[22Jun2025 13:15:13.700] [main/DEBUG] [oshi.util.FileUtil/]: Reading file /sys/devices/system/cpu/cpu10/cache/index0/size
[22Jun2025 13:15:13.700] [main/DEBUG] [oshi.util.FileUtil/]: Reading file /sys/devices/system/cpu/cpu10/cache/index3/level
[22Jun2025 13:15:13.700] [main/DEBUG] [oshi.util.FileUtil/]: Reading file /sys/devices/system/cpu/cpu10/cache/index3/level
[22Jun2025 13:15:13.700] [main/DEBUG] [oshi.util.FileUtil/]: Reading file /sys/devices/system/cpu/cpu10/cache/index3/type
[22Jun2025 13:15:13.700] [main/DEBUG] [oshi.util.FileUtil/]: Reading file /sys/devices/system/cpu/cpu10/cache/index3/type
[22Jun2025 13:15:13.700] [main/DEBUG] [oshi.util.FileUtil/]: Reading file /sys/devices/system/cpu/cpu10/cache/index3/ways_of_associativity
[22Jun2025 13:15:13.700] [main/DEBUG] [oshi.util.FileUtil/]: Reading file /sys/devices/system/cpu/cpu10/cache/index3/ways_of_associativity
[22Jun2025 13:15:13.701] [main/DEBUG] [oshi.util.FileUtil/]: Reading file /sys/devices/system/cpu/cpu10/cache/index3/coherency_line_size
[22Jun2025 13:15:13.701] [main/DEBUG] [oshi.util.FileUtil/]: Reading file /sys/devices/system/cpu/cpu10/cache/index3/coherency_line_size
[22Jun2025 13:15:13.701] [main/DEBUG] [oshi.util.FileUtil/]: Reading file /sys/devices/system/cpu/cpu10/cache/index3/size
[22Jun2025 13:15:13.701] [main/DEBUG] [oshi.util.FileUtil/]: Reading file /sys/devices/system/cpu/cpu10/cache/index3/size
[22Jun2025 13:15:13.701] [main/DEBUG] [oshi.util.FileUtil/]: Reading file /sys/devices/system/cpu/cpu10/cache/index1/level
[22Jun2025 13:15:13.701] [main/DEBUG] [oshi.util.FileUtil/]: Reading file /sys/devices/system/cpu/cpu10/cache/index1/level
[22Jun2025 13:15:13.702] [main/DEBUG] [oshi.util.FileUtil/]: Reading file /sys/devices/system/cpu/cpu10/cache/index1/type
[22Jun2025 13:15:13.702] [main/DEBUG] [oshi.util.FileUtil/]: Reading file /sys/devices/system/cpu/cpu10/cache/index1/type
[22Jun2025 13:15:13.702] [main/DEBUG] [oshi.util.FileUtil/]: Reading file /sys/devices/system/cpu/cpu10/cache/index1/ways_of_associativity
[22Jun2025 13:15:13.702] [main/DEBUG] [oshi.util.FileUtil/]: Reading file /sys/devices/system/cpu/cpu10/cache/index1/ways_of_associativity
[22Jun2025 13:15:13.702] [main/DEBUG] [oshi.util.FileUtil/]: Reading file /sys/devices/system/cpu/cpu10/cache/index1/coherency_line_size
[22Jun2025 13:15:13.702] [main/DEBUG] [oshi.util.FileUtil/]: Reading file /sys/devices/system/cpu/cpu10/cache/index1/coherency_line_size
[22Jun2025 13:15:13.702] [main/DEBUG] [oshi.util.FileUtil/]: Reading file /sys/devices/system/cpu/cpu10/cache/index1/size
[22Jun2025 13:15:13.702] [main/DEBUG] [oshi.util.FileUtil/]: Reading file /sys/devices/system/cpu/cpu10/cache/index1/size
[22Jun2025 13:15:13.703] [main/DEBUG] [oshi.util.FileUtil/]: Reading file /sys/devices/system/cpu/cpu11/topology/core_id
[22Jun2025 13:15:13.703] [main/DEBUG] [oshi.util.FileUtil/]: Reading file /sys/devices/system/cpu/cpu11/topology/core_id
[22Jun2025 13:15:13.703] [main/DEBUG] [oshi.util.FileUtil/]: Reading file /sys/devices/system/cpu/cpu11/topology/physical_package_id
[22Jun2025 13:15:13.703] [main/DEBUG] [oshi.util.FileUtil/]: Reading file /sys/devices/system/cpu/cpu11/topology/physical_package_id
[22Jun2025 13:15:13.703] [main/DEBUG] [oshi.util.FileUtil/]: Reading file /sys/devices/system/cpu/cpu11/cpu_capacity
[22Jun2025 13:15:13.704] [main/DEBUG] [oshi.util.FileUtil/]: Reading file /sys/devices/system/cpu/cpu11/cache/index2/level
[22Jun2025 13:15:13.704] [main/DEBUG] [oshi.util.FileUtil/]: Reading file /sys/devices/system/cpu/cpu11/cache/index2/level
[22Jun2025 13:15:13.704] [main/DEBUG] [oshi.util.FileUtil/]: Reading file /sys/devices/system/cpu/cpu11/cache/index2/type
[22Jun2025 13:15:13.704] [main/DEBUG] [oshi.util.FileUtil/]: Reading file /sys/devices/system/cpu/cpu11/cache/index2/type
[22Jun2025 13:15:13.704] [main/DEBUG] [oshi.util.FileUtil/]: Reading file /sys/devices/system/cpu/cpu11/cache/index2/ways_of_associativity
[22Jun2025 13:15:13.704] [main/DEBUG] [oshi.util.FileUtil/]: Reading file /sys/devices/system/cpu/cpu11/cache/index2/ways_of_associativity
[22Jun2025 13:15:13.704] [main/DEBUG] [oshi.util.FileUtil/]: Reading file /sys/devices/system/cpu/cpu11/cache/index2/coherency_line_size
[22Jun2025 13:15:13.704] [main/DEBUG] [oshi.util.FileUtil/]: Reading file /sys/devices/system/cpu/cpu11/cache/index2/coherency_line_size
[22Jun2025 13:15:13.704] [main/DEBUG] [oshi.util.FileUtil/]: Reading file /sys/devices/system/cpu/cpu11/cache/index2/size
[22Jun2025 13:15:13.704] [main/DEBUG] [oshi.util.FileUtil/]: Reading file /sys/devices/system/cpu/cpu11/cache/index2/size
[22Jun2025 13:15:13.704] [main/DEBUG] [oshi.util.FileUtil/]: Reading file /sys/devices/system/cpu/cpu11/cache/index0/level
[22Jun2025 13:15:13.704] [main/DEBUG] [oshi.util.FileUtil/]: Reading file /sys/devices/system/cpu/cpu11/cache/index0/level
[22Jun2025 13:15:13.704] [main/DEBUG] [oshi.util.FileUtil/]: Reading file /sys/devices/system/cpu/cpu11/cache/index0/type
[22Jun2025 13:15:13.704] [main/DEBUG] [oshi.util.FileUtil/]: Reading file /sys/devices/system/cpu/cpu11/cache/index0/type
[22Jun2025 13:15:13.705] [main/DEBUG] [oshi.util.FileUtil/]: Reading file /sys/devices/system/cpu/cpu11/cache/index0/ways_of_associativity
[22Jun2025 13:15:13.705] [main/DEBUG] [oshi.util.FileUtil/]: Reading file /sys/devices/system/cpu/cpu11/cache/index0/ways_of_associativity
[22Jun2025 13:15:13.705] [main/DEBUG] [oshi.util.FileUtil/]: Reading file /sys/devices/system/cpu/cpu11/cache/index0/coherency_line_size
[22Jun2025 13:15:13.705] [main/DEBUG] [oshi.util.FileUtil/]: Reading file /sys/devices/system/cpu/cpu11/cache/index0/coherency_line_size
[22Jun2025 13:15:13.705] [main/DEBUG] [oshi.util.FileUtil/]: Reading file /sys/devices/system/cpu/cpu11/cache/index0/size
[22Jun2025 13:15:13.705] [main/DEBUG] [oshi.util.FileUtil/]: Reading file /sys/devices/system/cpu/cpu11/cache/index0/size
[22Jun2025 13:15:13.705] [main/DEBUG] [oshi.util.FileUtil/]: Reading file /sys/devices/system/cpu/cpu11/cache/index3/level
[22Jun2025 13:15:13.705] [main/DEBUG] [oshi.util.FileUtil/]: Reading file /sys/devices/system/cpu/cpu11/cache/index3/level
[22Jun2025 13:15:13.705] [main/DEBUG] [oshi.util.FileUtil/]: Reading file /sys/devices/system/cpu/cpu11/cache/index3/type
[22Jun2025 13:15:13.705] [main/DEBUG] [oshi.util.FileUtil/]: Reading file /sys/devices/system/cpu/cpu11/cache/index3/type
[22Jun2025 13:15:13.705] [main/DEBUG] [oshi.util.FileUtil/]: Reading file /sys/devices/system/cpu/cpu11/cache/index3/ways_of_associativity
[22Jun2025 13:15:13.705] [main/DEBUG] [oshi.util.FileUtil/]: Reading file /sys/devices/system/cpu/cpu11/cache/index3/ways_of_associativity
[22Jun2025 13:15:13.705] [main/DEBUG] [oshi.util.FileUtil/]: Reading file /sys/devices/system/cpu/cpu11/cache/index3/coherency_line_size
[22Jun2025 13:15:13.705] [main/DEBUG] [oshi.util.FileUtil/]: Reading file /sys/devices/system/cpu/cpu11/cache/index3/coherency_line_size
[22Jun2025 13:15:13.705] [main/DEBUG] [oshi.util.FileUtil/]: Reading file /sys/devices/system/cpu/cpu11/cache/index3/size
[22Jun2025 13:15:13.705] [main/DEBUG] [oshi.util.FileUtil/]: Reading file /sys/devices/system/cpu/cpu11/cache/index3/size
[22Jun2025 13:15:13.706] [main/DEBUG] [oshi.util.FileUtil/]: Reading file /sys/devices/system/cpu/cpu11/cache/index1/level
[22Jun2025 13:15:13.706] [main/DEBUG] [oshi.util.FileUtil/]: Reading file /sys/devices/system/cpu/cpu11/cache/index1/level
[22Jun2025 13:15:13.706] [main/DEBUG] [oshi.util.FileUtil/]: Reading file /sys/devices/system/cpu/cpu11/cache/index1/type
[22Jun2025 13:15:13.706] [main/DEBUG] [oshi.util.FileUtil/]: Reading file /sys/devices/system/cpu/cpu11/cache/index1/type
[22Jun2025 13:15:13.706] [main/DEBUG] [oshi.util.FileUtil/]: Reading file /sys/devices/system/cpu/cpu11/cache/index1/ways_of_associativity
[22Jun2025 13:15:13.706] [main/DEBUG] [oshi.util.FileUtil/]: Reading file /sys/devices/system/cpu/cpu11/cache/index1/ways_of_associativity
[22Jun2025 13:15:13.706] [main/DEBUG] [oshi.util.FileUtil/]: Reading file /sys/devices/system/cpu/cpu11/cache/index1/coherency_line_size
[22Jun2025 13:15:13.706] [main/DEBUG] [oshi.util.FileUtil/]: Reading file /sys/devices/system/cpu/cpu11/cache/index1/coherency_line_size
[22Jun2025 13:15:13.706] [main/DEBUG] [oshi.util.FileUtil/]: Reading file /sys/devices/system/cpu/cpu11/cache/index1/size
[22Jun2025 13:15:13.706] [main/DEBUG] [oshi.util.FileUtil/]: Reading file /sys/devices/system/cpu/cpu11/cache/index1/size
[22Jun2025 13:15:13.706] [main/DEBUG] [oshi.util.FileUtil/]: Reading file /sys/devices/system/cpu/cpu2/topology/core_id
[22Jun2025 13:15:13.707] [main/DEBUG] [oshi.util.FileUtil/]: Reading file /sys/devices/system/cpu/cpu2/topology/core_id
[22Jun2025 13:15:13.707] [main/DEBUG] [oshi.util.FileUtil/]: Reading file /sys/devices/system/cpu/cpu2/topology/physical_package_id
[22Jun2025 13:15:13.707] [main/DEBUG] [oshi.util.FileUtil/]: Reading file /sys/devices/system/cpu/cpu2/topology/physical_package_id
[22Jun2025 13:15:13.707] [main/DEBUG] [oshi.util.FileUtil/]: Reading file /sys/devices/system/cpu/cpu2/cpu_capacity
[22Jun2025 13:15:13.707] [main/DEBUG] [oshi.util.FileUtil/]: Reading file /sys/devices/system/cpu/cpu2/cache/index2/level
[22Jun2025 13:15:13.707] [main/DEBUG] [oshi.util.FileUtil/]: Reading file /sys/devices/system/cpu/cpu2/cache/index2/level
[22Jun2025 13:15:13.707] [main/DEBUG] [oshi.util.FileUtil/]: Reading file /sys/devices/system/cpu/cpu2/cache/index2/type
[22Jun2025 13:15:13.707] [main/DEBUG] [oshi.util.FileUtil/]: Reading file /sys/devices/system/cpu/cpu2/cache/index2/type
[22Jun2025 13:15:13.707] [main/DEBUG] [oshi.util.FileUtil/]: Reading file /sys/devices/system/cpu/cpu2/cache/index2/ways_of_associativity
[22Jun2025 13:15:13.707] [main/DEBUG] [oshi.util.FileUtil/]: Reading file /sys/devices/system/cpu/cpu2/cache/index2/ways_of_associativity
[22Jun2025 13:15:13.707] [main/DEBUG] [oshi.util.FileUtil/]: Reading file /sys/devices/system/cpu/cpu2/cache/index2/coherency_line_size
[22Jun2025 13:15:13.708] [main/DEBUG] [oshi.util.FileUtil/]: Reading file /sys/devices/system/cpu/cpu2/cache/index2/coherency_line_size
[22Jun2025 13:15:13.708] [main/DEBUG] [oshi.util.FileUtil/]: Reading file /sys/devices/system/cpu/cpu2/cache/index2/size
[22Jun2025 13:15:13.708] [main/DEBUG] [oshi.util.FileUtil/]: Reading file /sys/devices/system/cpu/cpu2/cache/index2/size
[22Jun2025 13:15:13.708] [main/DEBUG] [oshi.util.FileUtil/]: Reading file /sys/devices/system/cpu/cpu2/cache/index0/level
[22Jun2025 13:15:13.708] [main/DEBUG] [oshi.util.FileUtil/]: Reading file /sys/devices/system/cpu/cpu2/cache/index0/level
[22Jun2025 13:15:13.708] [main/DEBUG] [oshi.util.FileUtil/]: Reading file /sys/devices/system/cpu/cpu2/cache/index0/type
[22Jun2025 13:15:13.708] [main/DEBUG] [oshi.util.FileUtil/]: Reading file /sys/devices/system/cpu/cpu2/cache/index0/type
[22Jun2025 13:15:13.708] [main/DEBUG] [oshi.util.FileUtil/]: Reading file /sys/devices/system/cpu/cpu2/cache/index0/ways_of_associativity
[22Jun2025 13:15:13.708] [main/DEBUG] [oshi.util.FileUtil/]: Reading file /sys/devices/system/cpu/cpu2/cache/index0/ways_of_associativity
[22Jun2025 13:15:13.708] [main/DEBUG] [oshi.util.FileUtil/]: Reading file /sys/devices/system/cpu/cpu2/cache/index0/coherency_line_size
[22Jun2025 13:15:13.708] [main/DEBUG] [oshi.util.FileUtil/]: Reading file /sys/devices/system/cpu/cpu2/cache/index0/coherency_line_size
[22Jun2025 13:15:13.708] [main/DEBUG] [oshi.util.FileUtil/]: Reading file /sys/devices/system/cpu/cpu2/cache/index0/size
[22Jun2025 13:15:13.708] [main/DEBUG] [oshi.util.FileUtil/]: Reading file /sys/devices/system/cpu/cpu2/cache/index0/size
[22Jun2025 13:15:13.708] [main/DEBUG] [oshi.util.FileUtil/]: Reading file /sys/devices/system/cpu/cpu2/cache/index3/level
[22Jun2025 13:15:13.708] [main/DEBUG] [oshi.util.FileUtil/]: Reading file /sys/devices/system/cpu/cpu2/cache/index3/level
[22Jun2025 13:15:13.709] [main/DEBUG] [oshi.util.FileUtil/]: Reading file /sys/devices/system/cpu/cpu2/cache/index3/type
[22Jun2025 13:15:13.709] [main/DEBUG] [oshi.util.FileUtil/]: Reading file /sys/devices/system/cpu/cpu2/cache/index3/type
[22Jun2025 13:15:13.709] [main/DEBUG] [oshi.util.FileUtil/]: Reading file /sys/devices/system/cpu/cpu2/cache/index3/ways_of_associativity
[22Jun2025 13:15:13.709] [main/DEBUG] [oshi.util.FileUtil/]: Reading file /sys/devices/system/cpu/cpu2/cache/index3/ways_of_associativity
[22Jun2025 13:15:13.709] [main/DEBUG] [oshi.util.FileUtil/]: Reading file /sys/devices/system/cpu/cpu2/cache/index3/coherency_line_size
[22Jun2025 13:15:13.709] [main/DEBUG] [oshi.util.FileUtil/]: Reading file /sys/devices/system/cpu/cpu2/cache/index3/coherency_line_size
[22Jun2025 13:15:13.709] [main/DEBUG] [oshi.util.FileUtil/]: Reading file /sys/devices/system/cpu/cpu2/cache/index3/size
[22Jun2025 13:15:13.709] [main/DEBUG] [oshi.util.FileUtil/]: Reading file /sys/devices/system/cpu/cpu2/cache/index3/size
[22Jun2025 13:15:13.709] [main/DEBUG] [oshi.util.FileUtil/]: Reading file /sys/devices/system/cpu/cpu2/cache/index1/level
[22Jun2025 13:15:13.709] [main/DEBUG] [oshi.util.FileUtil/]: Reading file /sys/devices/system/cpu/cpu2/cache/index1/level
[22Jun2025 13:15:13.709] [main/DEBUG] [oshi.util.FileUtil/]: Reading file /sys/devices/system/cpu/cpu2/cache/index1/type
[22Jun2025 13:15:13.709] [main/DEBUG] [oshi.util.FileUtil/]: Reading file /sys/devices/system/cpu/cpu2/cache/index1/type
[22Jun2025 13:15:13.709] [main/DEBUG] [oshi.util.FileUtil/]: Reading file /sys/devices/system/cpu/cpu2/cache/index1/ways_of_associativity
[22Jun2025 13:15:13.709] [main/DEBUG] [oshi.util.FileUtil/]: Reading file /sys/devices/system/cpu/cpu2/cache/index1/ways_of_associativity
[22Jun2025 13:15:13.709] [main/DEBUG] [oshi.util.FileUtil/]: Reading file /sys/devices/system/cpu/cpu2/cache/index1/coherency_line_size
[22Jun2025 13:15:13.709] [main/DEBUG] [oshi.util.FileUtil/]: Reading file /sys/devices/system/cpu/cpu2/cache/index1/coherency_line_size
[22Jun2025 13:15:13.709] [main/DEBUG] [oshi.util.FileUtil/]: Reading file /sys/devices/system/cpu/cpu2/cache/index1/size
[22Jun2025 13:15:13.709] [main/DEBUG] [oshi.util.FileUtil/]: Reading file /sys/devices/system/cpu/cpu2/cache/index1/size
[22Jun2025 13:15:13.710] [main/DEBUG] [oshi.util.FileUtil/]: Reading file /sys/devices/system/cpu/cpu3/topology/core_id
[22Jun2025 13:15:13.710] [main/DEBUG] [oshi.util.FileUtil/]: Reading file /sys/devices/system/cpu/cpu3/topology/core_id
[22Jun2025 13:15:13.710] [main/DEBUG] [oshi.util.FileUtil/]: Reading file /sys/devices/system/cpu/cpu3/topology/physical_package_id
[22Jun2025 13:15:13.710] [main/DEBUG] [oshi.util.FileUtil/]: Reading file /sys/devices/system/cpu/cpu3/topology/physical_package_id
[22Jun2025 13:15:13.710] [main/DEBUG] [oshi.util.FileUtil/]: Reading file /sys/devices/system/cpu/cpu3/cpu_capacity
[22Jun2025 13:15:13.711] [main/DEBUG] [oshi.util.FileUtil/]: Reading file /sys/devices/system/cpu/cpu3/cache/index2/level
[22Jun2025 13:15:13.711] [main/DEBUG] [oshi.util.FileUtil/]: Reading file /sys/devices/system/cpu/cpu3/cache/index2/level
[22Jun2025 13:15:13.711] [main/DEBUG] [oshi.util.FileUtil/]: Reading file /sys/devices/system/cpu/cpu3/cache/index2/type
[22Jun2025 13:15:13.711] [main/DEBUG] [oshi.util.FileUtil/]: Reading file /sys/devices/system/cpu/cpu3/cache/index2/type
[22Jun2025 13:15:13.711] [main/DEBUG] [oshi.util.FileUtil/]: Reading file /sys/devices/system/cpu/cpu3/cache/index2/ways_of_associativity
[22Jun2025 13:15:13.711] [main/DEBUG] [oshi.util.FileUtil/]: Reading file /sys/devices/system/cpu/cpu3/cache/index2/ways_of_associativity
[22Jun2025 13:15:13.711] [main/DEBUG] [oshi.util.FileUtil/]: Reading file /sys/devices/system/cpu/cpu3/cache/index2/coherency_line_size
[22Jun2025 13:15:13.711] [main/DEBUG] [oshi.util.FileUtil/]: Reading file /sys/devices/system/cpu/cpu3/cache/index2/coherency_line_size
[22Jun2025 13:15:13.711] [main/DEBUG] [oshi.util.FileUtil/]: Reading file /sys/devices/system/cpu/cpu3/cache/index2/size
[22Jun2025 13:15:13.711] [main/DEBUG] [oshi.util.FileUtil/]: Reading file /sys/devices/system/cpu/cpu3/cache/index2/size
[22Jun2025 13:15:13.711] [main/DEBUG] [oshi.util.FileUtil/]: Reading file /sys/devices/system/cpu/cpu3/cache/index0/level
[22Jun2025 13:15:13.711] [main/DEBUG] [oshi.util.FileUtil/]: Reading file /sys/devices/system/cpu/cpu3/cache/index0/level
[22Jun2025 13:15:13.711] [main/DEBUG] [oshi.util.FileUtil/]: Reading file /sys/devices/system/cpu/cpu3/cache/index0/type
[22Jun2025 13:15:13.711] [main/DEBUG] [oshi.util.FileUtil/]: Reading file /sys/devices/system/cpu/cpu3/cache/index0/type
[22Jun2025 13:15:13.711] [main/DEBUG] [oshi.util.FileUtil/]: Reading file /sys/devices/system/cpu/cpu3/cache/index0/ways_of_associativity
[22Jun2025 13:15:13.711] [main/DEBUG] [oshi.util.FileUtil/]: Reading file /sys/devices/system/cpu/cpu3/cache/index0/ways_of_associativity
[22Jun2025 13:15:13.711] [main/DEBUG] [oshi.util.FileUtil/]: Reading file /sys/devices/system/cpu/cpu3/cache/index0/coherency_line_size
[22Jun2025 13:15:13.711] [main/DEBUG] [oshi.util.FileUtil/]: Reading file /sys/devices/system/cpu/cpu3/cache/index0/coherency_line_size
[22Jun2025 13:15:13.712] [main/DEBUG] [oshi.util.FileUtil/]: Reading file /sys/devices/system/cpu/cpu3/cache/index0/size
[22Jun2025 13:15:13.712] [main/DEBUG] [oshi.util.FileUtil/]: Reading file /sys/devices/system/cpu/cpu3/cache/index0/size
[22Jun2025 13:15:13.712] [main/DEBUG] [oshi.util.FileUtil/]: Reading file /sys/devices/system/cpu/cpu3/cache/index3/level
[22Jun2025 13:15:13.712] [main/DEBUG] [oshi.util.FileUtil/]: Reading file /sys/devices/system/cpu/cpu3/cache/index3/level
[22Jun2025 13:15:13.712] [main/DEBUG] [oshi.util.FileUtil/]: Reading file /sys/devices/system/cpu/cpu3/cache/index3/type
[22Jun2025 13:15:13.712] [main/DEBUG] [oshi.util.FileUtil/]: Reading file /sys/devices/system/cpu/cpu3/cache/index3/type
[22Jun2025 13:15:13.712] [main/DEBUG] [oshi.util.FileUtil/]: Reading file /sys/devices/system/cpu/cpu3/cache/index3/ways_of_associativity
[22Jun2025 13:15:13.712] [main/DEBUG] [oshi.util.FileUtil/]: Reading file /sys/devices/system/cpu/cpu3/cache/index3/ways_of_associativity
[22Jun2025 13:15:13.712] [main/DEBUG] [oshi.util.FileUtil/]: Reading file /sys/devices/system/cpu/cpu3/cache/index3/coherency_line_size
[22Jun2025 13:15:13.712] [main/DEBUG] [oshi.util.FileUtil/]: Reading file /sys/devices/system/cpu/cpu3/cache/index3/coherency_line_size
[22Jun2025 13:15:13.712] [main/DEBUG] [oshi.util.FileUtil/]: Reading file /sys/devices/system/cpu/cpu3/cache/index3/size
[22Jun2025 13:15:13.712] [main/DEBUG] [oshi.util.FileUtil/]: Reading file /sys/devices/system/cpu/cpu3/cache/index3/size
[22Jun2025 13:15:13.712] [main/DEBUG] [oshi.util.FileUtil/]: Reading file /sys/devices/system/cpu/cpu3/cache/index1/level
[22Jun2025 13:15:13.712] [main/DEBUG] [oshi.util.FileUtil/]: Reading file /sys/devices/system/cpu/cpu3/cache/index1/level
[22Jun2025 13:15:13.712] [main/DEBUG] [oshi.util.FileUtil/]: Reading file /sys/devices/system/cpu/cpu3/cache/index1/type
[22Jun2025 13:15:13.713] [main/DEBUG] [oshi.util.FileUtil/]: Reading file /sys/devices/system/cpu/cpu3/cache/index1/type
[22Jun2025 13:15:13.713] [main/DEBUG] [oshi.util.FileUtil/]: Reading file /sys/devices/system/cpu/cpu3/cache/index1/ways_of_associativity
[22Jun2025 13:15:13.713] [main/DEBUG] [oshi.util.FileUtil/]: Reading file /sys/devices/system/cpu/cpu3/cache/index1/ways_of_associativity
[22Jun2025 13:15:13.713] [main/DEBUG] [oshi.util.FileUtil/]: Reading file /sys/devices/system/cpu/cpu3/cache/index1/coherency_line_size
[22Jun2025 13:15:13.713] [main/DEBUG] [oshi.util.FileUtil/]: Reading file /sys/devices/system/cpu/cpu3/cache/index1/coherency_line_size
[22Jun2025 13:15:13.713] [main/DEBUG] [oshi.util.FileUtil/]: Reading file /sys/devices/system/cpu/cpu3/cache/index1/size
[22Jun2025 13:15:13.713] [main/DEBUG] [oshi.util.FileUtil/]: Reading file /sys/devices/system/cpu/cpu3/cache/index1/size
[22Jun2025 13:15:13.713] [main/DEBUG] [oshi.util.FileUtil/]: Reading file /sys/devices/system/cpu/cpu4/topology/core_id
[22Jun2025 13:15:13.713] [main/DEBUG] [oshi.util.FileUtil/]: Reading file /sys/devices/system/cpu/cpu4/topology/core_id
[22Jun2025 13:15:13.714] [main/DEBUG] [oshi.util.FileUtil/]: Reading file /sys/devices/system/cpu/cpu4/topology/physical_package_id
[22Jun2025 13:15:13.714] [main/DEBUG] [oshi.util.FileUtil/]: Reading file /sys/devices/system/cpu/cpu4/topology/physical_package_id
[22Jun2025 13:15:13.714] [main/DEBUG] [oshi.util.FileUtil/]: Reading file /sys/devices/system/cpu/cpu4/cpu_capacity
[22Jun2025 13:15:13.714] [main/DEBUG] [oshi.util.FileUtil/]: Reading file /sys/devices/system/cpu/cpu4/cache/index2/level
[22Jun2025 13:15:13.714] [main/DEBUG] [oshi.util.FileUtil/]: Reading file /sys/devices/system/cpu/cpu4/cache/index2/level
[22Jun2025 13:15:13.715] [main/DEBUG] [oshi.util.FileUtil/]: Reading file /sys/devices/system/cpu/cpu4/cache/index2/type
[22Jun2025 13:15:13.715] [main/DEBUG] [oshi.util.FileUtil/]: Reading file /sys/devices/system/cpu/cpu4/cache/index2/type
[22Jun2025 13:15:13.715] [main/DEBUG] [oshi.util.FileUtil/]: Reading file /sys/devices/system/cpu/cpu4/cache/index2/ways_of_associativity
[22Jun2025 13:15:13.715] [main/DEBUG] [oshi.util.FileUtil/]: Reading file /sys/devices/system/cpu/cpu4/cache/index2/ways_of_associativity
[22Jun2025 13:15:13.715] [main/DEBUG] [oshi.util.FileUtil/]: Reading file /sys/devices/system/cpu/cpu4/cache/index2/coherency_line_size
[22Jun2025 13:15:13.715] [main/DEBUG] [oshi.util.FileUtil/]: Reading file /sys/devices/system/cpu/cpu4/cache/index2/coherency_line_size
[22Jun2025 13:15:13.715] [main/DEBUG] [oshi.util.FileUtil/]: Reading file /sys/devices/system/cpu/cpu4/cache/index2/size
[22Jun2025 13:15:13.715] [main/DEBUG] [oshi.util.FileUtil/]: Reading file /sys/devices/system/cpu/cpu4/cache/index2/size
[22Jun2025 13:15:13.716] [main/DEBUG] [oshi.util.FileUtil/]: Reading file /sys/devices/system/cpu/cpu4/cache/index0/level
[22Jun2025 13:15:13.716] [main/DEBUG] [oshi.util.FileUtil/]: Reading file /sys/devices/system/cpu/cpu4/cache/index0/level
[22Jun2025 13:15:13.716] [main/DEBUG] [oshi.util.FileUtil/]: Reading file /sys/devices/system/cpu/cpu4/cache/index0/type
[22Jun2025 13:15:13.716] [main/DEBUG] [oshi.util.FileUtil/]: Reading file /sys/devices/system/cpu/cpu4/cache/index0/type
[22Jun2025 13:15:13.716] [main/DEBUG] [oshi.util.FileUtil/]: Reading file /sys/devices/system/cpu/cpu4/cache/index0/ways_of_associativity
[22Jun2025 13:15:13.716] [main/DEBUG] [oshi.util.FileUtil/]: Reading file /sys/devices/system/cpu/cpu4/cache/index0/ways_of_associativity
[22Jun2025 13:15:13.716] [main/DEBUG] [oshi.util.FileUtil/]: Reading file /sys/devices/system/cpu/cpu4/cache/index0/coherency_line_size
[22Jun2025 13:15:13.716] [main/DEBUG] [oshi.util.FileUtil/]: Reading file /sys/devices/system/cpu/cpu4/cache/index0/coherency_line_size
[22Jun2025 13:15:13.716] [main/DEBUG] [oshi.util.FileUtil/]: Reading file /sys/devices/system/cpu/cpu4/cache/index0/size
[22Jun2025 13:15:13.716] [main/DEBUG] [oshi.util.FileUtil/]: Reading file /sys/devices/system/cpu/cpu4/cache/index0/size
[22Jun2025 13:15:13.717] [main/DEBUG] [oshi.util.FileUtil/]: Reading file /sys/devices/system/cpu/cpu4/cache/index3/level
[22Jun2025 13:15:13.717] [main/DEBUG] [oshi.util.FileUtil/]: Reading file /sys/devices/system/cpu/cpu4/cache/index3/level
[22Jun2025 13:15:13.717] [main/DEBUG] [oshi.util.FileUtil/]: Reading file /sys/devices/system/cpu/cpu4/cache/index3/type
[22Jun2025 13:15:13.717] [main/DEBUG] [oshi.util.FileUtil/]: Reading file /sys/devices/system/cpu/cpu4/cache/index3/type
[22Jun2025 13:15:13.717] [main/DEBUG] [oshi.util.FileUtil/]: Reading file /sys/devices/system/cpu/cpu4/cache/index3/ways_of_associativity
[22Jun2025 13:15:13.717] [main/DEBUG] [oshi.util.FileUtil/]: Reading file /sys/devices/system/cpu/cpu4/cache/index3/ways_of_associativity
[22Jun2025 13:15:13.717] [main/DEBUG] [oshi.util.FileUtil/]: Reading file /sys/devices/system/cpu/cpu4/cache/index3/coherency_line_size
[22Jun2025 13:15:13.717] [main/DEBUG] [oshi.util.FileUtil/]: Reading file /sys/devices/system/cpu/cpu4/cache/index3/coherency_line_size
[22Jun2025 13:15:13.717] [main/DEBUG] [oshi.util.FileUtil/]: Reading file /sys/devices/system/cpu/cpu4/cache/index3/size
[22Jun2025 13:15:13.717] [main/DEBUG] [oshi.util.FileUtil/]: Reading file /sys/devices/system/cpu/cpu4/cache/index3/size
[22Jun2025 13:15:13.717] [main/DEBUG] [oshi.util.FileUtil/]: Reading file /sys/devices/system/cpu/cpu4/cache/index1/level
[22Jun2025 13:15:13.718] [main/DEBUG] [oshi.util.FileUtil/]: Reading file /sys/devices/system/cpu/cpu4/cache/index1/level
[22Jun2025 13:15:13.718] [main/DEBUG] [oshi.util.FileUtil/]: Reading file /sys/devices/system/cpu/cpu4/cache/index1/type
[22Jun2025 13:15:13.718] [main/DEBUG] [oshi.util.FileUtil/]: Reading file /sys/devices/system/cpu/cpu4/cache/index1/type
[22Jun2025 13:15:13.718] [main/DEBUG] [oshi.util.FileUtil/]: Reading file /sys/devices/system/cpu/cpu4/cache/index1/ways_of_associativity
[22Jun2025 13:15:13.718] [main/DEBUG] [oshi.util.FileUtil/]: Reading file /sys/devices/system/cpu/cpu4/cache/index1/ways_of_associativity
[22Jun2025 13:15:13.718] [main/DEBUG] [oshi.util.FileUtil/]: Reading file /sys/devices/system/cpu/cpu4/cache/index1/coherency_line_size
[22Jun2025 13:15:13.718] [main/DEBUG] [oshi.util.FileUtil/]: Reading file /sys/devices/system/cpu/cpu4/cache/index1/coherency_line_size
[22Jun2025 13:15:13.718] [main/DEBUG] [oshi.util.FileUtil/]: Reading file /sys/devices/system/cpu/cpu4/cache/index1/size
[22Jun2025 13:15:13.718] [main/DEBUG] [oshi.util.FileUtil/]: Reading file /sys/devices/system/cpu/cpu4/cache/index1/size
[22Jun2025 13:15:13.719] [main/DEBUG] [oshi.util.FileUtil/]: Reading file /sys/devices/system/cpu/cpu5/topology/core_id
[22Jun2025 13:15:13.719] [main/DEBUG] [oshi.util.FileUtil/]: Reading file /sys/devices/system/cpu/cpu5/topology/core_id
[22Jun2025 13:15:13.719] [main/DEBUG] [oshi.util.FileUtil/]: Reading file /sys/devices/system/cpu/cpu5/topology/physical_package_id
[22Jun2025 13:15:13.719] [main/DEBUG] [oshi.util.FileUtil/]: Reading file /sys/devices/system/cpu/cpu5/topology/physical_package_id
[22Jun2025 13:15:13.719] [main/DEBUG] [oshi.util.FileUtil/]: Reading file /sys/devices/system/cpu/cpu5/cpu_capacity
[22Jun2025 13:15:13.720] [main/DEBUG] [oshi.util.FileUtil/]: Reading file /sys/devices/system/cpu/cpu5/cache/index2/level
[22Jun2025 13:15:13.720] [main/DEBUG] [oshi.util.FileUtil/]: Reading file /sys/devices/system/cpu/cpu5/cache/index2/level
[22Jun2025 13:15:13.720] [main/DEBUG] [oshi.util.FileUtil/]: Reading file /sys/devices/system/cpu/cpu5/cache/index2/type
[22Jun2025 13:15:13.720] [main/DEBUG] [oshi.util.FileUtil/]: Reading file /sys/devices/system/cpu/cpu5/cache/index2/type
[22Jun2025 13:15:13.721] [main/DEBUG] [oshi.util.FileUtil/]: Reading file /sys/devices/system/cpu/cpu5/cache/index2/ways_of_associativity
[22Jun2025 13:15:13.721] [main/DEBUG] [oshi.util.FileUtil/]: Reading file /sys/devices/system/cpu/cpu5/cache/index2/ways_of_associativity
[22Jun2025 13:15:13.721] [main/DEBUG] [oshi.util.FileUtil/]: Reading file /sys/devices/system/cpu/cpu5/cache/index2/coherency_line_size
[22Jun2025 13:15:13.721] [main/DEBUG] [oshi.util.FileUtil/]: Reading file /sys/devices/system/cpu/cpu5/cache/index2/coherency_line_size
[22Jun2025 13:15:13.721] [main/DEBUG] [oshi.util.FileUtil/]: Reading file /sys/devices/system/cpu/cpu5/cache/index2/size
[22Jun2025 13:15:13.721] [main/DEBUG] [oshi.util.FileUtil/]: Reading file /sys/devices/system/cpu/cpu5/cache/index2/size
[22Jun2025 13:15:13.721] [main/DEBUG] [oshi.util.FileUtil/]: Reading file /sys/devices/system/cpu/cpu5/cache/index0/level
[22Jun2025 13:15:13.722] [main/DEBUG] [oshi.util.FileUtil/]: Reading file /sys/devices/system/cpu/cpu5/cache/index0/level
[22Jun2025 13:15:13.722] [main/DEBUG] [oshi.util.FileUtil/]: Reading file /sys/devices/system/cpu/cpu5/cache/index0/type
[22Jun2025 13:15:13.722] [main/DEBUG] [oshi.util.FileUtil/]: Reading file /sys/devices/system/cpu/cpu5/cache/index0/type
[22Jun2025 13:15:13.723] [main/DEBUG] [oshi.util.FileUtil/]: Reading file /sys/devices/system/cpu/cpu5/cache/index0/ways_of_associativity
[22Jun2025 13:15:13.723] [main/DEBUG] [oshi.util.FileUtil/]: Reading file /sys/devices/system/cpu/cpu5/cache/index0/ways_of_associativity
[22Jun2025 13:15:13.723] [main/DEBUG] [oshi.util.FileUtil/]: Reading file /sys/devices/system/cpu/cpu5/cache/index0/coherency_line_size
[22Jun2025 13:15:13.723] [main/DEBUG] [oshi.util.FileUtil/]: Reading file /sys/devices/system/cpu/cpu5/cache/index0/coherency_line_size
[22Jun2025 13:15:13.723] [main/DEBUG] [oshi.util.FileUtil/]: Reading file /sys/devices/system/cpu/cpu5/cache/index0/size
[22Jun2025 13:15:13.723] [main/DEBUG] [oshi.util.FileUtil/]: Reading file /sys/devices/system/cpu/cpu5/cache/index0/size
[22Jun2025 13:15:13.723] [main/DEBUG] [oshi.util.FileUtil/]: Reading file /sys/devices/system/cpu/cpu5/cache/index3/level
[22Jun2025 13:15:13.723] [main/DEBUG] [oshi.util.FileUtil/]: Reading file /sys/devices/system/cpu/cpu5/cache/index3/level
[22Jun2025 13:15:13.724] [main/DEBUG] [oshi.util.FileUtil/]: Reading file /sys/devices/system/cpu/cpu5/cache/index3/type
[22Jun2025 13:15:13.724] [main/DEBUG] [oshi.util.FileUtil/]: Reading file /sys/devices/system/cpu/cpu5/cache/index3/type
[22Jun2025 13:15:13.724] [main/DEBUG] [oshi.util.FileUtil/]: Reading file /sys/devices/system/cpu/cpu5/cache/index3/ways_of_associativity
[22Jun2025 13:15:13.724] [main/DEBUG] [oshi.util.FileUtil/]: Reading file /sys/devices/system/cpu/cpu5/cache/index3/ways_of_associativity
[22Jun2025 13:15:13.724] [main/DEBUG] [oshi.util.FileUtil/]: Reading file /sys/devices/system/cpu/cpu5/cache/index3/coherency_line_size
[22Jun2025 13:15:13.724] [main/DEBUG] [oshi.util.FileUtil/]: Reading file /sys/devices/system/cpu/cpu5/cache/index3/coherency_line_size
[22Jun2025 13:15:13.724] [main/DEBUG] [oshi.util.FileUtil/]: Reading file /sys/devices/system/cpu/cpu5/cache/index3/size
[22Jun2025 13:15:13.724] [main/DEBUG] [oshi.util.FileUtil/]: Reading file /sys/devices/system/cpu/cpu5/cache/index3/size
[22Jun2025 13:15:13.724] [main/DEBUG] [oshi.util.FileUtil/]: Reading file /sys/devices/system/cpu/cpu5/cache/index1/level
[22Jun2025 13:15:13.724] [main/DEBUG] [oshi.util.FileUtil/]: Reading file /sys/devices/system/cpu/cpu5/cache/index1/level
[22Jun2025 13:15:13.725] [main/DEBUG] [oshi.util.FileUtil/]: Reading file /sys/devices/system/cpu/cpu5/cache/index1/type
[22Jun2025 13:15:13.725] [main/DEBUG] [oshi.util.FileUtil/]: Reading file /sys/devices/system/cpu/cpu5/cache/index1/type
[22Jun2025 13:15:13.725] [main/DEBUG] [oshi.util.FileUtil/]: Reading file /sys/devices/system/cpu/cpu5/cache/index1/ways_of_associativity
[22Jun2025 13:15:13.725] [main/DEBUG] [oshi.util.FileUtil/]: Reading file /sys/devices/system/cpu/cpu5/cache/index1/ways_of_associativity
[22Jun2025 13:15:13.725] [main/DEBUG] [oshi.util.FileUtil/]: Reading file /sys/devices/system/cpu/cpu5/cache/index1/coherency_line_size
[22Jun2025 13:15:13.725] [main/DEBUG] [oshi.util.FileUtil/]: Reading file /sys/devices/system/cpu/cpu5/cache/index1/coherency_line_size
[22Jun2025 13:15:13.725] [main/DEBUG] [oshi.util.FileUtil/]: Reading file /sys/devices/system/cpu/cpu5/cache/index1/size
[22Jun2025 13:15:13.725] [main/DEBUG] [oshi.util.FileUtil/]: Reading file /sys/devices/system/cpu/cpu5/cache/index1/size
[22Jun2025 13:15:13.726] [main/DEBUG] [oshi.util.FileUtil/]: Reading file /sys/devices/system/cpu/cpu6/topology/core_id
[22Jun2025 13:15:13.726] [main/DEBUG] [oshi.util.FileUtil/]: Reading file /sys/devices/system/cpu/cpu6/topology/core_id
[22Jun2025 13:15:13.726] [main/DEBUG] [oshi.util.FileUtil/]: Reading file /sys/devices/system/cpu/cpu6/topology/physical_package_id
[22Jun2025 13:15:13.726] [main/DEBUG] [oshi.util.FileUtil/]: Reading file /sys/devices/system/cpu/cpu6/topology/physical_package_id
[22Jun2025 13:15:13.726] [main/DEBUG] [oshi.util.FileUtil/]: Reading file /sys/devices/system/cpu/cpu6/cpu_capacity
[22Jun2025 13:15:13.726] [main/DEBUG] [oshi.util.FileUtil/]: Reading file /sys/devices/system/cpu/cpu6/cache/index2/level
[22Jun2025 13:15:13.727] [main/DEBUG] [oshi.util.FileUtil/]: Reading file /sys/devices/system/cpu/cpu6/cache/index2/level
[22Jun2025 13:15:13.727] [main/DEBUG] [oshi.util.FileUtil/]: Reading file /sys/devices/system/cpu/cpu6/cache/index2/type
[22Jun2025 13:15:13.727] [main/DEBUG] [oshi.util.FileUtil/]: Reading file /sys/devices/system/cpu/cpu6/cache/index2/type
[22Jun2025 13:15:13.727] [main/DEBUG] [oshi.util.FileUtil/]: Reading file /sys/devices/system/cpu/cpu6/cache/index2/ways_of_associativity
[22Jun2025 13:15:13.727] [main/DEBUG] [oshi.util.FileUtil/]: Reading file /sys/devices/system/cpu/cpu6/cache/index2/ways_of_associativity
[22Jun2025 13:15:13.727] [main/DEBUG] [oshi.util.FileUtil/]: Reading file /sys/devices/system/cpu/cpu6/cache/index2/coherency_line_size
[22Jun2025 13:15:13.728] [main/DEBUG] [oshi.util.FileUtil/]: Reading file /sys/devices/system/cpu/cpu6/cache/index2/coherency_line_size
[22Jun2025 13:15:13.728] [main/DEBUG] [oshi.util.FileUtil/]: Reading file /sys/devices/system/cpu/cpu6/cache/index2/size
[22Jun2025 13:15:13.728] [main/DEBUG] [oshi.util.FileUtil/]: Reading file /sys/devices/system/cpu/cpu6/cache/index2/size
[22Jun2025 13:15:13.728] [main/DEBUG] [oshi.util.FileUtil/]: Reading file /sys/devices/system/cpu/cpu6/cache/index0/level
[22Jun2025 13:15:13.728] [main/DEBUG] [oshi.util.FileUtil/]: Reading file /sys/devices/system/cpu/cpu6/cache/index0/level
[22Jun2025 13:15:13.728] [main/DEBUG] [oshi.util.FileUtil/]: Reading file /sys/devices/system/cpu/cpu6/cache/index0/type
[22Jun2025 13:15:13.728] [main/DEBUG] [oshi.util.FileUtil/]: Reading file /sys/devices/system/cpu/cpu6/cache/index0/type
[22Jun2025 13:15:13.729] [main/DEBUG] [oshi.util.FileUtil/]: Reading file /sys/devices/system/cpu/cpu6/cache/index0/ways_of_associativity
[22Jun2025 13:15:13.729] [main/DEBUG] [oshi.util.FileUtil/]: Reading file /sys/devices/system/cpu/cpu6/cache/index0/ways_of_associativity
[22Jun2025 13:15:13.729] [main/DEBUG] [oshi.util.FileUtil/]: Reading file /sys/devices/system/cpu/cpu6/cache/index0/coherency_line_size
[22Jun2025 13:15:13.729] [main/DEBUG] [oshi.util.FileUtil/]: Reading file /sys/devices/system/cpu/cpu6/cache/index0/coherency_line_size
[22Jun2025 13:15:13.729] [main/DEBUG] [oshi.util.FileUtil/]: Reading file /sys/devices/system/cpu/cpu6/cache/index0/size
[22Jun2025 13:15:13.729] [main/DEBUG] [oshi.util.FileUtil/]: Reading file /sys/devices/system/cpu/cpu6/cache/index0/size
[22Jun2025 13:15:13.729] [main/DEBUG] [oshi.util.FileUtil/]: Reading file /sys/devices/system/cpu/cpu6/cache/index3/level
[22Jun2025 13:15:13.730] [main/DEBUG] [oshi.util.FileUtil/]: Reading file /sys/devices/system/cpu/cpu6/cache/index3/level
[22Jun2025 13:15:13.730] [main/DEBUG] [oshi.util.FileUtil/]: Reading file /sys/devices/system/cpu/cpu6/cache/index3/type
[22Jun2025 13:15:13.730] [main/DEBUG] [oshi.util.FileUtil/]: Reading file /sys/devices/system/cpu/cpu6/cache/index3/type
[22Jun2025 13:15:13.730] [main/DEBUG] [oshi.util.FileUtil/]: Reading file /sys/devices/system/cpu/cpu6/cache/index3/ways_of_associativity
[22Jun2025 13:15:13.730] [main/DEBUG] [oshi.util.FileUtil/]: Reading file /sys/devices/system/cpu/cpu6/cache/index3/ways_of_associativity
[22Jun2025 13:15:13.730] [main/DEBUG] [oshi.util.FileUtil/]: Reading file /sys/devices/system/cpu/cpu6/cache/index3/coherency_line_size
[22Jun2025 13:15:13.730] [main/DEBUG] [oshi.util.FileUtil/]: Reading file /sys/devices/system/cpu/cpu6/cache/index3/coherency_line_size
[22Jun2025 13:15:13.730] [main/DEBUG] [oshi.util.FileUtil/]: Reading file /sys/devices/system/cpu/cpu6/cache/index3/size
[22Jun2025 13:15:13.730] [main/DEBUG] [oshi.util.FileUtil/]: Reading file /sys/devices/system/cpu/cpu6/cache/index3/size
[22Jun2025 13:15:13.730] [main/DEBUG] [oshi.util.FileUtil/]: Reading file /sys/devices/system/cpu/cpu6/cache/index1/level
[22Jun2025 13:15:13.730] [main/DEBUG] [oshi.util.FileUtil/]: Reading file /sys/devices/system/cpu/cpu6/cache/index1/level
[22Jun2025 13:15:13.731] [main/DEBUG] [oshi.util.FileUtil/]: Reading file /sys/devices/system/cpu/cpu6/cache/index1/type
[22Jun2025 13:15:13.731] [main/DEBUG] [oshi.util.FileUtil/]: Reading file /sys/devices/system/cpu/cpu6/cache/index1/type
[22Jun2025 13:15:13.731] [main/DEBUG] [oshi.util.FileUtil/]: Reading file /sys/devices/system/cpu/cpu6/cache/index1/ways_of_associativity
[22Jun2025 13:15:13.731] [main/DEBUG] [oshi.util.FileUtil/]: Reading file /sys/devices/system/cpu/cpu6/cache/index1/ways_of_associativity
[22Jun2025 13:15:13.731] [main/DEBUG] [oshi.util.FileUtil/]: Reading file /sys/devices/system/cpu/cpu6/cache/index1/coherency_line_size
[22Jun2025 13:15:13.731] [main/DEBUG] [oshi.util.FileUtil/]: Reading file /sys/devices/system/cpu/cpu6/cache/index1/coherency_line_size
[22Jun2025 13:15:13.731] [main/DEBUG] [oshi.util.FileUtil/]: Reading file /sys/devices/system/cpu/cpu6/cache/index1/size
[22Jun2025 13:15:13.731] [main/DEBUG] [oshi.util.FileUtil/]: Reading file /sys/devices/system/cpu/cpu6/cache/index1/size
[22Jun2025 13:15:13.732] [main/DEBUG] [oshi.util.FileUtil/]: Reading file /sys/devices/system/cpu/cpu7/topology/core_id
[22Jun2025 13:15:13.733] [main/DEBUG] [oshi.util.FileUtil/]: Reading file /sys/devices/system/cpu/cpu7/topology/core_id
[22Jun2025 13:15:13.733] [main/DEBUG] [oshi.util.FileUtil/]: Reading file /sys/devices/system/cpu/cpu7/topology/physical_package_id
[22Jun2025 13:15:13.733] [main/DEBUG] [oshi.util.FileUtil/]: Reading file /sys/devices/system/cpu/cpu7/topology/physical_package_id
[22Jun2025 13:15:13.733] [main/DEBUG] [oshi.util.FileUtil/]: Reading file /sys/devices/system/cpu/cpu7/cpu_capacity
[22Jun2025 13:15:13.734] [main/DEBUG] [oshi.util.FileUtil/]: Reading file /sys/devices/system/cpu/cpu7/cache/index2/level
[22Jun2025 13:15:13.734] [main/DEBUG] [oshi.util.FileUtil/]: Reading file /sys/devices/system/cpu/cpu7/cache/index2/level
[22Jun2025 13:15:13.734] [main/DEBUG] [oshi.util.FileUtil/]: Reading file /sys/devices/system/cpu/cpu7/cache/index2/type
[22Jun2025 13:15:13.734] [main/DEBUG] [oshi.util.FileUtil/]: Reading file /sys/devices/system/cpu/cpu7/cache/index2/type
[22Jun2025 13:15:13.735] [main/DEBUG] [oshi.util.FileUtil/]: Reading file /sys/devices/system/cpu/cpu7/cache/index2/ways_of_associativity
[22Jun2025 13:15:13.735] [main/DEBUG] [oshi.util.FileUtil/]: Reading file /sys/devices/system/cpu/cpu7/cache/index2/ways_of_associativity
[22Jun2025 13:15:13.735] [main/DEBUG] [oshi.util.FileUtil/]: Reading file /sys/devices/system/cpu/cpu7/cache/index2/coherency_line_size
[22Jun2025 13:15:13.735] [main/DEBUG] [oshi.util.FileUtil/]: Reading file /sys/devices/system/cpu/cpu7/cache/index2/coherency_line_size
[22Jun2025 13:15:13.735] [main/DEBUG] [oshi.util.FileUtil/]: Reading file /sys/devices/system/cpu/cpu7/cache/index2/size
[22Jun2025 13:15:13.735] [main/DEBUG] [oshi.util.FileUtil/]: Reading file /sys/devices/system/cpu/cpu7/cache/index2/size
[22Jun2025 13:15:13.736] [main/DEBUG] [oshi.util.FileUtil/]: Reading file /sys/devices/system/cpu/cpu7/cache/index0/level
[22Jun2025 13:15:13.737] [main/DEBUG] [oshi.util.FileUtil/]: Reading file /sys/devices/system/cpu/cpu7/cache/index0/level
[22Jun2025 13:15:13.737] [main/DEBUG] [oshi.util.FileUtil/]: Reading file /sys/devices/system/cpu/cpu7/cache/index0/type
[22Jun2025 13:15:13.737] [main/DEBUG] [oshi.util.FileUtil/]: Reading file /sys/devices/system/cpu/cpu7/cache/index0/type
[22Jun2025 13:15:13.737] [main/DEBUG] [oshi.util.FileUtil/]: Reading file /sys/devices/system/cpu/cpu7/cache/index0/ways_of_associativity
[22Jun2025 13:15:13.737] [main/DEBUG] [oshi.util.FileUtil/]: Reading file /sys/devices/system/cpu/cpu7/cache/index0/ways_of_associativity
[22Jun2025 13:15:13.737] [main/DEBUG] [oshi.util.FileUtil/]: Reading file /sys/devices/system/cpu/cpu7/cache/index0/coherency_line_size
[22Jun2025 13:15:13.737] [main/DEBUG] [oshi.util.FileUtil/]: Reading file /sys/devices/system/cpu/cpu7/cache/index0/coherency_line_size
[22Jun2025 13:15:13.737] [main/DEBUG] [oshi.util.FileUtil/]: Reading file /sys/devices/system/cpu/cpu7/cache/index0/size
[22Jun2025 13:15:13.737] [main/DEBUG] [oshi.util.FileUtil/]: Reading file /sys/devices/system/cpu/cpu7/cache/index0/size
[22Jun2025 13:15:13.737] [main/DEBUG] [oshi.util.FileUtil/]: Reading file /sys/devices/system/cpu/cpu7/cache/index3/level
[22Jun2025 13:15:13.737] [main/DEBUG] [oshi.util.FileUtil/]: Reading file /sys/devices/system/cpu/cpu7/cache/index3/level
[22Jun2025 13:15:13.737] [main/DEBUG] [oshi.util.FileUtil/]: Reading file /sys/devices/system/cpu/cpu7/cache/index3/type
[22Jun2025 13:15:13.738] [main/DEBUG] [oshi.util.FileUtil/]: Reading file /sys/devices/system/cpu/cpu7/cache/index3/type
[22Jun2025 13:15:13.738] [main/DEBUG] [oshi.util.FileUtil/]: Reading file /sys/devices/system/cpu/cpu7/cache/index3/ways_of_associativity
[22Jun2025 13:15:13.738] [main/DEBUG] [oshi.util.FileUtil/]: Reading file /sys/devices/system/cpu/cpu7/cache/index3/ways_of_associativity
[22Jun2025 13:15:13.738] [main/DEBUG] [oshi.util.FileUtil/]: Reading file /sys/devices/system/cpu/cpu7/cache/index3/coherency_line_size
[22Jun2025 13:15:13.738] [main/DEBUG] [oshi.util.FileUtil/]: Reading file /sys/devices/system/cpu/cpu7/cache/index3/coherency_line_size
[22Jun2025 13:15:13.738] [main/DEBUG] [oshi.util.FileUtil/]: Reading file /sys/devices/system/cpu/cpu7/cache/index3/size
[22Jun2025 13:15:13.738] [main/DEBUG] [oshi.util.FileUtil/]: Reading file /sys/devices/system/cpu/cpu7/cache/index3/size
[22Jun2025 13:15:13.738] [main/DEBUG] [oshi.util.FileUtil/]: Reading file /sys/devices/system/cpu/cpu7/cache/index1/level
[22Jun2025 13:15:13.738] [main/DEBUG] [oshi.util.FileUtil/]: Reading file /sys/devices/system/cpu/cpu7/cache/index1/level
[22Jun2025 13:15:13.738] [main/DEBUG] [oshi.util.FileUtil/]: Reading file /sys/devices/system/cpu/cpu7/cache/index1/type
[22Jun2025 13:15:13.738] [main/DEBUG] [oshi.util.FileUtil/]: Reading file /sys/devices/system/cpu/cpu7/cache/index1/type
[22Jun2025 13:15:13.738] [main/DEBUG] [oshi.util.FileUtil/]: Reading file /sys/devices/system/cpu/cpu7/cache/index1/ways_of_associativity
[22Jun2025 13:15:13.738] [main/DEBUG] [oshi.util.FileUtil/]: Reading file /sys/devices/system/cpu/cpu7/cache/index1/ways_of_associativity
[22Jun2025 13:15:13.738] [main/DEBUG] [oshi.util.FileUtil/]: Reading file /sys/devices/system/cpu/cpu7/cache/index1/coherency_line_size
[22Jun2025 13:15:13.738] [main/DEBUG] [oshi.util.FileUtil/]: Reading file /sys/devices/system/cpu/cpu7/cache/index1/coherency_line_size
[22Jun2025 13:15:13.738] [main/DEBUG] [oshi.util.FileUtil/]: Reading file /sys/devices/system/cpu/cpu7/cache/index1/size
[22Jun2025 13:15:13.738] [main/DEBUG] [oshi.util.FileUtil/]: Reading file /sys/devices/system/cpu/cpu7/cache/index1/size
[22Jun2025 13:15:13.739] [main/DEBUG] [oshi.util.FileUtil/]: Reading file /sys/devices/system/cpu/cpu8/topology/core_id
[22Jun2025 13:15:13.740] [main/DEBUG] [oshi.util.FileUtil/]: Reading file /sys/devices/system/cpu/cpu8/topology/core_id
[22Jun2025 13:15:13.740] [main/DEBUG] [oshi.util.FileUtil/]: Reading file /sys/devices/system/cpu/cpu8/topology/physical_package_id
[22Jun2025 13:15:13.740] [main/DEBUG] [oshi.util.FileUtil/]: Reading file /sys/devices/system/cpu/cpu8/topology/physical_package_id
[22Jun2025 13:15:13.740] [main/DEBUG] [oshi.util.FileUtil/]: Reading file /sys/devices/system/cpu/cpu8/cpu_capacity
[22Jun2025 13:15:13.740] [main/DEBUG] [oshi.util.FileUtil/]: Reading file /sys/devices/system/cpu/cpu8/cache/index2/level
[22Jun2025 13:15:13.740] [main/DEBUG] [oshi.util.FileUtil/]: Reading file /sys/devices/system/cpu/cpu8/cache/index2/level
[22Jun2025 13:15:13.740] [main/DEBUG] [oshi.util.FileUtil/]: Reading file /sys/devices/system/cpu/cpu8/cache/index2/type
[22Jun2025 13:15:13.741] [main/DEBUG] [oshi.util.FileUtil/]: Reading file /sys/devices/system/cpu/cpu8/cache/index2/type
[22Jun2025 13:15:13.741] [main/DEBUG] [oshi.util.FileUtil/]: Reading file /sys/devices/system/cpu/cpu8/cache/index2/ways_of_associativity
[22Jun2025 13:15:13.741] [main/DEBUG] [oshi.util.FileUtil/]: Reading file /sys/devices/system/cpu/cpu8/cache/index2/ways_of_associativity
[22Jun2025 13:15:13.741] [main/DEBUG] [oshi.util.FileUtil/]: Reading file /sys/devices/system/cpu/cpu8/cache/index2/coherency_line_size
[22Jun2025 13:15:13.741] [main/DEBUG] [oshi.util.FileUtil/]: Reading file /sys/devices/system/cpu/cpu8/cache/index2/coherency_line_size
[22Jun2025 13:15:13.741] [main/DEBUG] [oshi.util.FileUtil/]: Reading file /sys/devices/system/cpu/cpu8/cache/index2/size
[22Jun2025 13:15:13.741] [main/DEBUG] [oshi.util.FileUtil/]: Reading file /sys/devices/system/cpu/cpu8/cache/index2/size
[22Jun2025 13:15:13.741] [main/DEBUG] [oshi.util.FileUtil/]: Reading file /sys/devices/system/cpu/cpu8/cache/index0/level
[22Jun2025 13:15:13.741] [main/DEBUG] [oshi.util.FileUtil/]: Reading file /sys/devices/system/cpu/cpu8/cache/index0/level
[22Jun2025 13:15:13.741] [main/DEBUG] [oshi.util.FileUtil/]: Reading file /sys/devices/system/cpu/cpu8/cache/index0/type
[22Jun2025 13:15:13.741] [main/DEBUG] [oshi.util.FileUtil/]: Reading file /sys/devices/system/cpu/cpu8/cache/index0/type
[22Jun2025 13:15:13.741] [main/DEBUG] [oshi.util.FileUtil/]: Reading file /sys/devices/system/cpu/cpu8/cache/index0/ways_of_associativity
[22Jun2025 13:15:13.741] [main/DEBUG] [oshi.util.FileUtil/]: Reading file /sys/devices/system/cpu/cpu8/cache/index0/ways_of_associativity
[22Jun2025 13:15:13.741] [main/DEBUG] [oshi.util.FileUtil/]: Reading file /sys/devices/system/cpu/cpu8/cache/index0/coherency_line_size
[22Jun2025 13:15:13.741] [main/DEBUG] [oshi.util.FileUtil/]: Reading file /sys/devices/system/cpu/cpu8/cache/index0/coherency_line_size
[22Jun2025 13:15:13.741] [main/DEBUG] [oshi.util.FileUtil/]: Reading file /sys/devices/system/cpu/cpu8/cache/index0/size
[22Jun2025 13:15:13.742] [main/DEBUG] [oshi.util.FileUtil/]: Reading file /sys/devices/system/cpu/cpu8/cache/index0/size
[22Jun2025 13:15:13.742] [main/DEBUG] [oshi.util.FileUtil/]: Reading file /sys/devices/system/cpu/cpu8/cache/index3/level
[22Jun2025 13:15:13.742] [main/DEBUG] [oshi.util.FileUtil/]: Reading file /sys/devices/system/cpu/cpu8/cache/index3/level
[22Jun2025 13:15:13.742] [main/DEBUG] [oshi.util.FileUtil/]: Reading file /sys/devices/system/cpu/cpu8/cache/index3/type
[22Jun2025 13:15:13.742] [main/DEBUG] [oshi.util.FileUtil/]: Reading file /sys/devices/system/cpu/cpu8/cache/index3/type
[22Jun2025 13:15:13.742] [main/DEBUG] [oshi.util.FileUtil/]: Reading file /sys/devices/system/cpu/cpu8/cache/index3/ways_of_associativity
[22Jun2025 13:15:13.742] [main/DEBUG] [oshi.util.FileUtil/]: Reading file /sys/devices/system/cpu/cpu8/cache/index3/ways_of_associativity
[22Jun2025 13:15:13.742] [main/DEBUG] [oshi.util.FileUtil/]: Reading file /sys/devices/system/cpu/cpu8/cache/index3/coherency_line_size
[22Jun2025 13:15:13.742] [main/DEBUG] [oshi.util.FileUtil/]: Reading file /sys/devices/system/cpu/cpu8/cache/index3/coherency_line_size
[22Jun2025 13:15:13.742] [main/DEBUG] [oshi.util.FileUtil/]: Reading file /sys/devices/system/cpu/cpu8/cache/index3/size
[22Jun2025 13:15:13.742] [main/DEBUG] [oshi.util.FileUtil/]: Reading file /sys/devices/system/cpu/cpu8/cache/index3/size
[22Jun2025 13:15:13.742] [main/DEBUG] [oshi.util.FileUtil/]: Reading file /sys/devices/system/cpu/cpu8/cache/index1/level
[22Jun2025 13:15:13.742] [main/DEBUG] [oshi.util.FileUtil/]: Reading file /sys/devices/system/cpu/cpu8/cache/index1/level
[22Jun2025 13:15:13.742] [main/DEBUG] [oshi.util.FileUtil/]: Reading file /sys/devices/system/cpu/cpu8/cache/index1/type
[22Jun2025 13:15:13.742] [main/DEBUG] [oshi.util.FileUtil/]: Reading file /sys/devices/system/cpu/cpu8/cache/index1/type
[22Jun2025 13:15:13.742] [main/DEBUG] [oshi.util.FileUtil/]: Reading file /sys/devices/system/cpu/cpu8/cache/index1/ways_of_associativity
[22Jun2025 13:15:13.742] [main/DEBUG] [oshi.util.FileUtil/]: Reading file /sys/devices/system/cpu/cpu8/cache/index1/ways_of_associativity
[22Jun2025 13:15:13.742] [main/DEBUG] [oshi.util.FileUtil/]: Reading file /sys/devices/system/cpu/cpu8/cache/index1/coherency_line_size
[22Jun2025 13:15:13.743] [main/DEBUG] [oshi.util.FileUtil/]: Reading file /sys/devices/system/cpu/cpu8/cache/index1/coherency_line_size
[22Jun2025 13:15:13.743] [main/DEBUG] [oshi.util.FileUtil/]: Reading file /sys/devices/system/cpu/cpu8/cache/index1/size
[22Jun2025 13:15:13.743] [main/DEBUG] [oshi.util.FileUtil/]: Reading file /sys/devices/system/cpu/cpu8/cache/index1/size
[22Jun2025 13:15:13.743] [main/DEBUG] [oshi.util.FileUtil/]: Reading file /sys/devices/system/cpu/cpu9/topology/core_id
[22Jun2025 13:15:13.743] [main/DEBUG] [oshi.util.FileUtil/]: Reading file /sys/devices/system/cpu/cpu9/topology/core_id
[22Jun2025 13:15:13.744] [main/DEBUG] [oshi.util.FileUtil/]: Reading file /sys/devices/system/cpu/cpu9/topology/physical_package_id
[22Jun2025 13:15:13.744] [main/DEBUG] [oshi.util.FileUtil/]: Reading file /sys/devices/system/cpu/cpu9/topology/physical_package_id
[22Jun2025 13:15:13.744] [main/DEBUG] [oshi.util.FileUtil/]: Reading file /sys/devices/system/cpu/cpu9/cpu_capacity
[22Jun2025 13:15:13.744] [main/DEBUG] [oshi.util.FileUtil/]: Reading file /sys/devices/system/cpu/cpu9/cache/index2/level
[22Jun2025 13:15:13.744] [main/DEBUG] [oshi.util.FileUtil/]: Reading file /sys/devices/system/cpu/cpu9/cache/index2/level
[22Jun2025 13:15:13.744] [main/DEBUG] [oshi.util.FileUtil/]: Reading file /sys/devices/system/cpu/cpu9/cache/index2/type
[22Jun2025 13:15:13.744] [main/DEBUG] [oshi.util.FileUtil/]: Reading file /sys/devices/system/cpu/cpu9/cache/index2/type
[22Jun2025 13:15:13.744] [main/DEBUG] [oshi.util.FileUtil/]: Reading file /sys/devices/system/cpu/cpu9/cache/index2/ways_of_associativity
[22Jun2025 13:15:13.745] [main/DEBUG] [oshi.util.FileUtil/]: Reading file /sys/devices/system/cpu/cpu9/cache/index2/ways_of_associativity
[22Jun2025 13:15:13.745] [main/DEBUG] [oshi.util.FileUtil/]: Reading file /sys/devices/system/cpu/cpu9/cache/index2/coherency_line_size
[22Jun2025 13:15:13.745] [main/DEBUG] [oshi.util.FileUtil/]: Reading file /sys/devices/system/cpu/cpu9/cache/index2/coherency_line_size
[22Jun2025 13:15:13.748] [main/DEBUG] [oshi.util.FileUtil/]: Reading file /sys/devices/system/cpu/cpu9/cache/index2/size
[22Jun2025 13:15:13.748] [main/DEBUG] [oshi.util.FileUtil/]: Reading file /sys/devices/system/cpu/cpu9/cache/index2/size
[22Jun2025 13:15:13.749] [main/DEBUG] [oshi.util.FileUtil/]: Reading file /sys/devices/system/cpu/cpu9/cache/index0/level
[22Jun2025 13:15:13.750] [main/DEBUG] [oshi.util.FileUtil/]: Reading file /sys/devices/system/cpu/cpu9/cache/index0/level
[22Jun2025 13:15:13.750] [main/DEBUG] [oshi.util.FileUtil/]: Reading file /sys/devices/system/cpu/cpu9/cache/index0/type
[22Jun2025 13:15:13.751] [main/DEBUG] [oshi.util.FileUtil/]: Reading file /sys/devices/system/cpu/cpu9/cache/index0/type
[22Jun2025 13:15:13.751] [main/DEBUG] [oshi.util.FileUtil/]: Reading file /sys/devices/system/cpu/cpu9/cache/index0/ways_of_associativity
[22Jun2025 13:15:13.751] [main/DEBUG] [oshi.util.FileUtil/]: Reading file /sys/devices/system/cpu/cpu9/cache/index0/ways_of_associativity
[22Jun2025 13:15:13.751] [main/DEBUG] [oshi.util.FileUtil/]: Reading file /sys/devices/system/cpu/cpu9/cache/index0/coherency_line_size
[22Jun2025 13:15:13.751] [main/DEBUG] [oshi.util.FileUtil/]: Reading file /sys/devices/system/cpu/cpu9/cache/index0/coherency_line_size
[22Jun2025 13:15:13.751] [main/DEBUG] [oshi.util.FileUtil/]: Reading file /sys/devices/system/cpu/cpu9/cache/index0/size
[22Jun2025 13:15:13.751] [main/DEBUG] [oshi.util.FileUtil/]: Reading file /sys/devices/system/cpu/cpu9/cache/index0/size
[22Jun2025 13:15:13.751] [main/DEBUG] [oshi.util.FileUtil/]: Reading file /sys/devices/system/cpu/cpu9/cache/index3/level
[22Jun2025 13:15:13.751] [main/DEBUG] [oshi.util.FileUtil/]: Reading file /sys/devices/system/cpu/cpu9/cache/index3/level
[22Jun2025 13:15:13.751] [main/DEBUG] [oshi.util.FileUtil/]: Reading file /sys/devices/system/cpu/cpu9/cache/index3/type
[22Jun2025 13:15:13.751] [main/DEBUG] [oshi.util.FileUtil/]: Reading file /sys/devices/system/cpu/cpu9/cache/index3/type
[22Jun2025 13:15:13.751] [main/DEBUG] [oshi.util.FileUtil/]: Reading file /sys/devices/system/cpu/cpu9/cache/index3/ways_of_associativity
[22Jun2025 13:15:13.752] [main/DEBUG] [oshi.util.FileUtil/]: Reading file /sys/devices/system/cpu/cpu9/cache/index3/ways_of_associativity
[22Jun2025 13:15:13.752] [main/DEBUG] [oshi.util.FileUtil/]: Reading file /sys/devices/system/cpu/cpu9/cache/index3/coherency_line_size
[22Jun2025 13:15:13.752] [main/DEBUG] [oshi.util.FileUtil/]: Reading file /sys/devices/system/cpu/cpu9/cache/index3/coherency_line_size
[22Jun2025 13:15:13.752] [main/DEBUG] [oshi.util.FileUtil/]: Reading file /sys/devices/system/cpu/cpu9/cache/index3/size
[22Jun2025 13:15:13.752] [main/DEBUG] [oshi.util.FileUtil/]: Reading file /sys/devices/system/cpu/cpu9/cache/index3/size
[22Jun2025 13:15:13.752] [main/DEBUG] [oshi.util.FileUtil/]: Reading file /sys/devices/system/cpu/cpu9/cache/index1/level
[22Jun2025 13:15:13.752] [main/DEBUG] [oshi.util.FileUtil/]: Reading file /sys/devices/system/cpu/cpu9/cache/index1/level
[22Jun2025 13:15:13.752] [main/DEBUG] [oshi.util.FileUtil/]: Reading file /sys/devices/system/cpu/cpu9/cache/index1/type
[22Jun2025 13:15:13.752] [main/DEBUG] [oshi.util.FileUtil/]: Reading file /sys/devices/system/cpu/cpu9/cache/index1/type
[22Jun2025 13:15:13.752] [main/DEBUG] [oshi.util.FileUtil/]: Reading file /sys/devices/system/cpu/cpu9/cache/index1/ways_of_associativity
[22Jun2025 13:15:13.752] [main/DEBUG] [oshi.util.FileUtil/]: Reading file /sys/devices/system/cpu/cpu9/cache/index1/ways_of_associativity
[22Jun2025 13:15:13.752] [main/DEBUG] [oshi.util.FileUtil/]: Reading file /sys/devices/system/cpu/cpu9/cache/index1/coherency_line_size
[22Jun2025 13:15:13.752] [main/DEBUG] [oshi.util.FileUtil/]: Reading file /sys/devices/system/cpu/cpu9/cache/index1/coherency_line_size
[22Jun2025 13:15:13.752] [main/DEBUG] [oshi.util.FileUtil/]: Reading file /sys/devices/system/cpu/cpu9/cache/index1/size
[22Jun2025 13:15:13.752] [main/DEBUG] [oshi.util.FileUtil/]: Reading file /sys/devices/system/cpu/cpu9/cache/index1/size
[22Jun2025 13:15:13.758] [main/DEBUG] [oshi.util.FileUtil/]: Reading file /proc/cpuinfo
[22Jun2025 13:15:13.765] [main/DEBUG] [oshi.util.FileUtil/]: Reading file /proc/cpuinfo
[22Jun2025 13:15:14.125] [Datafixer Bootstrap/INFO] [com.mojang.datafixers.DataFixerBuilder/]: 246 Datafixer optimizations took 661 milliseconds
[22Jun2025 13:15:14.218] [main/DEBUG] [oshi.util.FileUtil/]: Reading file /proc/self/auxv
[22Jun2025 13:15:14.226] [main/DEBUG] [oshi.util.FileUtil/]: No oshi.architecture.properties file found from ClassLoader cpw.mods.modlauncher.TransformingClassLoader@58b67519
[22Jun2025 13:15:14.320] [main/DEBUG] [oshi.util.FileUtil/]: Reading file /proc/meminfo
[22Jun2025 13:15:14.321] [main/DEBUG] [oshi.util.FileUtil/]: Reading file /proc/meminfo
[22Jun2025 13:15:14.395] [pool-14-thread-1/DEBUG] [mixin/]: Mixing MappedRegistryAccessor from neoforge.mixins.json into net.minecraft.core.MappedRegistry
[22Jun2025 13:15:14.631] [pool-14-thread-1/DEBUG] [mixin/]: Mixing BlockViewMixin from fabric-block-view-api-v2.mixins.json into net.minecraft.world.level.BlockGetter
[22Jun2025 13:15:14.632] [pool-14-thread-1/DEBUG] [mixin/]: fabric-block-view-api-v2.mixins.json:BlockViewMixin from mod fabric_block_view_api_v2: Class version 65 required is higher than the class version supported by the current version of Mixin (JAVA_17 supports class version 61)
[22Jun2025 13:15:14.648] [pool-14-thread-1/DEBUG] [mixin/]: Mixing WorldViewMixin from fabric-rendering-data-attachment-v1.mixins.json into net.minecraft.world.level.LevelReader
[22Jun2025 13:15:14.648] [pool-14-thread-1/DEBUG] [mixin/]: fabric-rendering-data-attachment-v1.mixins.json:WorldViewMixin from mod fabric_rendering_data_attachment_v1: Class version 65 required is higher than the class version supported by the current version of Mixin (JAVA_17 supports class version 61)
[22Jun2025 13:15:14.776] [pool-14-thread-1/DEBUG] [mixin/]: Mixing features.render.immediate.DirectionMixin from sodium-common.mixins.json into net.minecraft.core.Direction
[22Jun2025 13:15:14.778] [pool-14-thread-1/DEBUG] [mixin/]: sodium-common.mixins.json:features.render.immediate.DirectionMixin from mod sodium: Class version 65 required is higher than the class version supported by the current version of Mixin (JAVA_17 supports class version 61)
[22Jun2025 13:15:15.280] [pool-14-thread-1/DEBUG] [mixin/]: Mixing features.options.render_layers.LeavesBlockMixin from sodium-common.mixins.json into net.minecraft.world.level.block.LeavesBlock
[22Jun2025 13:15:15.284] [pool-14-thread-1/DEBUG] [mixin/]: sodium-common.mixins.json:features.options.render_layers.LeavesBlockMixin from mod sodium: Class version 65 required is higher than the class version supported by the current version of Mixin (JAVA_17 supports class version 61)
[22Jun2025 13:15:15.513] [pool-14-thread-1/DEBUG] [mixin/]: Mixing BlockEntityMixin from fabric-rendering-data-attachment-v1.mixins.json into net.minecraft.world.level.block.entity.BlockEntity
[22Jun2025 13:15:15.514] [pool-14-thread-1/DEBUG] [mixin/]: fabric-rendering-data-attachment-v1.mixins.json:BlockEntityMixin from mod fabric_rendering_data_attachment_v1: Class version 65 required is higher than the class version supported by the current version of Mixin (JAVA_17 supports class version 61)
[22Jun2025 13:15:15.515] [pool-14-thread-1/DEBUG] [mixin/]: Mixing BlockEntityMixin from fabric-block-view-api-v2.mixins.json into net.minecraft.world.level.block.entity.BlockEntity
[22Jun2025 13:15:15.515] [pool-14-thread-1/DEBUG] [mixin/]: fabric-block-view-api-v2.mixins.json:BlockEntityMixin from mod fabric_block_view_api_v2: Class version 65 required is higher than the class version supported by the current version of Mixin (JAVA_17 supports class version 61)
[22Jun2025 13:15:15.908] [pool-14-thread-1/DEBUG] [mixin/]: Mixing core.render.BlockEntityTypeMixin from sodium-common.mixins.json into net.minecraft.world.level.block.entity.BlockEntityType
[22Jun2025 13:15:15.909] [pool-14-thread-1/DEBUG] [mixin/]: sodium-common.mixins.json:core.render.BlockEntityTypeMixin from mod sodium: Class version 65 required is higher than the class version supported by the current version of Mixin (JAVA_17 supports class version 61)
[22Jun2025 13:15:15.920] [pool-14-thread-1/DEBUG] [mixin/]: Mixing BlockEntityTypeAccessor from neoforge.mixins.json into net.minecraft.world.level.block.entity.BlockEntityType
[22Jun2025 13:15:16.347] [pool-14-thread-1/DEBUG] [mixin/]: Mixing features.world.biome.BiomeMixin from sodium-neoforge.mixins.json into net.minecraft.world.level.biome.Biome
[22Jun2025 13:15:16.348] [pool-14-thread-1/DEBUG] [mixin/]: sodium-neoforge.mixins.json:features.world.biome.BiomeMixin from mod sodium: Class version 65 required is higher than the class version supported by the current version of Mixin (JAVA_17 supports class version 61)
[22Jun2025 13:15:16.375] [pool-14-thread-1/DEBUG] [mixin/]: Mixing sky_colors.MixinBiome from sodium-extra.mixins.json into net.minecraft.world.level.biome.Biome
[22Jun2025 13:15:16.375] [pool-14-thread-1/DEBUG] [mixin/]: sodium-extra.mixins.json:sky_colors.MixinBiome from mod sodium_extra: Class version 65 required is higher than the class version supported by the current version of Mixin (JAVA_17 supports class version 61)
[22Jun2025 13:15:16.410] [pool-14-thread-1/DEBUG] [mixin/]: sodium-neoforge.mixins.json:features.world.biome.BiomeMixin from mod sodium->@Inject::onInit(Lorg/spongepowered/asm/mixin/injection/callback/CallbackInfo;)V doesn't use it's CallbackInfo
[22Jun2025 13:15:16.412] [pool-14-thread-1/DEBUG] [mixin/]: sodium-extra.mixins.json:sky_colors.MixinBiome from mod sodium_extra->@Inject::differentSkyColor(Lorg/spongepowered/asm/mixin/injection/callback/CallbackInfoReturnable;)V does use it's CallbackInfoReturnable
[22Jun2025 13:15:17.466] [pool-14-thread-1/DEBUG] [mixin/]: Mixing platform.neoforge.AuxiliaryLightManagerMixin from sodium-neoforge.mixins.json into net.neoforged.neoforge.common.world.AuxiliaryLightManager
[22Jun2025 13:15:17.466] [pool-14-thread-1/DEBUG] [mixin/]: sodium-neoforge.mixins.json:platform.neoforge.AuxiliaryLightManagerMixin from mod sodium: Class version 65 required is higher than the class version supported by the current version of Mixin (JAVA_17 supports class version 61)
[22Jun2025 13:15:18.227] [pool-14-thread-1/DEBUG] [io.netty.util.internal.PlatformDependent0/]: -Dio.netty.noUnsafe: false
[22Jun2025 13:15:18.227] [pool-14-thread-1/DEBUG] [io.netty.util.internal.PlatformDependent0/]: Java version: 21
[22Jun2025 13:15:18.233] [pool-14-thread-1/DEBUG] [io.netty.util.internal.PlatformDependent0/]: sun.misc.Unsafe.theUnsafe: available
[22Jun2025 13:15:18.235] [pool-14-thread-1/DEBUG] [io.netty.util.internal.PlatformDependent0/]: sun.misc.Unsafe base methods: all available
[22Jun2025 13:15:18.236] [pool-14-thread-1/DEBUG] [io.netty.util.internal.PlatformDependent0/]: sun.misc.Unsafe.storeFence: available
[22Jun2025 13:15:18.238] [pool-14-thread-1/DEBUG] [io.netty.util.internal.PlatformDependent0/]: java.nio.Buffer.address: available
[22Jun2025 13:15:18.239] [pool-14-thread-1/DEBUG] [io.netty.util.internal.PlatformDependent0/]: direct buffer constructor: unavailable: Reflective setAccessible(true) disabled
[22Jun2025 13:15:18.240] [pool-14-thread-1/DEBUG] [io.netty.util.internal.PlatformDependent0/]: java.nio.Bits.unaligned: available, true
[22Jun2025 13:15:18.241] [pool-14-thread-1/DEBUG] [io.netty.util.internal.PlatformDependent0/]: jdk.internal.misc.Unsafe.allocateUninitializedArray(int): unavailable: class io.netty.util.internal.PlatformDependent0$7 (in module io.netty.common) cannot access class jdk.internal.misc.Unsafe (in module java.base) because module java.base does not export jdk.internal.misc to module io.netty.common
[22Jun2025 13:15:18.241] [pool-14-thread-1/DEBUG] [io.netty.util.internal.PlatformDependent0/]: java.nio.DirectByteBuffer.<init>(long, {int,long}): unavailable
[22Jun2025 13:15:18.242] [pool-14-thread-1/DEBUG] [io.netty.util.internal.PlatformDependent/]: sun.misc.Unsafe: available
[22Jun2025 13:15:18.242] [pool-14-thread-1/DEBUG] [io.netty.util.internal.PlatformDependent/]: -Dio.netty.tmpdir: /tmp (java.io.tmpdir)
[22Jun2025 13:15:18.242] [pool-14-thread-1/DEBUG] [io.netty.util.internal.PlatformDependent/]: -Dio.netty.bitMode: 64 (sun.arch.data.model)
[22Jun2025 13:15:18.242] [pool-14-thread-1/DEBUG] [io.netty.util.internal.PlatformDependent/]: -Dio.netty.maxDirectMemory: -1 bytes
[22Jun2025 13:15:18.243] [pool-14-thread-1/DEBUG] [io.netty.util.internal.PlatformDependent/]: -Dio.netty.uninitializedArrayAllocationThreshold: -1
[22Jun2025 13:15:18.244] [pool-14-thread-1/DEBUG] [io.netty.util.internal.CleanerJava9/]: java.nio.ByteBuffer.cleaner(): available
[22Jun2025 13:15:18.245] [pool-14-thread-1/DEBUG] [io.netty.util.internal.PlatformDependent/]: -Dio.netty.noPreferDirect: false
[22Jun2025 13:15:18.247] [pool-14-thread-1/DEBUG] [io.netty.util.internal.PlatformDependent/]: Error while reading content of /etc/os-release
java.io.IOException: Maximum number of bytes read: 8192
	at MC-BOOTSTRAP/io.netty.common@4.1.115.Final/io.netty.util.internal.BoundedInputStream.checkMaxBytesRead(BoundedInputStream.java:79) ~[netty-common-4.1.115.Final.jar%23141!/:4.1.115.Final]
	at MC-BOOTSTRAP/io.netty.common@4.1.115.Final/io.netty.util.internal.BoundedInputStream.read(BoundedInputStream.java:58) ~[netty-common-4.1.115.Final.jar%23141!/:4.1.115.Final]
	at java.base/sun.nio.cs.StreamDecoder.readBytes(StreamDecoder.java:350) ~[?:?]
	at java.base/sun.nio.cs.StreamDecoder.implRead(StreamDecoder.java:393) ~[?:?]
	at java.base/sun.nio.cs.StreamDecoder.lockedRead(StreamDecoder.java:217) ~[?:?]
	at java.base/sun.nio.cs.StreamDecoder.read(StreamDecoder.java:171) ~[?:?]
	at java.base/java.io.InputStreamReader.read(InputStreamReader.java:188) ~[?:?]
	at java.base/java.io.BufferedReader.fill(BufferedReader.java:160) ~[?:?]
	at java.base/java.io.BufferedReader.implReadLine(BufferedReader.java:370) ~[?:?]
	at java.base/java.io.BufferedReader.readLine(BufferedReader.java:347) ~[?:?]
	at java.base/java.io.BufferedReader.readLine(BufferedReader.java:436) ~[?:?]
	at MC-BOOTSTRAP/io.netty.common@4.1.115.Final/io.netty.util.internal.PlatformDependent$4.run(PlatformDependent.java:246) ~[netty-common-4.1.115.Final.jar%23141!/:4.1.115.Final]
	at MC-BOOTSTRAP/io.netty.common@4.1.115.Final/io.netty.util.internal.PlatformDependent$4.run(PlatformDependent.java:235) ~[netty-common-4.1.115.Final.jar%23141!/:4.1.115.Final]
	at java.base/java.security.AccessController.doPrivileged(AccessController.java:319) ~[?:?]
	at MC-BOOTSTRAP/io.netty.common@4.1.115.Final/io.netty.util.internal.PlatformDependent.addFilesystemOsClassifiers(PlatformDependent.java:235) ~[netty-common-4.1.115.Final.jar%23141!/:4.1.115.Final]
	at MC-BOOTSTRAP/io.netty.common@4.1.115.Final/io.netty.util.internal.PlatformDependent.<clinit>(PlatformDependent.java:226) ~[netty-common-4.1.115.Final.jar%23141!/:4.1.115.Final]
	at MC-BOOTSTRAP/io.netty.common@4.1.115.Final/io.netty.util.ConstantPool.<init>(ConstantPool.java:34) ~[netty-common-4.1.115.Final.jar%23141!/:4.1.115.Final]
	at MC-BOOTSTRAP/io.netty.common@4.1.115.Final/io.netty.util.AttributeKey$1.<init>(AttributeKey.java:27) ~[netty-common-4.1.115.Final.jar%23141!/:4.1.115.Final]
	at MC-BOOTSTRAP/io.netty.common@4.1.115.Final/io.netty.util.AttributeKey.<clinit>(AttributeKey.java:27) ~[netty-common-4.1.115.Final.jar%23141!/:4.1.115.Final]
	at TRANSFORMER/neoforge@21.4.123/net.neoforged.neoforge.registries.RegistryManager.<clinit>(RegistryManager.java:272) ~[neoforge-21.4.123.jar%23207!/:?]
	at TRANSFORMER/neoforge@21.4.123/net.neoforged.neoforge.registries.RegistryBuilder.create(RegistryBuilder.java:125) ~[neoforge-21.4.123.jar%23207!/:?]
	at TRANSFORMER/neoforge@21.4.123/net.neoforged.neoforge.registries.NeoForgeRegistries.<clinit>(NeoForgeRegistries.java:34) ~[neoforge-21.4.123.jar%23207!/:?]
	at TRANSFORMER/minecraft@1.21.4/net.minecraft.resources.HolderSetCodec.<init>(HolderSetCodec.java:42) ~[neoforge-21.4.123.jar%23206!/:?]
	at TRANSFORMER/minecraft@1.21.4/net.minecraft.resources.HolderSetCodec.create(HolderSetCodec.java:33) ~[neoforge-21.4.123.jar%23206!/:?]
	at TRANSFORMER/minecraft@1.21.4/net.minecraft.core.RegistryCodecs.homogeneousList(RegistryCodecs.java:23) ~[neoforge-21.4.123.jar%23206!/:?]
	at TRANSFORMER/minecraft@1.21.4/net.minecraft.core.RegistryCodecs.homogeneousList(RegistryCodecs.java:19) ~[neoforge-21.4.123.jar%23206!/:?]
	at TRANSFORMER/minecraft@1.21.4/net.minecraft.world.item.enchantment.Enchantment$EnchantmentDefinition.lambda$static$0(Enchantment.java:657) ~[neoforge-21.4.123.jar%23206!/:?]
	at MC-BOOTSTRAP/datafixerupper@8.0.16/com.mojang.serialization.codecs.RecordCodecBuilder.mapCodec(RecordCodecBuilder.java:76) ~[datafixerupper-8.0.16.jar%23125!/:?]
	at TRANSFORMER/minecraft@1.21.4/net.minecraft.world.item.enchantment.Enchantment$EnchantmentDefinition.<clinit>(Enchantment.java:655) ~[neoforge-21.4.123.jar%23206!/:?]
	at TRANSFORMER/minecraft@1.21.4/net.minecraft.world.item.enchantment.Enchantment.lambda$static$0(Enchantment.java:65) ~[neoforge-21.4.123.jar%23206!/:?]
	at MC-BOOTSTRAP/datafixerupper@8.0.16/com.mojang.serialization.codecs.RecordCodecBuilder.create(RecordCodecBuilder.java:72) ~[datafixerupper-8.0.16.jar%23125!/:?]
	at TRANSFORMER/minecraft@1.21.4/net.minecraft.world.item.enchantment.Enchantment.<clinit>(Enchantment.java:63) ~[neoforge-21.4.123.jar%23206!/:?]
	at TRANSFORMER/minecraft@1.21.4/net.minecraft.world.item.enchantment.ItemEnchantments.<clinit>(ItemEnchantments.java:34) ~[neoforge-21.4.123.jar%23206!/:?]
	at TRANSFORMER/minecraft@1.21.4/net.minecraft.core.component.DataComponents.lambda$static$10(DataComponents.java:100) ~[neoforge-21.4.123.jar%23206!/:?]
	at TRANSFORMER/minecraft@1.21.4/net.minecraft.core.component.DataComponents.register(DataComponents.java:289) ~[neoforge-21.4.123.jar%23206!/:?]
	at TRANSFORMER/minecraft@1.21.4/net.minecraft.core.component.DataComponents.<clinit>(DataComponents.java:99) ~[neoforge-21.4.123.jar%23206!/:?]
	at TRANSFORMER/minecraft@1.21.4/net.minecraft.world.item.Item$Properties.<init>(Item.java:353) ~[neoforge-21.4.123.jar%23206!/:?]
	at TRANSFORMER/minecraft@1.21.4/net.minecraft.world.item.Items.registerBlock(Items.java:2215) ~[neoforge-21.4.123.jar%23206!/:?]
	at TRANSFORMER/minecraft@1.21.4/net.minecraft.world.item.Items.<clinit>(Items.java:52) ~[neoforge-21.4.123.jar%23206!/:?]
	at TRANSFORMER/minecraft@1.21.4/net.minecraft.world.level.block.LightBlock.getShape(LightBlock.java:65) ~[neoforge-21.4.123.jar%23206!/:?]
	at TRANSFORMER/minecraft@1.21.4/net.minecraft.world.level.block.state.BlockBehaviour$BlockStateBase.getShape(BlockBehaviour.java:674) ~[neoforge-21.4.123.jar%23206!/:?]
	at TRANSFORMER/minecraft@1.21.4/net.minecraft.world.level.block.state.BlockBehaviour$BlockStateBase.getShape(BlockBehaviour.java:670) ~[neoforge-21.4.123.jar%23206!/:?]
	at TRANSFORMER/minecraft@1.21.4/net.minecraft.world.level.block.state.BlockBehaviour.getCollisionShape(BlockBehaviour.java:324) ~[neoforge-21.4.123.jar%23206!/:?]
	at TRANSFORMER/minecraft@1.21.4/net.minecraft.world.level.block.state.BlockBehaviour$BlockStateBase$Cache.<init>(BlockBehaviour.java:942) ~[neoforge-21.4.123.jar%23206!/:?]
	at TRANSFORMER/minecraft@1.21.4/net.minecraft.world.level.block.state.BlockBehaviour$BlockStateBase.initCache(BlockBehaviour.java:505) ~[neoforge-21.4.123.jar%23206!/:?]
	at TRANSFORMER/minecraft@1.21.4/net.minecraft.world.level.block.Blocks.<clinit>(Blocks.java:6940) ~[neoforge-21.4.123.jar%23206!/:?]
	at TRANSFORMER/minecraft@1.21.4/net.minecraft.world.level.block.FireBlock.bootStrap(FireBlock.java:351) ~[neoforge-21.4.123.jar%23206!/:?]
	at TRANSFORMER/minecraft@1.21.4/net.minecraft.server.Bootstrap.bootStrap(Bootstrap.java:50) ~[neoforge-21.4.123.jar%23206!/:?]
	at TRANSFORMER/minecraft@1.21.4/net.minecraft.client.main.Main.lambda$main$0(Main.java:124) ~[neoforge-21.4.123.jar%23206!/:?]
	at java.base/java.util.concurrent.Executors$RunnableAdapter.call(Executors.java:572) ~[?:?]
	at java.base/java.util.concurrent.FutureTask.run(FutureTask.java:317) ~[?:?]
	at java.base/java.util.concurrent.ThreadPoolExecutor.runWorker(ThreadPoolExecutor.java:1144) ~[?:?]
	at java.base/java.util.concurrent.ThreadPoolExecutor$Worker.run(ThreadPoolExecutor.java:642) ~[?:?]
	at java.base/java.lang.Thread.run(Thread.java:1583) [?:?]
[22Jun2025 13:15:20.400] [pool-14-thread-1/DEBUG] [mixin/]: Mixing features.model.WeightedRandomListMixin from sodium-neoforge.mixins.json into net.minecraft.util.random.WeightedRandomList
[22Jun2025 13:15:20.401] [pool-14-thread-1/DEBUG] [mixin/]: sodium-neoforge.mixins.json:features.model.WeightedRandomListMixin from mod sodium: Class version 65 required is higher than the class version supported by the current version of Mixin (JAVA_17 supports class version 61)
[22Jun2025 13:15:20.587] [pool-14-thread-1/DEBUG] [mixin/]: Mixing light_updates.MixinLevelLightEngine from sodium-extra.mixins.json into net.minecraft.world.level.lighting.LevelLightEngine
[22Jun2025 13:15:20.587] [pool-14-thread-1/DEBUG] [mixin/]: sodium-extra.mixins.json:light_updates.MixinLevelLightEngine from mod sodium_extra: Class version 65 required is higher than the class version supported by the current version of Mixin (JAVA_17 supports class version 61)
[22Jun2025 13:15:20.591] [pool-14-thread-1/DEBUG] [mixin/]: sodium-extra.mixins.json:light_updates.MixinLevelLightEngine from mod sodium_extra->@Inject::checkBlock(Lnet/minecraft/core/BlockPos;Lorg/spongepowered/asm/mixin/injection/callback/CallbackInfo;)V does use it's CallbackInfo
[22Jun2025 13:15:20.591] [pool-14-thread-1/DEBUG] [mixin/]: sodium-extra.mixins.json:light_updates.MixinLevelLightEngine from mod sodium_extra->@Inject::doLightUpdates(Lorg/spongepowered/asm/mixin/injection/callback/CallbackInfoReturnable;)V does use it's CallbackInfoReturnable
[22Jun2025 13:15:22.395] [main/WARN] [net.minecraft.commands.Commands/]: Ambiguity between arguments [teleport, location] and [teleport, destination] with inputs: [0.1 -0.5 .9, 0 0 0]
[22Jun2025 13:15:22.397] [main/WARN] [net.minecraft.commands.Commands/]: Ambiguity between arguments [teleport, location] and [teleport, targets] with inputs: [0.1 -0.5 .9, 0 0 0]
[22Jun2025 13:15:22.401] [main/WARN] [net.minecraft.commands.Commands/]: Ambiguity between arguments [teleport, destination] and [teleport, targets] with inputs: [Player, 0123, @e, dd12be42-52a9-4a91-a8a1-11c01849e498]
[22Jun2025 13:15:22.403] [main/WARN] [net.minecraft.commands.Commands/]: Ambiguity between arguments [teleport, targets] and [teleport, destination] with inputs: [Player, 0123, dd12be42-52a9-4a91-a8a1-11c01849e498]
[22Jun2025 13:15:22.405] [main/WARN] [net.minecraft.commands.Commands/]: Ambiguity between arguments [teleport, targets, location] and [teleport, targets, destination] with inputs: [0.1 -0.5 .9, 0 0 0]
[22Jun2025 13:15:22.445] [Render thread/DEBUG] [mixin/]: Mixing workarounds.event_loop.RenderSystemMixin from sodium-common.mixins.json into com.mojang.blaze3d.systems.RenderSystem
[22Jun2025 13:15:22.445] [Render thread/DEBUG] [mixin/]: sodium-common.mixins.json:workarounds.event_loop.RenderSystemMixin from mod sodium: Class version 65 required is higher than the class version supported by the current version of Mixin (JAVA_17 supports class version 61)
[22Jun2025 13:15:22.461] [Render thread/DEBUG] [mixin/]: Mixing features.render.immediate.buffer_builder.sorting.VertexSortingMixin from sodium-common.mixins.json into com.mojang.blaze3d.vertex.VertexSorting
[22Jun2025 13:15:22.462] [Render thread/DEBUG] [mixin/]: sodium-common.mixins.json:features.render.immediate.buffer_builder.sorting.VertexSortingMixin from mod sodium: Class version 65 required is higher than the class version supported by the current version of Mixin (JAVA_17 supports class version 61)
[22Jun2025 13:15:22.473] [Render thread/DEBUG] [mixin/]: Mixing core.MinecraftMixin from sodium-common.mixins.json into net.minecraft.client.Minecraft
[22Jun2025 13:15:22.475] [Render thread/DEBUG] [mixin/]: sodium-common.mixins.json:core.MinecraftMixin from mod sodium: Class version 65 required is higher than the class version supported by the current version of Mixin (JAVA_17 supports class version 61)
[22Jun2025 13:15:22.490] [Render thread/DEBUG] [mixin/]: Mixing platform.neoforge.EntrypointMixin from sodium-neoforge.mixins.json into net.minecraft.client.Minecraft
[22Jun2025 13:15:22.491] [Render thread/DEBUG] [mixin/]: sodium-neoforge.mixins.json:platform.neoforge.EntrypointMixin from mod sodium: Class version 65 required is higher than the class version supported by the current version of Mixin (JAVA_17 supports class version 61)
[22Jun2025 13:15:22.491] [Render thread/DEBUG] [mixin/]: Renaming synthetic method lambda$sodium$loadConfig$0(Lnet/neoforged/fml/ModContainer;)Ljava/lang/String; to md98b051$sodium$lambda$sodium$loadConfig$0$0 in sodium-neoforge.mixins.json:platform.neoforge.EntrypointMixin from mod sodium
[22Jun2025 13:15:22.501] [Render thread/DEBUG] [mixin/]: Mixing core.MixinMinecraftClient from sodium-extra.mixins.json into net.minecraft.client.Minecraft
[22Jun2025 13:15:22.501] [Render thread/DEBUG] [mixin/]: sodium-extra.mixins.json:core.MixinMinecraftClient from mod sodium_extra: Class version 65 required is higher than the class version supported by the current version of Mixin (JAVA_17 supports class version 61)
[22Jun2025 13:15:22.504] [Render thread/DEBUG] [mixin/]: Mixing gui.MinecraftClientAccessor from sodium-extra.mixins.json into net.minecraft.client.Minecraft
[22Jun2025 13:15:22.505] [Render thread/DEBUG] [mixin/]: sodium-extra.mixins.json:gui.MinecraftClientAccessor from mod sodium_extra: Class version 65 required is higher than the class version supported by the current version of Mixin (JAVA_17 supports class version 61)
[22Jun2025 13:15:22.505] [Render thread/DEBUG] [mixin/]: Renaming @Accessor method getFPS()I to getFPS$sodium_extra_$md$98b051$1 in sodium-extra.mixins.json:gui.MinecraftClientAccessor from mod sodium_extra
[22Jun2025 13:15:22.521] [Render thread/DEBUG] [mixin/]: sodium-common.mixins.json:core.MinecraftMixin from mod sodium->@Inject::preRender(ZLorg/spongepowered/asm/mixin/injection/callback/CallbackInfo;)V doesn't use it's CallbackInfo
[22Jun2025 13:15:22.521] [Render thread/DEBUG] [mixin/]: sodium-common.mixins.json:core.MinecraftMixin from mod sodium->@Inject::preRender(ZLorg/spongepowered/asm/mixin/injection/callback/CallbackInfo;)V has 0 override(s) in child classes
[22Jun2025 13:15:22.521] [Render thread/DEBUG] [mixin/]: sodium-common.mixins.json:core.MinecraftMixin from mod sodium->@Inject::preRender(ZLorg/spongepowered/asm/mixin/injection/callback/CallbackInfo;)V won't be passed a CallbackInfo as a result
[22Jun2025 13:15:22.521] [Render thread/DEBUG] [mixin/]: sodium-common.mixins.json:core.MinecraftMixin from mod sodium->@Inject::postRender(ZLorg/spongepowered/asm/mixin/injection/callback/CallbackInfo;)V doesn't use it's CallbackInfo
[22Jun2025 13:15:22.521] [Render thread/DEBUG] [mixin/]: sodium-common.mixins.json:core.MinecraftMixin from mod sodium->@Inject::postRender(ZLorg/spongepowered/asm/mixin/injection/callback/CallbackInfo;)V has 0 override(s) in child classes
[22Jun2025 13:15:22.521] [Render thread/DEBUG] [mixin/]: sodium-common.mixins.json:core.MinecraftMixin from mod sodium->@Inject::postRender(ZLorg/spongepowered/asm/mixin/injection/callback/CallbackInfo;)V won't be passed a CallbackInfo as a result
[22Jun2025 13:15:22.521] [Render thread/DEBUG] [mixin/]: sodium-common.mixins.json:core.MinecraftMixin from mod sodium->@Inject::postInit(Lorg/spongepowered/asm/mixin/injection/callback/CallbackInfoReturnable;)V doesn't use it's CallbackInfoReturnable
[22Jun2025 13:15:22.521] [Render thread/DEBUG] [mixin/]: sodium-common.mixins.json:core.MinecraftMixin from mod sodium->@Inject::postInit(Lorg/spongepowered/asm/mixin/injection/callback/CallbackInfoReturnable;)V has 0 override(s) in child classes
[22Jun2025 13:15:22.521] [Render thread/DEBUG] [mixin/]: sodium-common.mixins.json:core.MinecraftMixin from mod sodium->@Inject::postInit(Lorg/spongepowered/asm/mixin/injection/callback/CallbackInfoReturnable;)V won't be passed a CallbackInfoReturnable as a result
[22Jun2025 13:15:22.521] [Render thread/DEBUG] [mixin/]: sodium-common.mixins.json:core.MinecraftMixin from mod sodium->@Inject::postResourceReload(Lorg/spongepowered/asm/mixin/injection/callback/CallbackInfoReturnable;)V doesn't use it's CallbackInfoReturnable
[22Jun2025 13:15:22.521] [Render thread/DEBUG] [mixin/]: sodium-common.mixins.json:core.MinecraftMixin from mod sodium->@Inject::postResourceReload(Lorg/spongepowered/asm/mixin/injection/callback/CallbackInfoReturnable;)V has 0 override(s) in child classes
[22Jun2025 13:15:22.521] [Render thread/DEBUG] [mixin/]: sodium-common.mixins.json:core.MinecraftMixin from mod sodium->@Inject::postResourceReload(Lorg/spongepowered/asm/mixin/injection/callback/CallbackInfoReturnable;)V won't be passed a CallbackInfoReturnable as a result
[22Jun2025 13:15:22.521] [Render thread/DEBUG] [mixin/]: sodium-neoforge.mixins.json:platform.neoforge.EntrypointMixin from mod sodium->@Inject::sodium$loadConfig(Lnet/minecraft/client/main/GameConfig;Lorg/spongepowered/asm/mixin/injection/callback/CallbackInfo;)V doesn't use it's CallbackInfo
[22Jun2025 13:15:22.521] [Render thread/DEBUG] [mixin/]: sodium-neoforge.mixins.json:platform.neoforge.EntrypointMixin from mod sodium->@Inject::sodium$loadConfig(Lnet/minecraft/client/main/GameConfig;Lorg/spongepowered/asm/mixin/injection/callback/CallbackInfo;)V has 0 override(s) in child classes
[22Jun2025 13:15:22.521] [Render thread/DEBUG] [mixin/]: sodium-neoforge.mixins.json:platform.neoforge.EntrypointMixin from mod sodium->@Inject::sodium$loadConfig(Lnet/minecraft/client/main/GameConfig;Lorg/spongepowered/asm/mixin/injection/callback/CallbackInfo;)V won't be passed a CallbackInfo as a result
[22Jun2025 13:15:22.521] [Render thread/DEBUG] [mixin/]: sodium-extra.mixins.json:core.MixinMinecraftClient from mod sodium_extra->@Inject::onRunTick(Lorg/spongepowered/asm/mixin/injection/callback/CallbackInfo;)V doesn't use it's CallbackInfo
[22Jun2025 13:15:22.521] [Render thread/DEBUG] [mixin/]: sodium-extra.mixins.json:core.MixinMinecraftClient from mod sodium_extra->@Inject::onRunTick(Lorg/spongepowered/asm/mixin/injection/callback/CallbackInfo;)V has 0 override(s) in child classes
[22Jun2025 13:15:22.521] [Render thread/DEBUG] [mixin/]: sodium-extra.mixins.json:core.MixinMinecraftClient from mod sodium_extra->@Inject::onRunTick(Lorg/spongepowered/asm/mixin/injection/callback/CallbackInfo;)V won't be passed a CallbackInfo as a result
[22Jun2025 13:15:22.552] [Render thread/DEBUG] [mixin/]: Mixing features.render.compositing.RenderTargetMixin from sodium-common.mixins.json into com.mojang.blaze3d.pipeline.RenderTarget
[22Jun2025 13:15:22.553] [Render thread/DEBUG] [mixin/]: sodium-common.mixins.json:features.render.compositing.RenderTargetMixin from mod sodium: Class version 65 required is higher than the class version supported by the current version of Mixin (JAVA_17 supports class version 61)
[22Jun2025 13:15:22.573] [Render thread/DEBUG] [mixin/]: Mixing core.world.biome.ClientLevelMixin from sodium-common.mixins.json into net.minecraft.client.multiplayer.ClientLevel
[22Jun2025 13:15:22.580] [Render thread/DEBUG] [mixin/]: sodium-common.mixins.json:core.world.biome.ClientLevelMixin from mod sodium: Class version 65 required is higher than the class version supported by the current version of Mixin (JAVA_17 supports class version 61)
[22Jun2025 13:15:22.581] [Render thread/DEBUG] [mixin/]: Mixing core.world.map.ClientLevelMixin from sodium-common.mixins.json into net.minecraft.client.multiplayer.ClientLevel
[22Jun2025 13:15:22.582] [Render thread/DEBUG] [mixin/]: sodium-common.mixins.json:core.world.map.ClientLevelMixin from mod sodium: Class version 65 required is higher than the class version supported by the current version of Mixin (JAVA_17 supports class version 61)
[22Jun2025 13:15:22.586] [Render thread/DEBUG] [mixin/]: Mixing features.render.world.sky.ClientLevelMixin from sodium-common.mixins.json into net.minecraft.client.multiplayer.ClientLevel
[22Jun2025 13:15:22.586] [Render thread/DEBUG] [mixin/]: sodium-common.mixins.json:features.render.world.sky.ClientLevelMixin from mod sodium: Class version 65 required is higher than the class version supported by the current version of Mixin (JAVA_17 supports class version 61)
[22Jun2025 13:15:22.586] [Render thread/DEBUG] [mixin/]: Renaming synthetic method lambda$redirectSampleColor$0(Lnet/minecraft/world/level/Level;III)I to md98b051$sodium$lambda$redirectSampleColor$0$0 in sodium-common.mixins.json:features.render.world.sky.ClientLevelMixin from mod sodium
[22Jun2025 13:15:22.595] [Render thread/DEBUG] [mixin/]: sodium-common.mixins.json:core.world.biome.ClientLevelMixin from mod sodium->@Inject::captureSeed(Lnet/minecraft/client/multiplayer/ClientPacketListener;Lnet/minecraft/client/multiplayer/ClientLevel$ClientLevelData;Lnet/minecraft/resources/ResourceKey;Lnet/minecraft/core/Holder;IILnet/minecraft/client/renderer/LevelRenderer;ZJILorg/spongepowered/asm/mixin/injection/callback/CallbackInfo;)V doesn't use it's CallbackInfo
[22Jun2025 13:15:22.595] [Render thread/DEBUG] [mixin/]: sodium-common.mixins.json:core.world.biome.ClientLevelMixin from mod sodium->@Inject::captureSeed(Lnet/minecraft/client/multiplayer/ClientPacketListener;Lnet/minecraft/client/multiplayer/ClientLevel$ClientLevelData;Lnet/minecraft/resources/ResourceKey;Lnet/minecraft/core/Holder;IILnet/minecraft/client/renderer/LevelRenderer;ZJILorg/spongepowered/asm/mixin/injection/callback/CallbackInfo;)V has 0 override(s) in child classes
[22Jun2025 13:15:22.595] [Render thread/DEBUG] [mixin/]: sodium-common.mixins.json:core.world.biome.ClientLevelMixin from mod sodium->@Inject::captureSeed(Lnet/minecraft/client/multiplayer/ClientPacketListener;Lnet/minecraft/client/multiplayer/ClientLevel$ClientLevelData;Lnet/minecraft/resources/ResourceKey;Lnet/minecraft/core/Holder;IILnet/minecraft/client/renderer/LevelRenderer;ZJILorg/spongepowered/asm/mixin/injection/callback/CallbackInfo;)V won't be passed a CallbackInfo as a result
[22Jun2025 13:15:22.596] [Render thread/DEBUG] [mixin/]: sodium-common.mixins.json:core.world.map.ClientLevelMixin from mod sodium->@Inject::sodium$trackChunkUnload(Lnet/minecraft/world/level/chunk/LevelChunk;Lorg/spongepowered/asm/mixin/injection/callback/CallbackInfo;)V doesn't use it's CallbackInfo
[22Jun2025 13:15:22.596] [Render thread/DEBUG] [mixin/]: sodium-common.mixins.json:core.world.map.ClientLevelMixin from mod sodium->@Inject::sodium$trackChunkUnload(Lnet/minecraft/world/level/chunk/LevelChunk;Lorg/spongepowered/asm/mixin/injection/callback/CallbackInfo;)V has 0 override(s) in child classes
[22Jun2025 13:15:22.596] [Render thread/DEBUG] [mixin/]: sodium-common.mixins.json:core.world.map.ClientLevelMixin from mod sodium->@Inject::sodium$trackChunkUnload(Lnet/minecraft/world/level/chunk/LevelChunk;Lorg/spongepowered/asm/mixin/injection/callback/CallbackInfo;)V won't be passed a CallbackInfo as a result
[22Jun2025 13:15:22.636] [Render thread/DEBUG] [mixin/]: Mixing features.gui.screen.LevelLoadingScreenMixin from sodium-common.mixins.json into net.minecraft.client.gui.screens.LevelLoadingScreen
[22Jun2025 13:15:22.638] [Render thread/DEBUG] [mixin/]: sodium-common.mixins.json:features.gui.screen.LevelLoadingScreenMixin from mod sodium: Class version 65 required is higher than the class version supported by the current version of Mixin (JAVA_17 supports class version 61)
[22Jun2025 13:15:22.639] [Render thread/DEBUG] [mixin/]: Renaming synthetic method lambda$sodium$drawChunkMap$1(Lit/unimi/dsi/fastutil/objects/Object2IntMap$Entry;)V to md98b051$sodium$lambda$sodium$drawChunkMap$1$0 in sodium-common.mixins.json:features.gui.screen.LevelLoadingScreenMixin from mod sodium
[22Jun2025 13:15:22.639] [Render thread/DEBUG] [mixin/]: Renaming synthetic method lambda$renderChunks$0(Lnet/minecraft/server/level/progress/StoringChunkProgressListener;IIIILorg/joml/Matrix4f;Lnet/minecraft/client/renderer/MultiBufferSource;)V to md98b051$sodium$lambda$renderChunks$0$1 in sodium-common.mixins.json:features.gui.screen.LevelLoadingScreenMixin from mod sodium
[22Jun2025 13:15:22.789] [Render thread/WARN] [net.minecraft.server.packs.VanillaPackResourcesBuilder/]: Assets URL 'union:/home/jacob/MCreatorWorkspaces/Charken/build/moddev/artifacts/neoforge-21.4.123.jar%23206!/assets/.mcassetsroot' uses unexpected schema
[22Jun2025 13:15:22.789] [Render thread/WARN] [net.minecraft.server.packs.VanillaPackResourcesBuilder/]: Assets URL 'union:/home/jacob/MCreatorWorkspaces/Charken/build/moddev/artifacts/neoforge-21.4.123.jar%23206!/data/.mcassetsroot' uses unexpected schema
[22Jun2025 13:15:22.832] [Render thread/INFO] [com.mojang.authlib.yggdrasil.YggdrasilAuthenticationService/]: Environment: Environment[sessionHost=https://sessionserver.mojang.com, servicesHost=https://api.minecraftservices.com, name=PROD]
[22Jun2025 13:15:22.849] [Render thread/INFO] [net.minecraft.client.Minecraft/]: Setting user: Dev
[22Jun2025 13:15:22.851] [Render thread/DEBUG] [mixin/]: Mixing toasts.MixinToastManager from sodium-extra.mixins.json into net.minecraft.client.gui.components.toasts.ToastManager
[22Jun2025 13:15:22.851] [Render thread/DEBUG] [mixin/]: sodium-extra.mixins.json:toasts.MixinToastManager from mod sodium_extra: Class version 65 required is higher than the class version supported by the current version of Mixin (JAVA_17 supports class version 61)
[22Jun2025 13:15:22.854] [Render thread/DEBUG] [mixin/]: sodium-extra.mixins.json:toasts.MixinToastManager from mod sodium_extra->@Inject::goodByeToasts(Lnet/minecraft/client/gui/components/toasts/Toast;Lorg/spongepowered/asm/mixin/injection/callback/CallbackInfo;)V does use it's CallbackInfo
[22Jun2025 13:15:23.005] [Render thread/INFO] [net.minecraft.client.Minecraft/]: Backend library: LWJGL version 3.3.3+5
[22Jun2025 13:15:23.006] [Render thread/DEBUG] [mixin/]: Mixing core.WindowMixin from sodium-common.mixins.json into com.mojang.blaze3d.platform.Window
[22Jun2025 13:15:23.006] [Render thread/DEBUG] [mixin/]: sodium-common.mixins.json:core.WindowMixin from mod sodium: Class version 65 required is higher than the class version supported by the current version of Mixin (JAVA_17 supports class version 61)
[22Jun2025 13:15:23.016] [Render thread/DEBUG] [mixin/]: Mixing workarounds.context_creation.WindowMixin from sodium-common.mixins.json into com.mojang.blaze3d.platform.Window
[22Jun2025 13:15:23.016] [Render thread/DEBUG] [mixin/]: sodium-common.mixins.json:workarounds.context_creation.WindowMixin from mod sodium: Class version 65 required is higher than the class version supported by the current version of Mixin (JAVA_17 supports class version 61)
[22Jun2025 13:15:23.033] [Render thread/DEBUG] [mixin/]: Mixing adaptive_sync.MixinWindow from sodium-extra.mixins.json into com.mojang.blaze3d.platform.Window
[22Jun2025 13:15:23.034] [Render thread/DEBUG] [mixin/]: sodium-extra.mixins.json:adaptive_sync.MixinWindow from mod sodium_extra: Class version 65 required is higher than the class version supported by the current version of Mixin (JAVA_17 supports class version 61)
[22Jun2025 13:15:23.036] [Render thread/DEBUG] [mixin/]: Mixing reduce_resolution_on_mac.MixinWindow from sodium-extra.mixins.json into com.mojang.blaze3d.platform.Window
[22Jun2025 13:15:23.037] [Render thread/DEBUG] [mixin/]: sodium-extra.mixins.json:reduce_resolution_on_mac.MixinWindow from mod sodium_extra: Class version 65 required is higher than the class version supported by the current version of Mixin (JAVA_17 supports class version 61)
[22Jun2025 13:15:23.059] [Render thread/DEBUG] [mixin/]: sodium-common.mixins.json:workarounds.context_creation.WindowMixin from mod sodium->@Inject::postContextReady(Lcom/mojang/blaze3d/platform/WindowEventHandler;Lcom/mojang/blaze3d/platform/ScreenManager;Lcom/mojang/blaze3d/platform/DisplayData;Ljava/lang/String;Ljava/lang/String;Lorg/spongepowered/asm/mixin/injection/callback/CallbackInfo;)V doesn't use it's CallbackInfo
[22Jun2025 13:15:23.059] [Render thread/DEBUG] [mixin/]: sodium-common.mixins.json:workarounds.context_creation.WindowMixin from mod sodium->@Inject::preSwapBuffers(Lorg/spongepowered/asm/mixin/injection/callback/CallbackInfo;)V doesn't use it's CallbackInfo
[22Jun2025 13:15:23.059] [Render thread/DEBUG] [mixin/]: sodium-extra.mixins.json:reduce_resolution_on_mac.MixinWindow from mod sodium_extra->@Inject::afterUpdateFrameBufferSize(Lorg/spongepowered/asm/mixin/injection/callback/CallbackInfo;)V doesn't use it's CallbackInfo
[22Jun2025 13:15:23.093] [Render thread/INFO] [com.mojang.blaze3d.platform.Window/]: OpenGL Vendor: NVIDIA Corporation
[22Jun2025 13:15:23.093] [Render thread/INFO] [com.mojang.blaze3d.platform.Window/]: OpenGL Renderer: NVIDIA GeForce RTX 4060/PCIe/SSE2
[22Jun2025 13:15:23.093] [Render thread/INFO] [com.mojang.blaze3d.platform.Window/]: OpenGL Version: 4.6.0 NVIDIA 550.144.03
[22Jun2025 13:15:23.103] [Render thread/INFO] [Sodium-NvidiaWorkarounds/]: Modifying OpenGL context to apply workarounds for the NVIDIA graphics driver...
[22Jun2025 13:15:23.146] [Render thread/DEBUG] [mixin/]: Mixing features.textures.NativeImageAccessor from sodium-common.mixins.json into com.mojang.blaze3d.platform.NativeImage
[22Jun2025 13:15:23.147] [Render thread/DEBUG] [mixin/]: sodium-common.mixins.json:features.textures.NativeImageAccessor from mod sodium: Class version 65 required is higher than the class version supported by the current version of Mixin (JAVA_17 supports class version 61)
[22Jun2025 13:15:23.198] [Render thread/DEBUG] [oshi.util.FileUtil/]: Reading file /sys/devices/system/cpu/cpu0/topology/core_id
[22Jun2025 13:15:23.198] [Render thread/DEBUG] [oshi.util.FileUtil/]: Reading file /sys/devices/system/cpu/cpu0/topology/core_id
[22Jun2025 13:15:23.198] [Render thread/DEBUG] [oshi.util.FileUtil/]: Reading file /sys/devices/system/cpu/cpu0/topology/physical_package_id
[22Jun2025 13:15:23.198] [Render thread/DEBUG] [oshi.util.FileUtil/]: Reading file /sys/devices/system/cpu/cpu0/topology/physical_package_id
[22Jun2025 13:15:23.198] [Render thread/DEBUG] [oshi.util.FileUtil/]: Reading file /sys/devices/system/cpu/cpu0/cpu_capacity
[22Jun2025 13:15:23.199] [Render thread/DEBUG] [oshi.util.FileUtil/]: Reading file /sys/devices/system/cpu/cpu0/cache/index2/level
[22Jun2025 13:15:23.199] [Render thread/DEBUG] [oshi.util.FileUtil/]: Reading file /sys/devices/system/cpu/cpu0/cache/index2/level
[22Jun2025 13:15:23.199] [Render thread/DEBUG] [oshi.util.FileUtil/]: Reading file /sys/devices/system/cpu/cpu0/cache/index2/type
[22Jun2025 13:15:23.199] [Render thread/DEBUG] [oshi.util.FileUtil/]: Reading file /sys/devices/system/cpu/cpu0/cache/index2/type
[22Jun2025 13:15:23.199] [Render thread/DEBUG] [oshi.util.FileUtil/]: Reading file /sys/devices/system/cpu/cpu0/cache/index2/ways_of_associativity
[22Jun2025 13:15:23.199] [Render thread/DEBUG] [oshi.util.FileUtil/]: Reading file /sys/devices/system/cpu/cpu0/cache/index2/ways_of_associativity
[22Jun2025 13:15:23.199] [Render thread/DEBUG] [oshi.util.FileUtil/]: Reading file /sys/devices/system/cpu/cpu0/cache/index2/coherency_line_size
[22Jun2025 13:15:23.199] [Render thread/DEBUG] [oshi.util.FileUtil/]: Reading file /sys/devices/system/cpu/cpu0/cache/index2/coherency_line_size
[22Jun2025 13:15:23.199] [Render thread/DEBUG] [oshi.util.FileUtil/]: Reading file /sys/devices/system/cpu/cpu0/cache/index2/size
[22Jun2025 13:15:23.199] [Render thread/DEBUG] [oshi.util.FileUtil/]: Reading file /sys/devices/system/cpu/cpu0/cache/index2/size
[22Jun2025 13:15:23.199] [Render thread/DEBUG] [oshi.util.FileUtil/]: Reading file /sys/devices/system/cpu/cpu0/cache/index0/level
[22Jun2025 13:15:23.199] [Render thread/DEBUG] [oshi.util.FileUtil/]: Reading file /sys/devices/system/cpu/cpu0/cache/index0/level
[22Jun2025 13:15:23.199] [Render thread/DEBUG] [oshi.util.FileUtil/]: Reading file /sys/devices/system/cpu/cpu0/cache/index0/type
[22Jun2025 13:15:23.199] [Render thread/DEBUG] [oshi.util.FileUtil/]: Reading file /sys/devices/system/cpu/cpu0/cache/index0/type
[22Jun2025 13:15:23.199] [Render thread/DEBUG] [oshi.util.FileUtil/]: Reading file /sys/devices/system/cpu/cpu0/cache/index0/ways_of_associativity
[22Jun2025 13:15:23.199] [Render thread/DEBUG] [oshi.util.FileUtil/]: Reading file /sys/devices/system/cpu/cpu0/cache/index0/ways_of_associativity
[22Jun2025 13:15:23.199] [Render thread/DEBUG] [oshi.util.FileUtil/]: Reading file /sys/devices/system/cpu/cpu0/cache/index0/coherency_line_size
[22Jun2025 13:15:23.199] [Render thread/DEBUG] [oshi.util.FileUtil/]: Reading file /sys/devices/system/cpu/cpu0/cache/index0/coherency_line_size
[22Jun2025 13:15:23.199] [Render thread/DEBUG] [oshi.util.FileUtil/]: Reading file /sys/devices/system/cpu/cpu0/cache/index0/size
[22Jun2025 13:15:23.199] [Render thread/DEBUG] [oshi.util.FileUtil/]: Reading file /sys/devices/system/cpu/cpu0/cache/index0/size
[22Jun2025 13:15:23.200] [Render thread/DEBUG] [oshi.util.FileUtil/]: Reading file /sys/devices/system/cpu/cpu0/cache/index3/level
[22Jun2025 13:15:23.200] [Render thread/DEBUG] [oshi.util.FileUtil/]: Reading file /sys/devices/system/cpu/cpu0/cache/index3/level
[22Jun2025 13:15:23.200] [Render thread/DEBUG] [oshi.util.FileUtil/]: Reading file /sys/devices/system/cpu/cpu0/cache/index3/type
[22Jun2025 13:15:23.200] [Render thread/DEBUG] [oshi.util.FileUtil/]: Reading file /sys/devices/system/cpu/cpu0/cache/index3/type
[22Jun2025 13:15:23.200] [Render thread/DEBUG] [oshi.util.FileUtil/]: Reading file /sys/devices/system/cpu/cpu0/cache/index3/ways_of_associativity
[22Jun2025 13:15:23.200] [Render thread/DEBUG] [oshi.util.FileUtil/]: Reading file /sys/devices/system/cpu/cpu0/cache/index3/ways_of_associativity
[22Jun2025 13:15:23.200] [Render thread/DEBUG] [oshi.util.FileUtil/]: Reading file /sys/devices/system/cpu/cpu0/cache/index3/coherency_line_size
[22Jun2025 13:15:23.200] [Render thread/DEBUG] [oshi.util.FileUtil/]: Reading file /sys/devices/system/cpu/cpu0/cache/index3/coherency_line_size
[22Jun2025 13:15:23.200] [Render thread/DEBUG] [oshi.util.FileUtil/]: Reading file /sys/devices/system/cpu/cpu0/cache/index3/size
[22Jun2025 13:15:23.200] [Render thread/DEBUG] [oshi.util.FileUtil/]: Reading file /sys/devices/system/cpu/cpu0/cache/index3/size
[22Jun2025 13:15:23.200] [Render thread/DEBUG] [oshi.util.FileUtil/]: Reading file /sys/devices/system/cpu/cpu0/cache/index1/level
[22Jun2025 13:15:23.200] [Render thread/DEBUG] [oshi.util.FileUtil/]: Reading file /sys/devices/system/cpu/cpu0/cache/index1/level
[22Jun2025 13:15:23.200] [Render thread/DEBUG] [oshi.util.FileUtil/]: Reading file /sys/devices/system/cpu/cpu0/cache/index1/type
[22Jun2025 13:15:23.200] [Render thread/DEBUG] [oshi.util.FileUtil/]: Reading file /sys/devices/system/cpu/cpu0/cache/index1/type
[22Jun2025 13:15:23.200] [Render thread/DEBUG] [oshi.util.FileUtil/]: Reading file /sys/devices/system/cpu/cpu0/cache/index1/ways_of_associativity
[22Jun2025 13:15:23.201] [Render thread/DEBUG] [oshi.util.FileUtil/]: Reading file /sys/devices/system/cpu/cpu0/cache/index1/ways_of_associativity
[22Jun2025 13:15:23.201] [Render thread/DEBUG] [oshi.util.FileUtil/]: Reading file /sys/devices/system/cpu/cpu0/cache/index1/coherency_line_size
[22Jun2025 13:15:23.201] [Render thread/DEBUG] [oshi.util.FileUtil/]: Reading file /sys/devices/system/cpu/cpu0/cache/index1/coherency_line_size
[22Jun2025 13:15:23.201] [Render thread/DEBUG] [oshi.util.FileUtil/]: Reading file /sys/devices/system/cpu/cpu0/cache/index1/size
[22Jun2025 13:15:23.201] [Render thread/DEBUG] [oshi.util.FileUtil/]: Reading file /sys/devices/system/cpu/cpu0/cache/index1/size
[22Jun2025 13:15:23.201] [Render thread/DEBUG] [oshi.util.FileUtil/]: Reading file /sys/devices/system/cpu/cpu1/topology/core_id
[22Jun2025 13:15:23.201] [Render thread/DEBUG] [oshi.util.FileUtil/]: Reading file /sys/devices/system/cpu/cpu1/topology/core_id
[22Jun2025 13:15:23.201] [Render thread/DEBUG] [oshi.util.FileUtil/]: Reading file /sys/devices/system/cpu/cpu1/topology/physical_package_id
[22Jun2025 13:15:23.201] [Render thread/DEBUG] [oshi.util.FileUtil/]: Reading file /sys/devices/system/cpu/cpu1/topology/physical_package_id
[22Jun2025 13:15:23.201] [Render thread/DEBUG] [oshi.util.FileUtil/]: Reading file /sys/devices/system/cpu/cpu1/cpu_capacity
[22Jun2025 13:15:23.201] [Render thread/DEBUG] [oshi.util.FileUtil/]: Reading file /sys/devices/system/cpu/cpu1/cache/index2/level
[22Jun2025 13:15:23.201] [Render thread/DEBUG] [oshi.util.FileUtil/]: Reading file /sys/devices/system/cpu/cpu1/cache/index2/level
[22Jun2025 13:15:23.201] [Render thread/DEBUG] [oshi.util.FileUtil/]: Reading file /sys/devices/system/cpu/cpu1/cache/index2/type
[22Jun2025 13:15:23.202] [Render thread/DEBUG] [oshi.util.FileUtil/]: Reading file /sys/devices/system/cpu/cpu1/cache/index2/type
[22Jun2025 13:15:23.202] [Render thread/DEBUG] [oshi.util.FileUtil/]: Reading file /sys/devices/system/cpu/cpu1/cache/index2/ways_of_associativity
[22Jun2025 13:15:23.202] [Render thread/DEBUG] [oshi.util.FileUtil/]: Reading file /sys/devices/system/cpu/cpu1/cache/index2/ways_of_associativity
[22Jun2025 13:15:23.202] [Render thread/DEBUG] [oshi.util.FileUtil/]: Reading file /sys/devices/system/cpu/cpu1/cache/index2/coherency_line_size
[22Jun2025 13:15:23.202] [Render thread/DEBUG] [oshi.util.FileUtil/]: Reading file /sys/devices/system/cpu/cpu1/cache/index2/coherency_line_size
[22Jun2025 13:15:23.202] [Render thread/DEBUG] [oshi.util.FileUtil/]: Reading file /sys/devices/system/cpu/cpu1/cache/index2/size
[22Jun2025 13:15:23.202] [Render thread/DEBUG] [oshi.util.FileUtil/]: Reading file /sys/devices/system/cpu/cpu1/cache/index2/size
[22Jun2025 13:15:23.202] [Render thread/DEBUG] [oshi.util.FileUtil/]: Reading file /sys/devices/system/cpu/cpu1/cache/index0/level
[22Jun2025 13:15:23.202] [Render thread/DEBUG] [oshi.util.FileUtil/]: Reading file /sys/devices/system/cpu/cpu1/cache/index0/level
[22Jun2025 13:15:23.202] [Render thread/DEBUG] [oshi.util.FileUtil/]: Reading file /sys/devices/system/cpu/cpu1/cache/index0/type
[22Jun2025 13:15:23.202] [Render thread/DEBUG] [oshi.util.FileUtil/]: Reading file /sys/devices/system/cpu/cpu1/cache/index0/type
[22Jun2025 13:15:23.202] [Render thread/DEBUG] [oshi.util.FileUtil/]: Reading file /sys/devices/system/cpu/cpu1/cache/index0/ways_of_associativity
[22Jun2025 13:15:23.202] [Render thread/DEBUG] [oshi.util.FileUtil/]: Reading file /sys/devices/system/cpu/cpu1/cache/index0/ways_of_associativity
[22Jun2025 13:15:23.202] [Render thread/DEBUG] [oshi.util.FileUtil/]: Reading file /sys/devices/system/cpu/cpu1/cache/index0/coherency_line_size
[22Jun2025 13:15:23.202] [Render thread/DEBUG] [oshi.util.FileUtil/]: Reading file /sys/devices/system/cpu/cpu1/cache/index0/coherency_line_size
[22Jun2025 13:15:23.202] [Render thread/DEBUG] [oshi.util.FileUtil/]: Reading file /sys/devices/system/cpu/cpu1/cache/index0/size
[22Jun2025 13:15:23.202] [Render thread/DEBUG] [oshi.util.FileUtil/]: Reading file /sys/devices/system/cpu/cpu1/cache/index0/size
[22Jun2025 13:15:23.203] [Render thread/DEBUG] [oshi.util.FileUtil/]: Reading file /sys/devices/system/cpu/cpu1/cache/index3/level
[22Jun2025 13:15:23.203] [Render thread/DEBUG] [oshi.util.FileUtil/]: Reading file /sys/devices/system/cpu/cpu1/cache/index3/level
[22Jun2025 13:15:23.203] [Render thread/DEBUG] [oshi.util.FileUtil/]: Reading file /sys/devices/system/cpu/cpu1/cache/index3/type
[22Jun2025 13:15:23.203] [Render thread/DEBUG] [oshi.util.FileUtil/]: Reading file /sys/devices/system/cpu/cpu1/cache/index3/type
[22Jun2025 13:15:23.203] [Render thread/DEBUG] [oshi.util.FileUtil/]: Reading file /sys/devices/system/cpu/cpu1/cache/index3/ways_of_associativity
[22Jun2025 13:15:23.203] [Render thread/DEBUG] [oshi.util.FileUtil/]: Reading file /sys/devices/system/cpu/cpu1/cache/index3/ways_of_associativity
[22Jun2025 13:15:23.203] [Render thread/DEBUG] [oshi.util.FileUtil/]: Reading file /sys/devices/system/cpu/cpu1/cache/index3/coherency_line_size
[22Jun2025 13:15:23.203] [Render thread/DEBUG] [oshi.util.FileUtil/]: Reading file /sys/devices/system/cpu/cpu1/cache/index3/coherency_line_size
[22Jun2025 13:15:23.203] [Render thread/DEBUG] [oshi.util.FileUtil/]: Reading file /sys/devices/system/cpu/cpu1/cache/index3/size
[22Jun2025 13:15:23.203] [Render thread/DEBUG] [oshi.util.FileUtil/]: Reading file /sys/devices/system/cpu/cpu1/cache/index3/size
[22Jun2025 13:15:23.203] [Render thread/DEBUG] [oshi.util.FileUtil/]: Reading file /sys/devices/system/cpu/cpu1/cache/index1/level
[22Jun2025 13:15:23.203] [Render thread/DEBUG] [oshi.util.FileUtil/]: Reading file /sys/devices/system/cpu/cpu1/cache/index1/level
[22Jun2025 13:15:23.203] [Render thread/DEBUG] [oshi.util.FileUtil/]: Reading file /sys/devices/system/cpu/cpu1/cache/index1/type
[22Jun2025 13:15:23.203] [Render thread/DEBUG] [oshi.util.FileUtil/]: Reading file /sys/devices/system/cpu/cpu1/cache/index1/type
[22Jun2025 13:15:23.203] [Render thread/DEBUG] [oshi.util.FileUtil/]: Reading file /sys/devices/system/cpu/cpu1/cache/index1/ways_of_associativity
[22Jun2025 13:15:23.203] [Render thread/DEBUG] [oshi.util.FileUtil/]: Reading file /sys/devices/system/cpu/cpu1/cache/index1/ways_of_associativity
[22Jun2025 13:15:23.203] [Render thread/DEBUG] [oshi.util.FileUtil/]: Reading file /sys/devices/system/cpu/cpu1/cache/index1/coherency_line_size
[22Jun2025 13:15:23.203] [Render thread/DEBUG] [oshi.util.FileUtil/]: Reading file /sys/devices/system/cpu/cpu1/cache/index1/coherency_line_size
[22Jun2025 13:15:23.203] [Render thread/DEBUG] [oshi.util.FileUtil/]: Reading file /sys/devices/system/cpu/cpu1/cache/index1/size
[22Jun2025 13:15:23.203] [Render thread/DEBUG] [oshi.util.FileUtil/]: Reading file /sys/devices/system/cpu/cpu1/cache/index1/size
[22Jun2025 13:15:23.204] [Render thread/DEBUG] [oshi.util.FileUtil/]: Reading file /sys/devices/system/cpu/cpu10/topology/core_id
[22Jun2025 13:15:23.204] [Render thread/DEBUG] [oshi.util.FileUtil/]: Reading file /sys/devices/system/cpu/cpu10/topology/core_id
[22Jun2025 13:15:23.204] [Render thread/DEBUG] [oshi.util.FileUtil/]: Reading file /sys/devices/system/cpu/cpu10/topology/physical_package_id
[22Jun2025 13:15:23.204] [Render thread/DEBUG] [oshi.util.FileUtil/]: Reading file /sys/devices/system/cpu/cpu10/topology/physical_package_id
[22Jun2025 13:15:23.204] [Render thread/DEBUG] [oshi.util.FileUtil/]: Reading file /sys/devices/system/cpu/cpu10/cpu_capacity
[22Jun2025 13:15:23.204] [Render thread/DEBUG] [oshi.util.FileUtil/]: Reading file /sys/devices/system/cpu/cpu10/cache/index2/level
[22Jun2025 13:15:23.205] [Render thread/DEBUG] [oshi.util.FileUtil/]: Reading file /sys/devices/system/cpu/cpu10/cache/index2/level
[22Jun2025 13:15:23.205] [Render thread/DEBUG] [oshi.util.FileUtil/]: Reading file /sys/devices/system/cpu/cpu10/cache/index2/type
[22Jun2025 13:15:23.205] [Render thread/DEBUG] [oshi.util.FileUtil/]: Reading file /sys/devices/system/cpu/cpu10/cache/index2/type
[22Jun2025 13:15:23.205] [Render thread/DEBUG] [oshi.util.FileUtil/]: Reading file /sys/devices/system/cpu/cpu10/cache/index2/ways_of_associativity
[22Jun2025 13:15:23.205] [Render thread/DEBUG] [oshi.util.FileUtil/]: Reading file /sys/devices/system/cpu/cpu10/cache/index2/ways_of_associativity
[22Jun2025 13:15:23.205] [Render thread/DEBUG] [oshi.util.FileUtil/]: Reading file /sys/devices/system/cpu/cpu10/cache/index2/coherency_line_size
[22Jun2025 13:15:23.205] [Render thread/DEBUG] [oshi.util.FileUtil/]: Reading file /sys/devices/system/cpu/cpu10/cache/index2/coherency_line_size
[22Jun2025 13:15:23.205] [Render thread/DEBUG] [oshi.util.FileUtil/]: Reading file /sys/devices/system/cpu/cpu10/cache/index2/size
[22Jun2025 13:15:23.205] [Render thread/DEBUG] [oshi.util.FileUtil/]: Reading file /sys/devices/system/cpu/cpu10/cache/index2/size
[22Jun2025 13:15:23.205] [Render thread/DEBUG] [oshi.util.FileUtil/]: Reading file /sys/devices/system/cpu/cpu10/cache/index0/level
[22Jun2025 13:15:23.205] [Render thread/DEBUG] [oshi.util.FileUtil/]: Reading file /sys/devices/system/cpu/cpu10/cache/index0/level
[22Jun2025 13:15:23.205] [Render thread/DEBUG] [oshi.util.FileUtil/]: Reading file /sys/devices/system/cpu/cpu10/cache/index0/type
[22Jun2025 13:15:23.205] [Render thread/DEBUG] [oshi.util.FileUtil/]: Reading file /sys/devices/system/cpu/cpu10/cache/index0/type
[22Jun2025 13:15:23.205] [Render thread/DEBUG] [oshi.util.FileUtil/]: Reading file /sys/devices/system/cpu/cpu10/cache/index0/ways_of_associativity
[22Jun2025 13:15:23.205] [Render thread/DEBUG] [oshi.util.FileUtil/]: Reading file /sys/devices/system/cpu/cpu10/cache/index0/ways_of_associativity
[22Jun2025 13:15:23.205] [Render thread/DEBUG] [oshi.util.FileUtil/]: Reading file /sys/devices/system/cpu/cpu10/cache/index0/coherency_line_size
[22Jun2025 13:15:23.206] [Render thread/DEBUG] [oshi.util.FileUtil/]: Reading file /sys/devices/system/cpu/cpu10/cache/index0/coherency_line_size
[22Jun2025 13:15:23.206] [Render thread/DEBUG] [oshi.util.FileUtil/]: Reading file /sys/devices/system/cpu/cpu10/cache/index0/size
[22Jun2025 13:15:23.206] [Render thread/DEBUG] [oshi.util.FileUtil/]: Reading file /sys/devices/system/cpu/cpu10/cache/index0/size
[22Jun2025 13:15:23.206] [Render thread/DEBUG] [oshi.util.FileUtil/]: Reading file /sys/devices/system/cpu/cpu10/cache/index3/level
[22Jun2025 13:15:23.206] [Render thread/DEBUG] [oshi.util.FileUtil/]: Reading file /sys/devices/system/cpu/cpu10/cache/index3/level
[22Jun2025 13:15:23.206] [Render thread/DEBUG] [oshi.util.FileUtil/]: Reading file /sys/devices/system/cpu/cpu10/cache/index3/type
[22Jun2025 13:15:23.206] [Render thread/DEBUG] [oshi.util.FileUtil/]: Reading file /sys/devices/system/cpu/cpu10/cache/index3/type
[22Jun2025 13:15:23.206] [Render thread/DEBUG] [oshi.util.FileUtil/]: Reading file /sys/devices/system/cpu/cpu10/cache/index3/ways_of_associativity
[22Jun2025 13:15:23.206] [Render thread/DEBUG] [oshi.util.FileUtil/]: Reading file /sys/devices/system/cpu/cpu10/cache/index3/ways_of_associativity
[22Jun2025 13:15:23.206] [Render thread/DEBUG] [oshi.util.FileUtil/]: Reading file /sys/devices/system/cpu/cpu10/cache/index3/coherency_line_size
[22Jun2025 13:15:23.206] [Render thread/DEBUG] [oshi.util.FileUtil/]: Reading file /sys/devices/system/cpu/cpu10/cache/index3/coherency_line_size
[22Jun2025 13:15:23.206] [Render thread/DEBUG] [oshi.util.FileUtil/]: Reading file /sys/devices/system/cpu/cpu10/cache/index3/size
[22Jun2025 13:15:23.206] [Render thread/DEBUG] [oshi.util.FileUtil/]: Reading file /sys/devices/system/cpu/cpu10/cache/index3/size
[22Jun2025 13:15:23.206] [Render thread/DEBUG] [oshi.util.FileUtil/]: Reading file /sys/devices/system/cpu/cpu10/cache/index1/level
[22Jun2025 13:15:23.206] [Render thread/DEBUG] [oshi.util.FileUtil/]: Reading file /sys/devices/system/cpu/cpu10/cache/index1/level
[22Jun2025 13:15:23.206] [Render thread/DEBUG] [oshi.util.FileUtil/]: Reading file /sys/devices/system/cpu/cpu10/cache/index1/type
[22Jun2025 13:15:23.206] [Render thread/DEBUG] [oshi.util.FileUtil/]: Reading file /sys/devices/system/cpu/cpu10/cache/index1/type
[22Jun2025 13:15:23.206] [Render thread/DEBUG] [oshi.util.FileUtil/]: Reading file /sys/devices/system/cpu/cpu10/cache/index1/ways_of_associativity
[22Jun2025 13:15:23.207] [Render thread/DEBUG] [oshi.util.FileUtil/]: Reading file /sys/devices/system/cpu/cpu10/cache/index1/ways_of_associativity
[22Jun2025 13:15:23.207] [Render thread/DEBUG] [oshi.util.FileUtil/]: Reading file /sys/devices/system/cpu/cpu10/cache/index1/coherency_line_size
[22Jun2025 13:15:23.207] [Render thread/DEBUG] [oshi.util.FileUtil/]: Reading file /sys/devices/system/cpu/cpu10/cache/index1/coherency_line_size
[22Jun2025 13:15:23.207] [Render thread/DEBUG] [oshi.util.FileUtil/]: Reading file /sys/devices/system/cpu/cpu10/cache/index1/size
[22Jun2025 13:15:23.207] [Render thread/DEBUG] [oshi.util.FileUtil/]: Reading file /sys/devices/system/cpu/cpu10/cache/index1/size
[22Jun2025 13:15:23.207] [Render thread/DEBUG] [oshi.util.FileUtil/]: Reading file /sys/devices/system/cpu/cpu11/topology/core_id
[22Jun2025 13:15:23.207] [Render thread/DEBUG] [oshi.util.FileUtil/]: Reading file /sys/devices/system/cpu/cpu11/topology/core_id
[22Jun2025 13:15:23.207] [Render thread/DEBUG] [oshi.util.FileUtil/]: Reading file /sys/devices/system/cpu/cpu11/topology/physical_package_id
[22Jun2025 13:15:23.207] [Render thread/DEBUG] [oshi.util.FileUtil/]: Reading file /sys/devices/system/cpu/cpu11/topology/physical_package_id
[22Jun2025 13:15:23.207] [Render thread/DEBUG] [oshi.util.FileUtil/]: Reading file /sys/devices/system/cpu/cpu11/cpu_capacity
[22Jun2025 13:15:23.207] [Render thread/DEBUG] [oshi.util.FileUtil/]: Reading file /sys/devices/system/cpu/cpu11/cache/index2/level
[22Jun2025 13:15:23.207] [Render thread/DEBUG] [oshi.util.FileUtil/]: Reading file /sys/devices/system/cpu/cpu11/cache/index2/level
[22Jun2025 13:15:23.207] [Render thread/DEBUG] [oshi.util.FileUtil/]: Reading file /sys/devices/system/cpu/cpu11/cache/index2/type
[22Jun2025 13:15:23.207] [Render thread/DEBUG] [oshi.util.FileUtil/]: Reading file /sys/devices/system/cpu/cpu11/cache/index2/type
[22Jun2025 13:15:23.207] [Render thread/DEBUG] [oshi.util.FileUtil/]: Reading file /sys/devices/system/cpu/cpu11/cache/index2/ways_of_associativity
[22Jun2025 13:15:23.207] [Render thread/DEBUG] [oshi.util.FileUtil/]: Reading file /sys/devices/system/cpu/cpu11/cache/index2/ways_of_associativity
[22Jun2025 13:15:23.207] [Render thread/DEBUG] [oshi.util.FileUtil/]: Reading file /sys/devices/system/cpu/cpu11/cache/index2/coherency_line_size
[22Jun2025 13:15:23.207] [Render thread/DEBUG] [oshi.util.FileUtil/]: Reading file /sys/devices/system/cpu/cpu11/cache/index2/coherency_line_size
[22Jun2025 13:15:23.207] [Render thread/DEBUG] [oshi.util.FileUtil/]: Reading file /sys/devices/system/cpu/cpu11/cache/index2/size
[22Jun2025 13:15:23.207] [Render thread/DEBUG] [oshi.util.FileUtil/]: Reading file /sys/devices/system/cpu/cpu11/cache/index2/size
[22Jun2025 13:15:23.208] [Render thread/DEBUG] [oshi.util.FileUtil/]: Reading file /sys/devices/system/cpu/cpu11/cache/index0/level
[22Jun2025 13:15:23.208] [Render thread/DEBUG] [oshi.util.FileUtil/]: Reading file /sys/devices/system/cpu/cpu11/cache/index0/level
[22Jun2025 13:15:23.208] [Render thread/DEBUG] [oshi.util.FileUtil/]: Reading file /sys/devices/system/cpu/cpu11/cache/index0/type
[22Jun2025 13:15:23.208] [Render thread/DEBUG] [oshi.util.FileUtil/]: Reading file /sys/devices/system/cpu/cpu11/cache/index0/type
[22Jun2025 13:15:23.208] [Render thread/DEBUG] [oshi.util.FileUtil/]: Reading file /sys/devices/system/cpu/cpu11/cache/index0/ways_of_associativity
[22Jun2025 13:15:23.208] [Render thread/DEBUG] [oshi.util.FileUtil/]: Reading file /sys/devices/system/cpu/cpu11/cache/index0/ways_of_associativity
[22Jun2025 13:15:23.208] [Render thread/DEBUG] [oshi.util.FileUtil/]: Reading file /sys/devices/system/cpu/cpu11/cache/index0/coherency_line_size
[22Jun2025 13:15:23.208] [Render thread/DEBUG] [oshi.util.FileUtil/]: Reading file /sys/devices/system/cpu/cpu11/cache/index0/coherency_line_size
[22Jun2025 13:15:23.208] [Render thread/DEBUG] [oshi.util.FileUtil/]: Reading file /sys/devices/system/cpu/cpu11/cache/index0/size
[22Jun2025 13:15:23.208] [Render thread/DEBUG] [oshi.util.FileUtil/]: Reading file /sys/devices/system/cpu/cpu11/cache/index0/size
[22Jun2025 13:15:23.208] [Render thread/DEBUG] [oshi.util.FileUtil/]: Reading file /sys/devices/system/cpu/cpu11/cache/index3/level
[22Jun2025 13:15:23.208] [Render thread/DEBUG] [oshi.util.FileUtil/]: Reading file /sys/devices/system/cpu/cpu11/cache/index3/level
[22Jun2025 13:15:23.208] [Render thread/DEBUG] [oshi.util.FileUtil/]: Reading file /sys/devices/system/cpu/cpu11/cache/index3/type
[22Jun2025 13:15:23.208] [Render thread/DEBUG] [oshi.util.FileUtil/]: Reading file /sys/devices/system/cpu/cpu11/cache/index3/type
[22Jun2025 13:15:23.208] [Render thread/DEBUG] [oshi.util.FileUtil/]: Reading file /sys/devices/system/cpu/cpu11/cache/index3/ways_of_associativity
[22Jun2025 13:15:23.208] [Render thread/DEBUG] [oshi.util.FileUtil/]: Reading file /sys/devices/system/cpu/cpu11/cache/index3/ways_of_associativity
[22Jun2025 13:15:23.208] [Render thread/DEBUG] [oshi.util.FileUtil/]: Reading file /sys/devices/system/cpu/cpu11/cache/index3/coherency_line_size
[22Jun2025 13:15:23.208] [Render thread/DEBUG] [oshi.util.FileUtil/]: Reading file /sys/devices/system/cpu/cpu11/cache/index3/coherency_line_size
[22Jun2025 13:15:23.208] [Render thread/DEBUG] [oshi.util.FileUtil/]: Reading file /sys/devices/system/cpu/cpu11/cache/index3/size
[22Jun2025 13:15:23.208] [Render thread/DEBUG] [oshi.util.FileUtil/]: Reading file /sys/devices/system/cpu/cpu11/cache/index3/size
[22Jun2025 13:15:23.208] [Render thread/DEBUG] [oshi.util.FileUtil/]: Reading file /sys/devices/system/cpu/cpu11/cache/index1/level
[22Jun2025 13:15:23.208] [Render thread/DEBUG] [oshi.util.FileUtil/]: Reading file /sys/devices/system/cpu/cpu11/cache/index1/level
[22Jun2025 13:15:23.208] [Render thread/DEBUG] [oshi.util.FileUtil/]: Reading file /sys/devices/system/cpu/cpu11/cache/index1/type
[22Jun2025 13:15:23.208] [Render thread/DEBUG] [oshi.util.FileUtil/]: Reading file /sys/devices/system/cpu/cpu11/cache/index1/type
[22Jun2025 13:15:23.208] [Render thread/DEBUG] [oshi.util.FileUtil/]: Reading file /sys/devices/system/cpu/cpu11/cache/index1/ways_of_associativity
[22Jun2025 13:15:23.208] [Render thread/DEBUG] [oshi.util.FileUtil/]: Reading file /sys/devices/system/cpu/cpu11/cache/index1/ways_of_associativity
[22Jun2025 13:15:23.208] [Render thread/DEBUG] [oshi.util.FileUtil/]: Reading file /sys/devices/system/cpu/cpu11/cache/index1/coherency_line_size
[22Jun2025 13:15:23.208] [Render thread/DEBUG] [oshi.util.FileUtil/]: Reading file /sys/devices/system/cpu/cpu11/cache/index1/coherency_line_size
[22Jun2025 13:15:23.208] [Render thread/DEBUG] [oshi.util.FileUtil/]: Reading file /sys/devices/system/cpu/cpu11/cache/index1/size
[22Jun2025 13:15:23.208] [Render thread/DEBUG] [oshi.util.FileUtil/]: Reading file /sys/devices/system/cpu/cpu11/cache/index1/size
[22Jun2025 13:15:23.209] [Render thread/DEBUG] [oshi.util.FileUtil/]: Reading file /sys/devices/system/cpu/cpu2/topology/core_id
[22Jun2025 13:15:23.209] [Render thread/DEBUG] [oshi.util.FileUtil/]: Reading file /sys/devices/system/cpu/cpu2/topology/core_id
[22Jun2025 13:15:23.209] [Render thread/DEBUG] [oshi.util.FileUtil/]: Reading file /sys/devices/system/cpu/cpu2/topology/physical_package_id
[22Jun2025 13:15:23.209] [Render thread/DEBUG] [oshi.util.FileUtil/]: Reading file /sys/devices/system/cpu/cpu2/topology/physical_package_id
[22Jun2025 13:15:23.209] [Render thread/DEBUG] [oshi.util.FileUtil/]: Reading file /sys/devices/system/cpu/cpu2/cpu_capacity
[22Jun2025 13:15:23.210] [Render thread/DEBUG] [oshi.util.FileUtil/]: Reading file /sys/devices/system/cpu/cpu2/cache/index2/level
[22Jun2025 13:15:23.210] [Render thread/DEBUG] [oshi.util.FileUtil/]: Reading file /sys/devices/system/cpu/cpu2/cache/index2/level
[22Jun2025 13:15:23.210] [Render thread/DEBUG] [oshi.util.FileUtil/]: Reading file /sys/devices/system/cpu/cpu2/cache/index2/type
[22Jun2025 13:15:23.210] [Render thread/DEBUG] [oshi.util.FileUtil/]: Reading file /sys/devices/system/cpu/cpu2/cache/index2/type
[22Jun2025 13:15:23.210] [Render thread/DEBUG] [oshi.util.FileUtil/]: Reading file /sys/devices/system/cpu/cpu2/cache/index2/ways_of_associativity
[22Jun2025 13:15:23.210] [Render thread/DEBUG] [oshi.util.FileUtil/]: Reading file /sys/devices/system/cpu/cpu2/cache/index2/ways_of_associativity
[22Jun2025 13:15:23.210] [Render thread/DEBUG] [oshi.util.FileUtil/]: Reading file /sys/devices/system/cpu/cpu2/cache/index2/coherency_line_size
[22Jun2025 13:15:23.211] [Render thread/DEBUG] [oshi.util.FileUtil/]: Reading file /sys/devices/system/cpu/cpu2/cache/index2/coherency_line_size
[22Jun2025 13:15:23.211] [Render thread/DEBUG] [oshi.util.FileUtil/]: Reading file /sys/devices/system/cpu/cpu2/cache/index2/size
[22Jun2025 13:15:23.211] [Render thread/DEBUG] [oshi.util.FileUtil/]: Reading file /sys/devices/system/cpu/cpu2/cache/index2/size
[22Jun2025 13:15:23.211] [Render thread/DEBUG] [oshi.util.FileUtil/]: Reading file /sys/devices/system/cpu/cpu2/cache/index0/level
[22Jun2025 13:15:23.211] [Render thread/DEBUG] [oshi.util.FileUtil/]: Reading file /sys/devices/system/cpu/cpu2/cache/index0/level
[22Jun2025 13:15:23.211] [Render thread/DEBUG] [oshi.util.FileUtil/]: Reading file /sys/devices/system/cpu/cpu2/cache/index0/type
[22Jun2025 13:15:23.211] [Render thread/DEBUG] [oshi.util.FileUtil/]: Reading file /sys/devices/system/cpu/cpu2/cache/index0/type
[22Jun2025 13:15:23.211] [Render thread/DEBUG] [oshi.util.FileUtil/]: Reading file /sys/devices/system/cpu/cpu2/cache/index0/ways_of_associativity
[22Jun2025 13:15:23.211] [Render thread/DEBUG] [oshi.util.FileUtil/]: Reading file /sys/devices/system/cpu/cpu2/cache/index0/ways_of_associativity
[22Jun2025 13:15:23.211] [Render thread/DEBUG] [oshi.util.FileUtil/]: Reading file /sys/devices/system/cpu/cpu2/cache/index0/coherency_line_size
[22Jun2025 13:15:23.211] [Render thread/DEBUG] [oshi.util.FileUtil/]: Reading file /sys/devices/system/cpu/cpu2/cache/index0/coherency_line_size
[22Jun2025 13:15:23.211] [Render thread/DEBUG] [oshi.util.FileUtil/]: Reading file /sys/devices/system/cpu/cpu2/cache/index0/size
[22Jun2025 13:15:23.211] [Render thread/DEBUG] [oshi.util.FileUtil/]: Reading file /sys/devices/system/cpu/cpu2/cache/index0/size
[22Jun2025 13:15:23.212] [Render thread/DEBUG] [oshi.util.FileUtil/]: Reading file /sys/devices/system/cpu/cpu2/cache/index3/level
[22Jun2025 13:15:23.212] [Render thread/DEBUG] [oshi.util.FileUtil/]: Reading file /sys/devices/system/cpu/cpu2/cache/index3/level
[22Jun2025 13:15:23.212] [Render thread/DEBUG] [oshi.util.FileUtil/]: Reading file /sys/devices/system/cpu/cpu2/cache/index3/type
[22Jun2025 13:15:23.212] [Render thread/DEBUG] [oshi.util.FileUtil/]: Reading file /sys/devices/system/cpu/cpu2/cache/index3/type
[22Jun2025 13:15:23.212] [Render thread/DEBUG] [oshi.util.FileUtil/]: Reading file /sys/devices/system/cpu/cpu2/cache/index3/ways_of_associativity
[22Jun2025 13:15:23.212] [Render thread/DEBUG] [oshi.util.FileUtil/]: Reading file /sys/devices/system/cpu/cpu2/cache/index3/ways_of_associativity
[22Jun2025 13:15:23.212] [Render thread/DEBUG] [oshi.util.FileUtil/]: Reading file /sys/devices/system/cpu/cpu2/cache/index3/coherency_line_size
[22Jun2025 13:15:23.212] [Render thread/DEBUG] [oshi.util.FileUtil/]: Reading file /sys/devices/system/cpu/cpu2/cache/index3/coherency_line_size
[22Jun2025 13:15:23.212] [Render thread/DEBUG] [oshi.util.FileUtil/]: Reading file /sys/devices/system/cpu/cpu2/cache/index3/size
[22Jun2025 13:15:23.212] [Render thread/DEBUG] [oshi.util.FileUtil/]: Reading file /sys/devices/system/cpu/cpu2/cache/index3/size
[22Jun2025 13:15:23.212] [Render thread/DEBUG] [oshi.util.FileUtil/]: Reading file /sys/devices/system/cpu/cpu2/cache/index1/level
[22Jun2025 13:15:23.213] [Render thread/DEBUG] [oshi.util.FileUtil/]: Reading file /sys/devices/system/cpu/cpu2/cache/index1/level
[22Jun2025 13:15:23.213] [Render thread/DEBUG] [oshi.util.FileUtil/]: Reading file /sys/devices/system/cpu/cpu2/cache/index1/type
[22Jun2025 13:15:23.213] [Render thread/DEBUG] [oshi.util.FileUtil/]: Reading file /sys/devices/system/cpu/cpu2/cache/index1/type
[22Jun2025 13:15:23.213] [Render thread/DEBUG] [oshi.util.FileUtil/]: Reading file /sys/devices/system/cpu/cpu2/cache/index1/ways_of_associativity
[22Jun2025 13:15:23.213] [Render thread/DEBUG] [oshi.util.FileUtil/]: Reading file /sys/devices/system/cpu/cpu2/cache/index1/ways_of_associativity
[22Jun2025 13:15:23.213] [Render thread/DEBUG] [oshi.util.FileUtil/]: Reading file /sys/devices/system/cpu/cpu2/cache/index1/coherency_line_size
[22Jun2025 13:15:23.213] [Render thread/DEBUG] [oshi.util.FileUtil/]: Reading file /sys/devices/system/cpu/cpu2/cache/index1/coherency_line_size
[22Jun2025 13:15:23.213] [Render thread/DEBUG] [oshi.util.FileUtil/]: Reading file /sys/devices/system/cpu/cpu2/cache/index1/size
[22Jun2025 13:15:23.213] [Render thread/DEBUG] [oshi.util.FileUtil/]: Reading file /sys/devices/system/cpu/cpu2/cache/index1/size
[22Jun2025 13:15:23.214] [Render thread/DEBUG] [oshi.util.FileUtil/]: Reading file /sys/devices/system/cpu/cpu3/topology/core_id
[22Jun2025 13:15:23.214] [Render thread/DEBUG] [oshi.util.FileUtil/]: Reading file /sys/devices/system/cpu/cpu3/topology/core_id
[22Jun2025 13:15:23.214] [Render thread/DEBUG] [oshi.util.FileUtil/]: Reading file /sys/devices/system/cpu/cpu3/topology/physical_package_id
[22Jun2025 13:15:23.214] [Render thread/DEBUG] [oshi.util.FileUtil/]: Reading file /sys/devices/system/cpu/cpu3/topology/physical_package_id
[22Jun2025 13:15:23.215] [Render thread/DEBUG] [oshi.util.FileUtil/]: Reading file /sys/devices/system/cpu/cpu3/cpu_capacity
[22Jun2025 13:15:23.215] [Render thread/DEBUG] [oshi.util.FileUtil/]: Reading file /sys/devices/system/cpu/cpu3/cache/index2/level
[22Jun2025 13:15:23.215] [Render thread/DEBUG] [oshi.util.FileUtil/]: Reading file /sys/devices/system/cpu/cpu3/cache/index2/level
[22Jun2025 13:15:23.215] [Render thread/DEBUG] [oshi.util.FileUtil/]: Reading file /sys/devices/system/cpu/cpu3/cache/index2/type
[22Jun2025 13:15:23.215] [Render thread/DEBUG] [oshi.util.FileUtil/]: Reading file /sys/devices/system/cpu/cpu3/cache/index2/type
[22Jun2025 13:15:23.215] [Render thread/DEBUG] [oshi.util.FileUtil/]: Reading file /sys/devices/system/cpu/cpu3/cache/index2/ways_of_associativity
[22Jun2025 13:15:23.215] [Render thread/DEBUG] [oshi.util.FileUtil/]: Reading file /sys/devices/system/cpu/cpu3/cache/index2/ways_of_associativity
[22Jun2025 13:15:23.216] [Render thread/DEBUG] [oshi.util.FileUtil/]: Reading file /sys/devices/system/cpu/cpu3/cache/index2/coherency_line_size
[22Jun2025 13:15:23.216] [Render thread/DEBUG] [oshi.util.FileUtil/]: Reading file /sys/devices/system/cpu/cpu3/cache/index2/coherency_line_size
[22Jun2025 13:15:23.216] [Render thread/DEBUG] [oshi.util.FileUtil/]: Reading file /sys/devices/system/cpu/cpu3/cache/index2/size
[22Jun2025 13:15:23.216] [Render thread/DEBUG] [oshi.util.FileUtil/]: Reading file /sys/devices/system/cpu/cpu3/cache/index2/size
[22Jun2025 13:15:23.216] [Render thread/DEBUG] [oshi.util.FileUtil/]: Reading file /sys/devices/system/cpu/cpu3/cache/index0/level
[22Jun2025 13:15:23.216] [Render thread/DEBUG] [oshi.util.FileUtil/]: Reading file /sys/devices/system/cpu/cpu3/cache/index0/level
[22Jun2025 13:15:23.216] [Render thread/DEBUG] [oshi.util.FileUtil/]: Reading file /sys/devices/system/cpu/cpu3/cache/index0/type
[22Jun2025 13:15:23.216] [Render thread/DEBUG] [oshi.util.FileUtil/]: Reading file /sys/devices/system/cpu/cpu3/cache/index0/type
[22Jun2025 13:15:23.216] [Render thread/DEBUG] [oshi.util.FileUtil/]: Reading file /sys/devices/system/cpu/cpu3/cache/index0/ways_of_associativity
[22Jun2025 13:15:23.216] [Render thread/DEBUG] [oshi.util.FileUtil/]: Reading file /sys/devices/system/cpu/cpu3/cache/index0/ways_of_associativity
[22Jun2025 13:15:23.216] [Render thread/DEBUG] [oshi.util.FileUtil/]: Reading file /sys/devices/system/cpu/cpu3/cache/index0/coherency_line_size
[22Jun2025 13:15:23.216] [Render thread/DEBUG] [oshi.util.FileUtil/]: Reading file /sys/devices/system/cpu/cpu3/cache/index0/coherency_line_size
[22Jun2025 13:15:23.216] [Render thread/DEBUG] [oshi.util.FileUtil/]: Reading file /sys/devices/system/cpu/cpu3/cache/index0/size
[22Jun2025 13:15:23.216] [Render thread/DEBUG] [oshi.util.FileUtil/]: Reading file /sys/devices/system/cpu/cpu3/cache/index0/size
[22Jun2025 13:15:23.216] [Render thread/DEBUG] [oshi.util.FileUtil/]: Reading file /sys/devices/system/cpu/cpu3/cache/index3/level
[22Jun2025 13:15:23.216] [Render thread/DEBUG] [oshi.util.FileUtil/]: Reading file /sys/devices/system/cpu/cpu3/cache/index3/level
[22Jun2025 13:15:23.216] [Render thread/DEBUG] [oshi.util.FileUtil/]: Reading file /sys/devices/system/cpu/cpu3/cache/index3/type
[22Jun2025 13:15:23.216] [Render thread/DEBUG] [oshi.util.FileUtil/]: Reading file /sys/devices/system/cpu/cpu3/cache/index3/type
[22Jun2025 13:15:23.217] [Render thread/DEBUG] [oshi.util.FileUtil/]: Reading file /sys/devices/system/cpu/cpu3/cache/index3/ways_of_associativity
[22Jun2025 13:15:23.217] [Render thread/DEBUG] [oshi.util.FileUtil/]: Reading file /sys/devices/system/cpu/cpu3/cache/index3/ways_of_associativity
[22Jun2025 13:15:23.217] [Render thread/DEBUG] [oshi.util.FileUtil/]: Reading file /sys/devices/system/cpu/cpu3/cache/index3/coherency_line_size
[22Jun2025 13:15:23.217] [Render thread/DEBUG] [oshi.util.FileUtil/]: Reading file /sys/devices/system/cpu/cpu3/cache/index3/coherency_line_size
[22Jun2025 13:15:23.217] [Render thread/DEBUG] [oshi.util.FileUtil/]: Reading file /sys/devices/system/cpu/cpu3/cache/index3/size
[22Jun2025 13:15:23.217] [Render thread/DEBUG] [oshi.util.FileUtil/]: Reading file /sys/devices/system/cpu/cpu3/cache/index3/size
[22Jun2025 13:15:23.217] [Render thread/DEBUG] [oshi.util.FileUtil/]: Reading file /sys/devices/system/cpu/cpu3/cache/index1/level
[22Jun2025 13:15:23.217] [Render thread/DEBUG] [oshi.util.FileUtil/]: Reading file /sys/devices/system/cpu/cpu3/cache/index1/level
[22Jun2025 13:15:23.217] [Render thread/DEBUG] [oshi.util.FileUtil/]: Reading file /sys/devices/system/cpu/cpu3/cache/index1/type
[22Jun2025 13:15:23.217] [Render thread/DEBUG] [oshi.util.FileUtil/]: Reading file /sys/devices/system/cpu/cpu3/cache/index1/type
[22Jun2025 13:15:23.217] [Render thread/DEBUG] [oshi.util.FileUtil/]: Reading file /sys/devices/system/cpu/cpu3/cache/index1/ways_of_associativity
[22Jun2025 13:15:23.217] [Render thread/DEBUG] [oshi.util.FileUtil/]: Reading file /sys/devices/system/cpu/cpu3/cache/index1/ways_of_associativity
[22Jun2025 13:15:23.217] [Render thread/DEBUG] [oshi.util.FileUtil/]: Reading file /sys/devices/system/cpu/cpu3/cache/index1/coherency_line_size
[22Jun2025 13:15:23.217] [Render thread/DEBUG] [oshi.util.FileUtil/]: Reading file /sys/devices/system/cpu/cpu3/cache/index1/coherency_line_size
[22Jun2025 13:15:23.217] [Render thread/DEBUG] [oshi.util.FileUtil/]: Reading file /sys/devices/system/cpu/cpu3/cache/index1/size
[22Jun2025 13:15:23.217] [Render thread/DEBUG] [oshi.util.FileUtil/]: Reading file /sys/devices/system/cpu/cpu3/cache/index1/size
[22Jun2025 13:15:23.218] [Render thread/DEBUG] [oshi.util.FileUtil/]: Reading file /sys/devices/system/cpu/cpu4/topology/core_id
[22Jun2025 13:15:23.218] [Render thread/DEBUG] [oshi.util.FileUtil/]: Reading file /sys/devices/system/cpu/cpu4/topology/core_id
[22Jun2025 13:15:23.219] [Render thread/DEBUG] [oshi.util.FileUtil/]: Reading file /sys/devices/system/cpu/cpu4/topology/physical_package_id
[22Jun2025 13:15:23.219] [Render thread/DEBUG] [oshi.util.FileUtil/]: Reading file /sys/devices/system/cpu/cpu4/topology/physical_package_id
[22Jun2025 13:15:23.220] [Render thread/DEBUG] [oshi.util.FileUtil/]: Reading file /sys/devices/system/cpu/cpu4/cpu_capacity
[22Jun2025 13:15:23.221] [Render thread/DEBUG] [oshi.util.FileUtil/]: Reading file /sys/devices/system/cpu/cpu4/cache/index2/level
[22Jun2025 13:15:23.221] [Render thread/DEBUG] [oshi.util.FileUtil/]: Reading file /sys/devices/system/cpu/cpu4/cache/index2/level
[22Jun2025 13:15:23.221] [Render thread/DEBUG] [oshi.util.FileUtil/]: Reading file /sys/devices/system/cpu/cpu4/cache/index2/type
[22Jun2025 13:15:23.222] [Render thread/DEBUG] [oshi.util.FileUtil/]: Reading file /sys/devices/system/cpu/cpu4/cache/index2/type
[22Jun2025 13:15:23.222] [Render thread/DEBUG] [oshi.util.FileUtil/]: Reading file /sys/devices/system/cpu/cpu4/cache/index2/ways_of_associativity
[22Jun2025 13:15:23.222] [Render thread/DEBUG] [oshi.util.FileUtil/]: Reading file /sys/devices/system/cpu/cpu4/cache/index2/ways_of_associativity
[22Jun2025 13:15:23.222] [Render thread/DEBUG] [oshi.util.FileUtil/]: Reading file /sys/devices/system/cpu/cpu4/cache/index2/coherency_line_size
[22Jun2025 13:15:23.222] [Render thread/DEBUG] [oshi.util.FileUtil/]: Reading file /sys/devices/system/cpu/cpu4/cache/index2/coherency_line_size
[22Jun2025 13:15:23.222] [Render thread/DEBUG] [oshi.util.FileUtil/]: Reading file /sys/devices/system/cpu/cpu4/cache/index2/size
[22Jun2025 13:15:23.222] [Render thread/DEBUG] [oshi.util.FileUtil/]: Reading file /sys/devices/system/cpu/cpu4/cache/index2/size
[22Jun2025 13:15:23.222] [Render thread/DEBUG] [oshi.util.FileUtil/]: Reading file /sys/devices/system/cpu/cpu4/cache/index0/level
[22Jun2025 13:15:23.223] [Render thread/DEBUG] [oshi.util.FileUtil/]: Reading file /sys/devices/system/cpu/cpu4/cache/index0/level
[22Jun2025 13:15:23.223] [Render thread/DEBUG] [oshi.util.FileUtil/]: Reading file /sys/devices/system/cpu/cpu4/cache/index0/type
[22Jun2025 13:15:23.223] [Render thread/DEBUG] [oshi.util.FileUtil/]: Reading file /sys/devices/system/cpu/cpu4/cache/index0/type
[22Jun2025 13:15:23.223] [Render thread/DEBUG] [oshi.util.FileUtil/]: Reading file /sys/devices/system/cpu/cpu4/cache/index0/ways_of_associativity
[22Jun2025 13:15:23.223] [Render thread/DEBUG] [oshi.util.FileUtil/]: Reading file /sys/devices/system/cpu/cpu4/cache/index0/ways_of_associativity
[22Jun2025 13:15:23.223] [Render thread/DEBUG] [oshi.util.FileUtil/]: Reading file /sys/devices/system/cpu/cpu4/cache/index0/coherency_line_size
[22Jun2025 13:15:23.223] [Render thread/DEBUG] [oshi.util.FileUtil/]: Reading file /sys/devices/system/cpu/cpu4/cache/index0/coherency_line_size
[22Jun2025 13:15:23.223] [Render thread/DEBUG] [oshi.util.FileUtil/]: Reading file /sys/devices/system/cpu/cpu4/cache/index0/size
[22Jun2025 13:15:23.223] [Render thread/DEBUG] [oshi.util.FileUtil/]: Reading file /sys/devices/system/cpu/cpu4/cache/index0/size
[22Jun2025 13:15:23.223] [Render thread/DEBUG] [oshi.util.FileUtil/]: Reading file /sys/devices/system/cpu/cpu4/cache/index3/level
[22Jun2025 13:15:23.223] [Render thread/DEBUG] [oshi.util.FileUtil/]: Reading file /sys/devices/system/cpu/cpu4/cache/index3/level
[22Jun2025 13:15:23.223] [Render thread/DEBUG] [oshi.util.FileUtil/]: Reading file /sys/devices/system/cpu/cpu4/cache/index3/type
[22Jun2025 13:15:23.223] [Render thread/DEBUG] [oshi.util.FileUtil/]: Reading file /sys/devices/system/cpu/cpu4/cache/index3/type
[22Jun2025 13:15:23.223] [Render thread/DEBUG] [oshi.util.FileUtil/]: Reading file /sys/devices/system/cpu/cpu4/cache/index3/ways_of_associativity
[22Jun2025 13:15:23.224] [Render thread/DEBUG] [oshi.util.FileUtil/]: Reading file /sys/devices/system/cpu/cpu4/cache/index3/ways_of_associativity
[22Jun2025 13:15:23.224] [Render thread/DEBUG] [oshi.util.FileUtil/]: Reading file /sys/devices/system/cpu/cpu4/cache/index3/coherency_line_size
[22Jun2025 13:15:23.224] [Render thread/DEBUG] [oshi.util.FileUtil/]: Reading file /sys/devices/system/cpu/cpu4/cache/index3/coherency_line_size
[22Jun2025 13:15:23.224] [Render thread/DEBUG] [oshi.util.FileUtil/]: Reading file /sys/devices/system/cpu/cpu4/cache/index3/size
[22Jun2025 13:15:23.224] [Render thread/DEBUG] [oshi.util.FileUtil/]: Reading file /sys/devices/system/cpu/cpu4/cache/index3/size
[22Jun2025 13:15:23.224] [Render thread/DEBUG] [oshi.util.FileUtil/]: Reading file /sys/devices/system/cpu/cpu4/cache/index1/level
[22Jun2025 13:15:23.224] [Render thread/DEBUG] [oshi.util.FileUtil/]: Reading file /sys/devices/system/cpu/cpu4/cache/index1/level
[22Jun2025 13:15:23.224] [Render thread/DEBUG] [oshi.util.FileUtil/]: Reading file /sys/devices/system/cpu/cpu4/cache/index1/type
[22Jun2025 13:15:23.224] [Render thread/DEBUG] [oshi.util.FileUtil/]: Reading file /sys/devices/system/cpu/cpu4/cache/index1/type
[22Jun2025 13:15:23.224] [Render thread/DEBUG] [oshi.util.FileUtil/]: Reading file /sys/devices/system/cpu/cpu4/cache/index1/ways_of_associativity
[22Jun2025 13:15:23.224] [Render thread/DEBUG] [oshi.util.FileUtil/]: Reading file /sys/devices/system/cpu/cpu4/cache/index1/ways_of_associativity
[22Jun2025 13:15:23.225] [Render thread/DEBUG] [oshi.util.FileUtil/]: Reading file /sys/devices/system/cpu/cpu4/cache/index1/coherency_line_size
[22Jun2025 13:15:23.225] [Render thread/DEBUG] [oshi.util.FileUtil/]: Reading file /sys/devices/system/cpu/cpu4/cache/index1/coherency_line_size
[22Jun2025 13:15:23.225] [Render thread/DEBUG] [oshi.util.FileUtil/]: Reading file /sys/devices/system/cpu/cpu4/cache/index1/size
[22Jun2025 13:15:23.225] [Render thread/DEBUG] [oshi.util.FileUtil/]: Reading file /sys/devices/system/cpu/cpu4/cache/index1/size
[22Jun2025 13:15:23.228] [Render thread/DEBUG] [oshi.util.FileUtil/]: Reading file /sys/devices/system/cpu/cpu5/topology/core_id
[22Jun2025 13:15:23.228] [Render thread/DEBUG] [oshi.util.FileUtil/]: Reading file /sys/devices/system/cpu/cpu5/topology/core_id
[22Jun2025 13:15:23.228] [Render thread/DEBUG] [oshi.util.FileUtil/]: Reading file /sys/devices/system/cpu/cpu5/topology/physical_package_id
[22Jun2025 13:15:23.228] [Render thread/DEBUG] [oshi.util.FileUtil/]: Reading file /sys/devices/system/cpu/cpu5/topology/physical_package_id
[22Jun2025 13:15:23.228] [Render thread/DEBUG] [oshi.util.FileUtil/]: Reading file /sys/devices/system/cpu/cpu5/cpu_capacity
[22Jun2025 13:15:23.229] [Render thread/DEBUG] [oshi.util.FileUtil/]: Reading file /sys/devices/system/cpu/cpu5/cache/index2/level
[22Jun2025 13:15:23.229] [Render thread/DEBUG] [oshi.util.FileUtil/]: Reading file /sys/devices/system/cpu/cpu5/cache/index2/level
[22Jun2025 13:15:23.229] [Render thread/DEBUG] [oshi.util.FileUtil/]: Reading file /sys/devices/system/cpu/cpu5/cache/index2/type
[22Jun2025 13:15:23.229] [Render thread/DEBUG] [oshi.util.FileUtil/]: Reading file /sys/devices/system/cpu/cpu5/cache/index2/type
[22Jun2025 13:15:23.229] [Render thread/DEBUG] [oshi.util.FileUtil/]: Reading file /sys/devices/system/cpu/cpu5/cache/index2/ways_of_associativity
[22Jun2025 13:15:23.229] [Render thread/DEBUG] [oshi.util.FileUtil/]: Reading file /sys/devices/system/cpu/cpu5/cache/index2/ways_of_associativity
[22Jun2025 13:15:23.229] [Render thread/DEBUG] [oshi.util.FileUtil/]: Reading file /sys/devices/system/cpu/cpu5/cache/index2/coherency_line_size
[22Jun2025 13:15:23.229] [Render thread/DEBUG] [oshi.util.FileUtil/]: Reading file /sys/devices/system/cpu/cpu5/cache/index2/coherency_line_size
[22Jun2025 13:15:23.229] [Render thread/DEBUG] [oshi.util.FileUtil/]: Reading file /sys/devices/system/cpu/cpu5/cache/index2/size
[22Jun2025 13:15:23.229] [Render thread/DEBUG] [oshi.util.FileUtil/]: Reading file /sys/devices/system/cpu/cpu5/cache/index2/size
[22Jun2025 13:15:23.229] [Render thread/DEBUG] [oshi.util.FileUtil/]: Reading file /sys/devices/system/cpu/cpu5/cache/index0/level
[22Jun2025 13:15:23.229] [Render thread/DEBUG] [oshi.util.FileUtil/]: Reading file /sys/devices/system/cpu/cpu5/cache/index0/level
[22Jun2025 13:15:23.229] [Render thread/DEBUG] [oshi.util.FileUtil/]: Reading file /sys/devices/system/cpu/cpu5/cache/index0/type
[22Jun2025 13:15:23.230] [Render thread/DEBUG] [oshi.util.FileUtil/]: Reading file /sys/devices/system/cpu/cpu5/cache/index0/type
[22Jun2025 13:15:23.230] [Render thread/DEBUG] [oshi.util.FileUtil/]: Reading file /sys/devices/system/cpu/cpu5/cache/index0/ways_of_associativity
[22Jun2025 13:15:23.230] [Render thread/DEBUG] [oshi.util.FileUtil/]: Reading file /sys/devices/system/cpu/cpu5/cache/index0/ways_of_associativity
[22Jun2025 13:15:23.230] [Render thread/DEBUG] [oshi.util.FileUtil/]: Reading file /sys/devices/system/cpu/cpu5/cache/index0/coherency_line_size
[22Jun2025 13:15:23.230] [Render thread/DEBUG] [oshi.util.FileUtil/]: Reading file /sys/devices/system/cpu/cpu5/cache/index0/coherency_line_size
[22Jun2025 13:15:23.230] [Render thread/DEBUG] [oshi.util.FileUtil/]: Reading file /sys/devices/system/cpu/cpu5/cache/index0/size
[22Jun2025 13:15:23.230] [Render thread/DEBUG] [oshi.util.FileUtil/]: Reading file /sys/devices/system/cpu/cpu5/cache/index0/size
[22Jun2025 13:15:23.230] [Render thread/DEBUG] [oshi.util.FileUtil/]: Reading file /sys/devices/system/cpu/cpu5/cache/index3/level
[22Jun2025 13:15:23.230] [Render thread/DEBUG] [oshi.util.FileUtil/]: Reading file /sys/devices/system/cpu/cpu5/cache/index3/level
[22Jun2025 13:15:23.230] [Render thread/DEBUG] [oshi.util.FileUtil/]: Reading file /sys/devices/system/cpu/cpu5/cache/index3/type
[22Jun2025 13:15:23.230] [Render thread/DEBUG] [oshi.util.FileUtil/]: Reading file /sys/devices/system/cpu/cpu5/cache/index3/type
[22Jun2025 13:15:23.230] [Render thread/DEBUG] [oshi.util.FileUtil/]: Reading file /sys/devices/system/cpu/cpu5/cache/index3/ways_of_associativity
[22Jun2025 13:15:23.230] [Render thread/DEBUG] [oshi.util.FileUtil/]: Reading file /sys/devices/system/cpu/cpu5/cache/index3/ways_of_associativity
[22Jun2025 13:15:23.230] [Render thread/DEBUG] [oshi.util.FileUtil/]: Reading file /sys/devices/system/cpu/cpu5/cache/index3/coherency_line_size
[22Jun2025 13:15:23.230] [Render thread/DEBUG] [oshi.util.FileUtil/]: Reading file /sys/devices/system/cpu/cpu5/cache/index3/coherency_line_size
[22Jun2025 13:15:23.230] [Render thread/DEBUG] [oshi.util.FileUtil/]: Reading file /sys/devices/system/cpu/cpu5/cache/index3/size
[22Jun2025 13:15:23.230] [Render thread/DEBUG] [oshi.util.FileUtil/]: Reading file /sys/devices/system/cpu/cpu5/cache/index3/size
[22Jun2025 13:15:23.231] [Render thread/DEBUG] [oshi.util.FileUtil/]: Reading file /sys/devices/system/cpu/cpu5/cache/index1/level
[22Jun2025 13:15:23.231] [Render thread/DEBUG] [oshi.util.FileUtil/]: Reading file /sys/devices/system/cpu/cpu5/cache/index1/level
[22Jun2025 13:15:23.231] [Render thread/DEBUG] [oshi.util.FileUtil/]: Reading file /sys/devices/system/cpu/cpu5/cache/index1/type
[22Jun2025 13:15:23.231] [Render thread/DEBUG] [oshi.util.FileUtil/]: Reading file /sys/devices/system/cpu/cpu5/cache/index1/type
[22Jun2025 13:15:23.231] [Render thread/DEBUG] [oshi.util.FileUtil/]: Reading file /sys/devices/system/cpu/cpu5/cache/index1/ways_of_associativity
[22Jun2025 13:15:23.231] [Render thread/DEBUG] [oshi.util.FileUtil/]: Reading file /sys/devices/system/cpu/cpu5/cache/index1/ways_of_associativity
[22Jun2025 13:15:23.231] [Render thread/DEBUG] [oshi.util.FileUtil/]: Reading file /sys/devices/system/cpu/cpu5/cache/index1/coherency_line_size
[22Jun2025 13:15:23.231] [Render thread/DEBUG] [oshi.util.FileUtil/]: Reading file /sys/devices/system/cpu/cpu5/cache/index1/coherency_line_size
[22Jun2025 13:15:23.231] [Render thread/DEBUG] [oshi.util.FileUtil/]: Reading file /sys/devices/system/cpu/cpu5/cache/index1/size
[22Jun2025 13:15:23.231] [Render thread/DEBUG] [oshi.util.FileUtil/]: Reading file /sys/devices/system/cpu/cpu5/cache/index1/size
[22Jun2025 13:15:23.232] [Render thread/DEBUG] [oshi.util.FileUtil/]: Reading file /sys/devices/system/cpu/cpu6/topology/core_id
[22Jun2025 13:15:23.232] [Render thread/DEBUG] [oshi.util.FileUtil/]: Reading file /sys/devices/system/cpu/cpu6/topology/core_id
[22Jun2025 13:15:23.232] [Render thread/DEBUG] [oshi.util.FileUtil/]: Reading file /sys/devices/system/cpu/cpu6/topology/physical_package_id
[22Jun2025 13:15:23.232] [Render thread/DEBUG] [oshi.util.FileUtil/]: Reading file /sys/devices/system/cpu/cpu6/topology/physical_package_id
[22Jun2025 13:15:23.232] [Render thread/DEBUG] [oshi.util.FileUtil/]: Reading file /sys/devices/system/cpu/cpu6/cpu_capacity
[22Jun2025 13:15:23.233] [Render thread/DEBUG] [oshi.util.FileUtil/]: Reading file /sys/devices/system/cpu/cpu6/cache/index2/level
[22Jun2025 13:15:23.233] [Render thread/DEBUG] [oshi.util.FileUtil/]: Reading file /sys/devices/system/cpu/cpu6/cache/index2/level
[22Jun2025 13:15:23.233] [Render thread/DEBUG] [oshi.util.FileUtil/]: Reading file /sys/devices/system/cpu/cpu6/cache/index2/type
[22Jun2025 13:15:23.234] [Render thread/DEBUG] [oshi.util.FileUtil/]: Reading file /sys/devices/system/cpu/cpu6/cache/index2/type
[22Jun2025 13:15:23.234] [Render thread/DEBUG] [oshi.util.FileUtil/]: Reading file /sys/devices/system/cpu/cpu6/cache/index2/ways_of_associativity
[22Jun2025 13:15:23.234] [Render thread/DEBUG] [oshi.util.FileUtil/]: Reading file /sys/devices/system/cpu/cpu6/cache/index2/ways_of_associativity
[22Jun2025 13:15:23.234] [Render thread/DEBUG] [oshi.util.FileUtil/]: Reading file /sys/devices/system/cpu/cpu6/cache/index2/coherency_line_size
[22Jun2025 13:15:23.234] [Render thread/DEBUG] [oshi.util.FileUtil/]: Reading file /sys/devices/system/cpu/cpu6/cache/index2/coherency_line_size
[22Jun2025 13:15:23.234] [Render thread/DEBUG] [oshi.util.FileUtil/]: Reading file /sys/devices/system/cpu/cpu6/cache/index2/size
[22Jun2025 13:15:23.234] [Render thread/DEBUG] [oshi.util.FileUtil/]: Reading file /sys/devices/system/cpu/cpu6/cache/index2/size
[22Jun2025 13:15:23.234] [Render thread/DEBUG] [oshi.util.FileUtil/]: Reading file /sys/devices/system/cpu/cpu6/cache/index0/level
[22Jun2025 13:15:23.234] [Render thread/DEBUG] [oshi.util.FileUtil/]: Reading file /sys/devices/system/cpu/cpu6/cache/index0/level
[22Jun2025 13:15:23.234] [Render thread/DEBUG] [oshi.util.FileUtil/]: Reading file /sys/devices/system/cpu/cpu6/cache/index0/type
[22Jun2025 13:15:23.234] [Render thread/DEBUG] [oshi.util.FileUtil/]: Reading file /sys/devices/system/cpu/cpu6/cache/index0/type
[22Jun2025 13:15:23.234] [Render thread/DEBUG] [oshi.util.FileUtil/]: Reading file /sys/devices/system/cpu/cpu6/cache/index0/ways_of_associativity
[22Jun2025 13:15:23.234] [Render thread/DEBUG] [oshi.util.FileUtil/]: Reading file /sys/devices/system/cpu/cpu6/cache/index0/ways_of_associativity
[22Jun2025 13:15:23.234] [Render thread/DEBUG] [oshi.util.FileUtil/]: Reading file /sys/devices/system/cpu/cpu6/cache/index0/coherency_line_size
[22Jun2025 13:15:23.234] [Render thread/DEBUG] [oshi.util.FileUtil/]: Reading file /sys/devices/system/cpu/cpu6/cache/index0/coherency_line_size
[22Jun2025 13:15:23.234] [Render thread/DEBUG] [oshi.util.FileUtil/]: Reading file /sys/devices/system/cpu/cpu6/cache/index0/size
[22Jun2025 13:15:23.234] [Render thread/DEBUG] [oshi.util.FileUtil/]: Reading file /sys/devices/system/cpu/cpu6/cache/index0/size
[22Jun2025 13:15:23.235] [Render thread/DEBUG] [oshi.util.FileUtil/]: Reading file /sys/devices/system/cpu/cpu6/cache/index3/level
[22Jun2025 13:15:23.235] [Render thread/DEBUG] [oshi.util.FileUtil/]: Reading file /sys/devices/system/cpu/cpu6/cache/index3/level
[22Jun2025 13:15:23.235] [Render thread/DEBUG] [oshi.util.FileUtil/]: Reading file /sys/devices/system/cpu/cpu6/cache/index3/type
[22Jun2025 13:15:23.235] [Render thread/DEBUG] [oshi.util.FileUtil/]: Reading file /sys/devices/system/cpu/cpu6/cache/index3/type
[22Jun2025 13:15:23.235] [Render thread/DEBUG] [oshi.util.FileUtil/]: Reading file /sys/devices/system/cpu/cpu6/cache/index3/ways_of_associativity
[22Jun2025 13:15:23.235] [Render thread/DEBUG] [oshi.util.FileUtil/]: Reading file /sys/devices/system/cpu/cpu6/cache/index3/ways_of_associativity
[22Jun2025 13:15:23.235] [Render thread/DEBUG] [oshi.util.FileUtil/]: Reading file /sys/devices/system/cpu/cpu6/cache/index3/coherency_line_size
[22Jun2025 13:15:23.235] [Render thread/DEBUG] [oshi.util.FileUtil/]: Reading file /sys/devices/system/cpu/cpu6/cache/index3/coherency_line_size
[22Jun2025 13:15:23.235] [Render thread/DEBUG] [oshi.util.FileUtil/]: Reading file /sys/devices/system/cpu/cpu6/cache/index3/size
[22Jun2025 13:15:23.235] [Render thread/DEBUG] [oshi.util.FileUtil/]: Reading file /sys/devices/system/cpu/cpu6/cache/index3/size
[22Jun2025 13:15:23.235] [Render thread/DEBUG] [oshi.util.FileUtil/]: Reading file /sys/devices/system/cpu/cpu6/cache/index1/level
[22Jun2025 13:15:23.235] [Render thread/DEBUG] [oshi.util.FileUtil/]: Reading file /sys/devices/system/cpu/cpu6/cache/index1/level
[22Jun2025 13:15:23.235] [Render thread/DEBUG] [oshi.util.FileUtil/]: Reading file /sys/devices/system/cpu/cpu6/cache/index1/type
[22Jun2025 13:15:23.235] [Render thread/DEBUG] [oshi.util.FileUtil/]: Reading file /sys/devices/system/cpu/cpu6/cache/index1/type
[22Jun2025 13:15:23.235] [Render thread/DEBUG] [oshi.util.FileUtil/]: Reading file /sys/devices/system/cpu/cpu6/cache/index1/ways_of_associativity
[22Jun2025 13:15:23.235] [Render thread/DEBUG] [oshi.util.FileUtil/]: Reading file /sys/devices/system/cpu/cpu6/cache/index1/ways_of_associativity
[22Jun2025 13:15:23.235] [Render thread/DEBUG] [oshi.util.FileUtil/]: Reading file /sys/devices/system/cpu/cpu6/cache/index1/coherency_line_size
[22Jun2025 13:15:23.235] [Render thread/DEBUG] [oshi.util.FileUtil/]: Reading file /sys/devices/system/cpu/cpu6/cache/index1/coherency_line_size
[22Jun2025 13:15:23.235] [Render thread/DEBUG] [oshi.util.FileUtil/]: Reading file /sys/devices/system/cpu/cpu6/cache/index1/size
[22Jun2025 13:15:23.235] [Render thread/DEBUG] [oshi.util.FileUtil/]: Reading file /sys/devices/system/cpu/cpu6/cache/index1/size
[22Jun2025 13:15:23.236] [Render thread/DEBUG] [oshi.util.FileUtil/]: Reading file /sys/devices/system/cpu/cpu7/topology/core_id
[22Jun2025 13:15:23.236] [Render thread/DEBUG] [oshi.util.FileUtil/]: Reading file /sys/devices/system/cpu/cpu7/topology/core_id
[22Jun2025 13:15:23.237] [Render thread/DEBUG] [oshi.util.FileUtil/]: Reading file /sys/devices/system/cpu/cpu7/topology/physical_package_id
[22Jun2025 13:15:23.237] [Render thread/DEBUG] [oshi.util.FileUtil/]: Reading file /sys/devices/system/cpu/cpu7/topology/physical_package_id
[22Jun2025 13:15:23.237] [Render thread/DEBUG] [oshi.util.FileUtil/]: Reading file /sys/devices/system/cpu/cpu7/cpu_capacity
[22Jun2025 13:15:23.238] [Render thread/DEBUG] [oshi.util.FileUtil/]: Reading file /sys/devices/system/cpu/cpu7/cache/index2/level
[22Jun2025 13:15:23.238] [Render thread/DEBUG] [oshi.util.FileUtil/]: Reading file /sys/devices/system/cpu/cpu7/cache/index2/level
[22Jun2025 13:15:23.238] [Render thread/DEBUG] [oshi.util.FileUtil/]: Reading file /sys/devices/system/cpu/cpu7/cache/index2/type
[22Jun2025 13:15:23.238] [Render thread/DEBUG] [oshi.util.FileUtil/]: Reading file /sys/devices/system/cpu/cpu7/cache/index2/type
[22Jun2025 13:15:23.238] [Render thread/DEBUG] [oshi.util.FileUtil/]: Reading file /sys/devices/system/cpu/cpu7/cache/index2/ways_of_associativity
[22Jun2025 13:15:23.238] [Render thread/DEBUG] [oshi.util.FileUtil/]: Reading file /sys/devices/system/cpu/cpu7/cache/index2/ways_of_associativity
[22Jun2025 13:15:23.238] [Render thread/DEBUG] [oshi.util.FileUtil/]: Reading file /sys/devices/system/cpu/cpu7/cache/index2/coherency_line_size
[22Jun2025 13:15:23.238] [Render thread/DEBUG] [oshi.util.FileUtil/]: Reading file /sys/devices/system/cpu/cpu7/cache/index2/coherency_line_size
[22Jun2025 13:15:23.238] [Render thread/DEBUG] [oshi.util.FileUtil/]: Reading file /sys/devices/system/cpu/cpu7/cache/index2/size
[22Jun2025 13:15:23.238] [Render thread/DEBUG] [oshi.util.FileUtil/]: Reading file /sys/devices/system/cpu/cpu7/cache/index2/size
[22Jun2025 13:15:23.238] [Render thread/DEBUG] [oshi.util.FileUtil/]: Reading file /sys/devices/system/cpu/cpu7/cache/index0/level
[22Jun2025 13:15:23.238] [Render thread/DEBUG] [oshi.util.FileUtil/]: Reading file /sys/devices/system/cpu/cpu7/cache/index0/level
[22Jun2025 13:15:23.239] [Render thread/DEBUG] [oshi.util.FileUtil/]: Reading file /sys/devices/system/cpu/cpu7/cache/index0/type
[22Jun2025 13:15:23.239] [Render thread/DEBUG] [oshi.util.FileUtil/]: Reading file /sys/devices/system/cpu/cpu7/cache/index0/type
[22Jun2025 13:15:23.239] [Render thread/DEBUG] [oshi.util.FileUtil/]: Reading file /sys/devices/system/cpu/cpu7/cache/index0/ways_of_associativity
[22Jun2025 13:15:23.239] [Render thread/DEBUG] [oshi.util.FileUtil/]: Reading file /sys/devices/system/cpu/cpu7/cache/index0/ways_of_associativity
[22Jun2025 13:15:23.239] [Render thread/DEBUG] [oshi.util.FileUtil/]: Reading file /sys/devices/system/cpu/cpu7/cache/index0/coherency_line_size
[22Jun2025 13:15:23.239] [Render thread/DEBUG] [oshi.util.FileUtil/]: Reading file /sys/devices/system/cpu/cpu7/cache/index0/coherency_line_size
[22Jun2025 13:15:23.239] [Render thread/DEBUG] [oshi.util.FileUtil/]: Reading file /sys/devices/system/cpu/cpu7/cache/index0/size
[22Jun2025 13:15:23.239] [Render thread/DEBUG] [oshi.util.FileUtil/]: Reading file /sys/devices/system/cpu/cpu7/cache/index0/size
[22Jun2025 13:15:23.239] [Render thread/DEBUG] [oshi.util.FileUtil/]: Reading file /sys/devices/system/cpu/cpu7/cache/index3/level
[22Jun2025 13:15:23.239] [Render thread/DEBUG] [oshi.util.FileUtil/]: Reading file /sys/devices/system/cpu/cpu7/cache/index3/level
[22Jun2025 13:15:23.239] [Render thread/DEBUG] [oshi.util.FileUtil/]: Reading file /sys/devices/system/cpu/cpu7/cache/index3/type
[22Jun2025 13:15:23.239] [Render thread/DEBUG] [oshi.util.FileUtil/]: Reading file /sys/devices/system/cpu/cpu7/cache/index3/type
[22Jun2025 13:15:23.239] [Render thread/DEBUG] [oshi.util.FileUtil/]: Reading file /sys/devices/system/cpu/cpu7/cache/index3/ways_of_associativity
[22Jun2025 13:15:23.239] [Render thread/DEBUG] [oshi.util.FileUtil/]: Reading file /sys/devices/system/cpu/cpu7/cache/index3/ways_of_associativity
[22Jun2025 13:15:23.239] [Render thread/DEBUG] [oshi.util.FileUtil/]: Reading file /sys/devices/system/cpu/cpu7/cache/index3/coherency_line_size
[22Jun2025 13:15:23.239] [Render thread/DEBUG] [oshi.util.FileUtil/]: Reading file /sys/devices/system/cpu/cpu7/cache/index3/coherency_line_size
[22Jun2025 13:15:23.239] [Render thread/DEBUG] [oshi.util.FileUtil/]: Reading file /sys/devices/system/cpu/cpu7/cache/index3/size
[22Jun2025 13:15:23.239] [Render thread/DEBUG] [oshi.util.FileUtil/]: Reading file /sys/devices/system/cpu/cpu7/cache/index3/size
[22Jun2025 13:15:23.239] [Render thread/DEBUG] [oshi.util.FileUtil/]: Reading file /sys/devices/system/cpu/cpu7/cache/index1/level
[22Jun2025 13:15:23.239] [Render thread/DEBUG] [oshi.util.FileUtil/]: Reading file /sys/devices/system/cpu/cpu7/cache/index1/level
[22Jun2025 13:15:23.239] [Render thread/DEBUG] [oshi.util.FileUtil/]: Reading file /sys/devices/system/cpu/cpu7/cache/index1/type
[22Jun2025 13:15:23.239] [Render thread/DEBUG] [oshi.util.FileUtil/]: Reading file /sys/devices/system/cpu/cpu7/cache/index1/type
[22Jun2025 13:15:23.240] [Render thread/DEBUG] [oshi.util.FileUtil/]: Reading file /sys/devices/system/cpu/cpu7/cache/index1/ways_of_associativity
[22Jun2025 13:15:23.240] [Render thread/DEBUG] [oshi.util.FileUtil/]: Reading file /sys/devices/system/cpu/cpu7/cache/index1/ways_of_associativity
[22Jun2025 13:15:23.240] [Render thread/DEBUG] [oshi.util.FileUtil/]: Reading file /sys/devices/system/cpu/cpu7/cache/index1/coherency_line_size
[22Jun2025 13:15:23.240] [Render thread/DEBUG] [oshi.util.FileUtil/]: Reading file /sys/devices/system/cpu/cpu7/cache/index1/coherency_line_size
[22Jun2025 13:15:23.240] [Render thread/DEBUG] [oshi.util.FileUtil/]: Reading file /sys/devices/system/cpu/cpu7/cache/index1/size
[22Jun2025 13:15:23.240] [Render thread/DEBUG] [oshi.util.FileUtil/]: Reading file /sys/devices/system/cpu/cpu7/cache/index1/size
[22Jun2025 13:15:23.241] [Render thread/DEBUG] [oshi.util.FileUtil/]: Reading file /sys/devices/system/cpu/cpu8/topology/core_id
[22Jun2025 13:15:23.241] [Render thread/DEBUG] [oshi.util.FileUtil/]: Reading file /sys/devices/system/cpu/cpu8/topology/core_id
[22Jun2025 13:15:23.241] [Render thread/DEBUG] [oshi.util.FileUtil/]: Reading file /sys/devices/system/cpu/cpu8/topology/physical_package_id
[22Jun2025 13:15:23.242] [Render thread/DEBUG] [oshi.util.FileUtil/]: Reading file /sys/devices/system/cpu/cpu8/topology/physical_package_id
[22Jun2025 13:15:23.242] [Render thread/DEBUG] [oshi.util.FileUtil/]: Reading file /sys/devices/system/cpu/cpu8/cpu_capacity
[22Jun2025 13:15:23.242] [Render thread/DEBUG] [oshi.util.FileUtil/]: Reading file /sys/devices/system/cpu/cpu8/cache/index2/level
[22Jun2025 13:15:23.243] [Render thread/DEBUG] [oshi.util.FileUtil/]: Reading file /sys/devices/system/cpu/cpu8/cache/index2/level
[22Jun2025 13:15:23.243] [Render thread/DEBUG] [oshi.util.FileUtil/]: Reading file /sys/devices/system/cpu/cpu8/cache/index2/type
[22Jun2025 13:15:23.243] [Render thread/DEBUG] [oshi.util.FileUtil/]: Reading file /sys/devices/system/cpu/cpu8/cache/index2/type
[22Jun2025 13:15:23.243] [Render thread/DEBUG] [oshi.util.FileUtil/]: Reading file /sys/devices/system/cpu/cpu8/cache/index2/ways_of_associativity
[22Jun2025 13:15:23.243] [Render thread/DEBUG] [oshi.util.FileUtil/]: Reading file /sys/devices/system/cpu/cpu8/cache/index2/ways_of_associativity
[22Jun2025 13:15:23.244] [Render thread/DEBUG] [oshi.util.FileUtil/]: Reading file /sys/devices/system/cpu/cpu8/cache/index2/coherency_line_size
[22Jun2025 13:15:23.244] [Render thread/DEBUG] [oshi.util.FileUtil/]: Reading file /sys/devices/system/cpu/cpu8/cache/index2/coherency_line_size
[22Jun2025 13:15:23.244] [Render thread/DEBUG] [oshi.util.FileUtil/]: Reading file /sys/devices/system/cpu/cpu8/cache/index2/size
[22Jun2025 13:15:23.244] [Render thread/DEBUG] [oshi.util.FileUtil/]: Reading file /sys/devices/system/cpu/cpu8/cache/index2/size
[22Jun2025 13:15:23.245] [Render thread/DEBUG] [oshi.util.FileUtil/]: Reading file /sys/devices/system/cpu/cpu8/cache/index0/level
[22Jun2025 13:15:23.245] [Render thread/DEBUG] [oshi.util.FileUtil/]: Reading file /sys/devices/system/cpu/cpu8/cache/index0/level
[22Jun2025 13:15:23.245] [Render thread/DEBUG] [oshi.util.FileUtil/]: Reading file /sys/devices/system/cpu/cpu8/cache/index0/type
[22Jun2025 13:15:23.245] [Render thread/DEBUG] [oshi.util.FileUtil/]: Reading file /sys/devices/system/cpu/cpu8/cache/index0/type
[22Jun2025 13:15:23.245] [Render thread/DEBUG] [oshi.util.FileUtil/]: Reading file /sys/devices/system/cpu/cpu8/cache/index0/ways_of_associativity
[22Jun2025 13:15:23.245] [Render thread/DEBUG] [oshi.util.FileUtil/]: Reading file /sys/devices/system/cpu/cpu8/cache/index0/ways_of_associativity
[22Jun2025 13:15:23.245] [Render thread/DEBUG] [oshi.util.FileUtil/]: Reading file /sys/devices/system/cpu/cpu8/cache/index0/coherency_line_size
[22Jun2025 13:15:23.245] [Render thread/DEBUG] [oshi.util.FileUtil/]: Reading file /sys/devices/system/cpu/cpu8/cache/index0/coherency_line_size
[22Jun2025 13:15:23.245] [Render thread/DEBUG] [oshi.util.FileUtil/]: Reading file /sys/devices/system/cpu/cpu8/cache/index0/size
[22Jun2025 13:15:23.245] [Render thread/DEBUG] [oshi.util.FileUtil/]: Reading file /sys/devices/system/cpu/cpu8/cache/index0/size
[22Jun2025 13:15:23.245] [Render thread/DEBUG] [oshi.util.FileUtil/]: Reading file /sys/devices/system/cpu/cpu8/cache/index3/level
[22Jun2025 13:15:23.245] [Render thread/DEBUG] [oshi.util.FileUtil/]: Reading file /sys/devices/system/cpu/cpu8/cache/index3/level
[22Jun2025 13:15:23.245] [Render thread/DEBUG] [oshi.util.FileUtil/]: Reading file /sys/devices/system/cpu/cpu8/cache/index3/type
[22Jun2025 13:15:23.245] [Render thread/DEBUG] [oshi.util.FileUtil/]: Reading file /sys/devices/system/cpu/cpu8/cache/index3/type
[22Jun2025 13:15:23.245] [Render thread/DEBUG] [oshi.util.FileUtil/]: Reading file /sys/devices/system/cpu/cpu8/cache/index3/ways_of_associativity
[22Jun2025 13:15:23.245] [Render thread/DEBUG] [oshi.util.FileUtil/]: Reading file /sys/devices/system/cpu/cpu8/cache/index3/ways_of_associativity
[22Jun2025 13:15:23.245] [Render thread/DEBUG] [oshi.util.FileUtil/]: Reading file /sys/devices/system/cpu/cpu8/cache/index3/coherency_line_size
[22Jun2025 13:15:23.246] [Render thread/DEBUG] [oshi.util.FileUtil/]: Reading file /sys/devices/system/cpu/cpu8/cache/index3/coherency_line_size
[22Jun2025 13:15:23.246] [Render thread/DEBUG] [oshi.util.FileUtil/]: Reading file /sys/devices/system/cpu/cpu8/cache/index3/size
[22Jun2025 13:15:23.246] [Render thread/DEBUG] [oshi.util.FileUtil/]: Reading file /sys/devices/system/cpu/cpu8/cache/index3/size
[22Jun2025 13:15:23.246] [Render thread/DEBUG] [oshi.util.FileUtil/]: Reading file /sys/devices/system/cpu/cpu8/cache/index1/level
[22Jun2025 13:15:23.246] [Render thread/DEBUG] [oshi.util.FileUtil/]: Reading file /sys/devices/system/cpu/cpu8/cache/index1/level
[22Jun2025 13:15:23.246] [Render thread/DEBUG] [oshi.util.FileUtil/]: Reading file /sys/devices/system/cpu/cpu8/cache/index1/type
[22Jun2025 13:15:23.246] [Render thread/DEBUG] [oshi.util.FileUtil/]: Reading file /sys/devices/system/cpu/cpu8/cache/index1/type
[22Jun2025 13:15:23.246] [Render thread/DEBUG] [oshi.util.FileUtil/]: Reading file /sys/devices/system/cpu/cpu8/cache/index1/ways_of_associativity
[22Jun2025 13:15:23.246] [Render thread/DEBUG] [oshi.util.FileUtil/]: Reading file /sys/devices/system/cpu/cpu8/cache/index1/ways_of_associativity
[22Jun2025 13:15:23.246] [Render thread/DEBUG] [oshi.util.FileUtil/]: Reading file /sys/devices/system/cpu/cpu8/cache/index1/coherency_line_size
[22Jun2025 13:15:23.246] [Render thread/DEBUG] [oshi.util.FileUtil/]: Reading file /sys/devices/system/cpu/cpu8/cache/index1/coherency_line_size
[22Jun2025 13:15:23.246] [Render thread/DEBUG] [oshi.util.FileUtil/]: Reading file /sys/devices/system/cpu/cpu8/cache/index1/size
[22Jun2025 13:15:23.246] [Render thread/DEBUG] [oshi.util.FileUtil/]: Reading file /sys/devices/system/cpu/cpu8/cache/index1/size
[22Jun2025 13:15:23.247] [Render thread/DEBUG] [oshi.util.FileUtil/]: Reading file /sys/devices/system/cpu/cpu9/topology/core_id
[22Jun2025 13:15:23.247] [Render thread/DEBUG] [oshi.util.FileUtil/]: Reading file /sys/devices/system/cpu/cpu9/topology/core_id
[22Jun2025 13:15:23.247] [Render thread/DEBUG] [oshi.util.FileUtil/]: Reading file /sys/devices/system/cpu/cpu9/topology/physical_package_id
[22Jun2025 13:15:23.247] [Render thread/DEBUG] [oshi.util.FileUtil/]: Reading file /sys/devices/system/cpu/cpu9/topology/physical_package_id
[22Jun2025 13:15:23.247] [Render thread/DEBUG] [oshi.util.FileUtil/]: Reading file /sys/devices/system/cpu/cpu9/cpu_capacity
[22Jun2025 13:15:23.248] [Render thread/DEBUG] [oshi.util.FileUtil/]: Reading file /sys/devices/system/cpu/cpu9/cache/index2/level
[22Jun2025 13:15:23.248] [Render thread/DEBUG] [oshi.util.FileUtil/]: Reading file /sys/devices/system/cpu/cpu9/cache/index2/level
[22Jun2025 13:15:23.248] [Render thread/DEBUG] [oshi.util.FileUtil/]: Reading file /sys/devices/system/cpu/cpu9/cache/index2/type
[22Jun2025 13:15:23.248] [Render thread/DEBUG] [oshi.util.FileUtil/]: Reading file /sys/devices/system/cpu/cpu9/cache/index2/type
[22Jun2025 13:15:23.249] [Render thread/DEBUG] [oshi.util.FileUtil/]: Reading file /sys/devices/system/cpu/cpu9/cache/index2/ways_of_associativity
[22Jun2025 13:15:23.249] [Render thread/DEBUG] [oshi.util.FileUtil/]: Reading file /sys/devices/system/cpu/cpu9/cache/index2/ways_of_associativity
[22Jun2025 13:15:23.249] [Render thread/DEBUG] [oshi.util.FileUtil/]: Reading file /sys/devices/system/cpu/cpu9/cache/index2/coherency_line_size
[22Jun2025 13:15:23.249] [Render thread/DEBUG] [oshi.util.FileUtil/]: Reading file /sys/devices/system/cpu/cpu9/cache/index2/coherency_line_size
[22Jun2025 13:15:23.249] [Render thread/DEBUG] [oshi.util.FileUtil/]: Reading file /sys/devices/system/cpu/cpu9/cache/index2/size
[22Jun2025 13:15:23.249] [Render thread/DEBUG] [oshi.util.FileUtil/]: Reading file /sys/devices/system/cpu/cpu9/cache/index2/size
[22Jun2025 13:15:23.249] [Render thread/DEBUG] [oshi.util.FileUtil/]: Reading file /sys/devices/system/cpu/cpu9/cache/index0/level
[22Jun2025 13:15:23.249] [Render thread/DEBUG] [oshi.util.FileUtil/]: Reading file /sys/devices/system/cpu/cpu9/cache/index0/level
[22Jun2025 13:15:23.249] [Render thread/DEBUG] [oshi.util.FileUtil/]: Reading file /sys/devices/system/cpu/cpu9/cache/index0/type
[22Jun2025 13:15:23.249] [Render thread/DEBUG] [oshi.util.FileUtil/]: Reading file /sys/devices/system/cpu/cpu9/cache/index0/type
[22Jun2025 13:15:23.249] [Render thread/DEBUG] [oshi.util.FileUtil/]: Reading file /sys/devices/system/cpu/cpu9/cache/index0/ways_of_associativity
[22Jun2025 13:15:23.249] [Render thread/DEBUG] [oshi.util.FileUtil/]: Reading file /sys/devices/system/cpu/cpu9/cache/index0/ways_of_associativity
[22Jun2025 13:15:23.249] [Render thread/DEBUG] [oshi.util.FileUtil/]: Reading file /sys/devices/system/cpu/cpu9/cache/index0/coherency_line_size
[22Jun2025 13:15:23.249] [Render thread/DEBUG] [oshi.util.FileUtil/]: Reading file /sys/devices/system/cpu/cpu9/cache/index0/coherency_line_size
[22Jun2025 13:15:23.249] [Render thread/DEBUG] [oshi.util.FileUtil/]: Reading file /sys/devices/system/cpu/cpu9/cache/index0/size
[22Jun2025 13:15:23.249] [Render thread/DEBUG] [oshi.util.FileUtil/]: Reading file /sys/devices/system/cpu/cpu9/cache/index0/size
[22Jun2025 13:15:23.249] [Render thread/DEBUG] [oshi.util.FileUtil/]: Reading file /sys/devices/system/cpu/cpu9/cache/index3/level
[22Jun2025 13:15:23.249] [Render thread/DEBUG] [oshi.util.FileUtil/]: Reading file /sys/devices/system/cpu/cpu9/cache/index3/level
[22Jun2025 13:15:23.249] [Render thread/DEBUG] [oshi.util.FileUtil/]: Reading file /sys/devices/system/cpu/cpu9/cache/index3/type
[22Jun2025 13:15:23.250] [Render thread/DEBUG] [oshi.util.FileUtil/]: Reading file /sys/devices/system/cpu/cpu9/cache/index3/type
[22Jun2025 13:15:23.250] [Render thread/DEBUG] [oshi.util.FileUtil/]: Reading file /sys/devices/system/cpu/cpu9/cache/index3/ways_of_associativity
[22Jun2025 13:15:23.250] [Render thread/DEBUG] [oshi.util.FileUtil/]: Reading file /sys/devices/system/cpu/cpu9/cache/index3/ways_of_associativity
[22Jun2025 13:15:23.250] [Render thread/DEBUG] [oshi.util.FileUtil/]: Reading file /sys/devices/system/cpu/cpu9/cache/index3/coherency_line_size
[22Jun2025 13:15:23.250] [Render thread/DEBUG] [oshi.util.FileUtil/]: Reading file /sys/devices/system/cpu/cpu9/cache/index3/coherency_line_size
[22Jun2025 13:15:23.250] [Render thread/DEBUG] [oshi.util.FileUtil/]: Reading file /sys/devices/system/cpu/cpu9/cache/index3/size
[22Jun2025 13:15:23.250] [Render thread/DEBUG] [oshi.util.FileUtil/]: Reading file /sys/devices/system/cpu/cpu9/cache/index3/size
[22Jun2025 13:15:23.250] [Render thread/DEBUG] [oshi.util.FileUtil/]: Reading file /sys/devices/system/cpu/cpu9/cache/index1/level
[22Jun2025 13:15:23.250] [Render thread/DEBUG] [oshi.util.FileUtil/]: Reading file /sys/devices/system/cpu/cpu9/cache/index1/level
[22Jun2025 13:15:23.250] [Render thread/DEBUG] [oshi.util.FileUtil/]: Reading file /sys/devices/system/cpu/cpu9/cache/index1/type
[22Jun2025 13:15:23.250] [Render thread/DEBUG] [oshi.util.FileUtil/]: Reading file /sys/devices/system/cpu/cpu9/cache/index1/type
[22Jun2025 13:15:23.250] [Render thread/DEBUG] [oshi.util.FileUtil/]: Reading file /sys/devices/system/cpu/cpu9/cache/index1/ways_of_associativity
[22Jun2025 13:15:23.250] [Render thread/DEBUG] [oshi.util.FileUtil/]: Reading file /sys/devices/system/cpu/cpu9/cache/index1/ways_of_associativity
[22Jun2025 13:15:23.250] [Render thread/DEBUG] [oshi.util.FileUtil/]: Reading file /sys/devices/system/cpu/cpu9/cache/index1/coherency_line_size
[22Jun2025 13:15:23.250] [Render thread/DEBUG] [oshi.util.FileUtil/]: Reading file /sys/devices/system/cpu/cpu9/cache/index1/coherency_line_size
[22Jun2025 13:15:23.250] [Render thread/DEBUG] [oshi.util.FileUtil/]: Reading file /sys/devices/system/cpu/cpu9/cache/index1/size
[22Jun2025 13:15:23.250] [Render thread/DEBUG] [oshi.util.FileUtil/]: Reading file /sys/devices/system/cpu/cpu9/cache/index1/size
[22Jun2025 13:15:23.251] [Render thread/DEBUG] [oshi.util.FileUtil/]: Reading file /proc/cpuinfo
[22Jun2025 13:15:23.253] [Render thread/DEBUG] [oshi.util.FileUtil/]: Reading file /proc/cpuinfo
[22Jun2025 13:15:23.587] [Render thread/DEBUG] [oshi.util.FileUtil/]: Reading file /proc/self/auxv
[22Jun2025 13:15:23.650] [Render thread/DEBUG] [net.neoforged.fml.ModWorkManager/LOADING]: Using 12 threads for parallel mod-loading
[22Jun2025 13:15:23.663] [Render thread/DEBUG] [net.neoforged.fml.javafmlmod.FMLModContainer/LOADING]: Creating FMLModContainer instance for [org.sinytra.fabric.rendering_data_attachment_v1.generated.GeneratedEntryPoint]
[22Jun2025 13:15:23.665] [Render thread/DEBUG] [net.neoforged.fml.javafmlmod.FMLModContainer/LOADING]: Creating FMLModContainer instance for [net.caffeinemc.mods.sodium.neoforge.SodiumForgeMod]
[22Jun2025 13:15:23.666] [Render thread/DEBUG] [net.neoforged.fml.javafmlmod.FMLModContainer/LOADING]: Creating FMLModContainer instance for [org.sinytra.fabric.renderer_api.generated.GeneratedEntryPoint]
[22Jun2025 13:15:23.667] [Render thread/DEBUG] [net.neoforged.fml.javafmlmod.FMLModContainer/LOADING]: Creating FMLModContainer instance for [org.sinytra.fabric.api_base.generated.GeneratedEntryPoint]
[22Jun2025 13:15:23.667] [Render thread/DEBUG] [net.neoforged.fml.javafmlmod.FMLModContainer/LOADING]: Creating FMLModContainer instance for []
[22Jun2025 13:15:23.668] [Render thread/DEBUG] [net.neoforged.fml.javafmlmod.FMLModContainer/LOADING]: Creating FMLModContainer instance for []
[22Jun2025 13:15:23.668] [Render thread/DEBUG] [net.neoforged.fml.javafmlmod.FMLModContainer/LOADING]: Creating FMLModContainer instance for [net.neoforged.neoforge.common.NeoForgeMod, net.neoforged.neoforge.client.ClientNeoForgeMod]
[22Jun2025 13:15:23.672] [Render thread/DEBUG] [net.neoforged.fml.javafmlmod.FMLModContainer/LOADING]: Creating FMLModContainer instance for [net.mcreator.charken.CharkenMod]
[22Jun2025 13:15:23.673] [Render thread/DEBUG] [net.neoforged.fml.javafmlmod.FMLModContainer/LOADING]: Creating FMLModContainer instance for [org.sinytra.fabric.block_view_api.generated.GeneratedEntryPoint]
[22Jun2025 13:15:23.678] [modloading-worker-0/DEBUG] [net.neoforged.fml.javafmlmod.AutomaticEventSubscriber/LOADING]: Attempting to inject @EventBusSubscriber classes into the eventbus for fabric_rendering_data_attachment_v1
[22Jun2025 13:15:23.678] [modloading-worker-0/DEBUG] [net.neoforged.fml.javafmlmod.AutomaticEventSubscriber/LOADING]: Attempting to inject @EventBusSubscriber classes into the eventbus for fabric_renderer_api_v1
[22Jun2025 13:15:23.680] [modloading-worker-0/DEBUG] [net.neoforged.fml.javafmlmod.AutomaticEventSubscriber/LOADING]: Attempting to inject @EventBusSubscriber classes into the eventbus for fabric_api_base
[22Jun2025 13:15:23.684] [modloading-worker-0/DEBUG] [net.neoforged.fml.javafmlmod.AutomaticEventSubscriber/LOADING]: Attempting to inject @EventBusSubscriber classes into the eventbus for reeses_sodium_options
[22Jun2025 13:15:23.686] [modloading-worker-0/DEBUG] [net.neoforged.fml.javafmlmod.AutomaticEventSubscriber/LOADING]: Attempting to inject @EventBusSubscriber classes into the eventbus for sodium_extra
[22Jun2025 13:15:23.694] [modloading-worker-0/DEBUG] [net.neoforged.fml.javafmlmod.AutomaticEventSubscriber/LOADING]: Attempting to inject @EventBusSubscriber classes into the eventbus for fabric_block_view_api_v2
[22Jun2025 13:15:23.733] [modloading-worker-0/DEBUG] [mixin/]: Mixing core.render.VertexFormatMixin from sodium-common.mixins.json into com.mojang.blaze3d.vertex.VertexFormat
[22Jun2025 13:15:23.733] [modloading-worker-0/DEBUG] [net.neoforged.neoforge.internal.versions.neoforge.NeoForgeVersion/CORE]: Found NeoForge version 21.4.123
[22Jun2025 13:15:23.733] [modloading-worker-0/DEBUG] [mixin/]: sodium-common.mixins.json:core.render.VertexFormatMixin from mod sodium: Class version 65 required is higher than the class version supported by the current version of Mixin (JAVA_17 supports class version 61)
[22Jun2025 13:15:23.734] [modloading-worker-0/DEBUG] [net.neoforged.neoforge.internal.versions.neoforge.NeoForgeVersion/CORE]: Found FML version 6.0.11
[22Jun2025 13:15:23.734] [modloading-worker-0/INFO] [net.neoforged.neoforge.common.NeoForgeMod/NEOFORGE-MOD]: NeoForge mod loading, version 21.4.123, for MC 1.21.4
[22Jun2025 13:15:23.736] [modloading-worker-0/DEBUG] [mixin/]: sodium-common.mixins.json:core.render.VertexFormatMixin from mod sodium->@Inject::afterInit(Ljava/util/List;Ljava/util/List;Lit/unimi/dsi/fastutil/ints/IntList;ILorg/spongepowered/asm/mixin/injection/callback/CallbackInfo;)V doesn't use it's CallbackInfo
[22Jun2025 13:15:23.736] [modloading-worker-0/DEBUG] [mixin/]: sodium-common.mixins.json:core.render.VertexFormatMixin from mod sodium->@Inject::afterInit(Ljava/util/List;Ljava/util/List;Lit/unimi/dsi/fastutil/ints/IntList;ILorg/spongepowered/asm/mixin/injection/callback/CallbackInfo;)V has 0 override(s) in child classes
[22Jun2025 13:15:23.736] [modloading-worker-0/DEBUG] [mixin/]: sodium-common.mixins.json:core.render.VertexFormatMixin from mod sodium->@Inject::afterInit(Ljava/util/List;Ljava/util/List;Lit/unimi/dsi/fastutil/ints/IntList;ILorg/spongepowered/asm/mixin/injection/callback/CallbackInfo;)V won't be passed a CallbackInfo as a result
[22Jun2025 13:15:23.756] [modloading-worker-0/DEBUG] [mixin/]: Mixing core.render.TextureAtlasMixin from sodium-common.mixins.json into net.minecraft.client.renderer.texture.TextureAtlas
[22Jun2025 13:15:23.757] [modloading-worker-0/DEBUG] [mixin/]: sodium-common.mixins.json:core.render.TextureAtlasMixin from mod sodium: Class version 65 required is higher than the class version supported by the current version of Mixin (JAVA_17 supports class version 61)
[22Jun2025 13:15:23.761] [modloading-worker-0/DEBUG] [mixin/]: Mixing core.render.texture.TextureAtlasAccessor from sodium-common.mixins.json into net.minecraft.client.renderer.texture.TextureAtlas
[22Jun2025 13:15:23.762] [modloading-worker-0/DEBUG] [mixin/]: sodium-common.mixins.json:core.render.texture.TextureAtlasAccessor from mod sodium: Class version 65 required is higher than the class version supported by the current version of Mixin (JAVA_17 supports class version 61)
[22Jun2025 13:15:23.762] [modloading-worker-0/DEBUG] [mixin/]: Mixing features.textures.animations.tracking.TextureAtlasMixin from sodium-common.mixins.json into net.minecraft.client.renderer.texture.TextureAtlas
[22Jun2025 13:15:23.763] [modloading-worker-0/DEBUG] [mixin/]: sodium-common.mixins.json:features.textures.animations.tracking.TextureAtlasMixin from mod sodium: Class version 65 required is higher than the class version supported by the current version of Mixin (JAVA_17 supports class version 61)
[22Jun2025 13:15:23.764] [modloading-worker-0/DEBUG] [mixin/]: Mixing client.SpriteAtlasTextureMixin from fabric-renderer-api-v1.mixins.json into net.minecraft.client.renderer.texture.TextureAtlas
[22Jun2025 13:15:23.769] [modloading-worker-0/DEBUG] [mixin/]: Mixing animation.MixinSpriteAtlasTexture from sodium-extra.mixins.json into net.minecraft.client.renderer.texture.TextureAtlas
[22Jun2025 13:15:23.770] [modloading-worker-0/DEBUG] [mixin/]: sodium-extra.mixins.json:animation.MixinSpriteAtlasTexture from mod sodium_extra: Class version 65 required is higher than the class version supported by the current version of Mixin (JAVA_17 supports class version 61)
[22Jun2025 13:15:23.771] [modloading-worker-0/DEBUG] [mixin/]: Renaming synthetic method lambda$new$5()Ljava/lang/Boolean; to md98b051$sodium_extra$lambda$new$5$0 in sodium-extra.mixins.json:animation.MixinSpriteAtlasTexture from mod sodium_extra
[22Jun2025 13:15:23.771] [modloading-worker-0/DEBUG] [mixin/]: Renaming synthetic method lambda$new$4()Ljava/lang/Boolean; to md98b051$sodium_extra$lambda$new$4$1 in sodium-extra.mixins.json:animation.MixinSpriteAtlasTexture from mod sodium_extra
[22Jun2025 13:15:23.771] [modloading-worker-0/DEBUG] [mixin/]: Renaming synthetic method lambda$new$3()Ljava/lang/Boolean; to md98b051$sodium_extra$lambda$new$3$2 in sodium-extra.mixins.json:animation.MixinSpriteAtlasTexture from mod sodium_extra
[22Jun2025 13:15:23.772] [modloading-worker-0/DEBUG] [mixin/]: Renaming synthetic method lambda$new$2()Ljava/lang/Boolean; to md98b051$sodium_extra$lambda$new$2$3 in sodium-extra.mixins.json:animation.MixinSpriteAtlasTexture from mod sodium_extra
[22Jun2025 13:15:23.772] [modloading-worker-0/DEBUG] [mixin/]: Renaming synthetic method lambda$new$1()Ljava/lang/Boolean; to md98b051$sodium_extra$lambda$new$1$4 in sodium-extra.mixins.json:animation.MixinSpriteAtlasTexture from mod sodium_extra
[22Jun2025 13:15:23.772] [modloading-worker-0/DEBUG] [mixin/]: Renaming synthetic method lambda$new$0()Ljava/lang/Boolean; to md98b051$sodium_extra$lambda$new$0$5 in sodium-extra.mixins.json:animation.MixinSpriteAtlasTexture from mod sodium_extra
[22Jun2025 13:15:23.790] [modloading-worker-0/DEBUG] [mixin/]: sodium-common.mixins.json:core.render.TextureAtlasMixin from mod sodium->@Inject::sodium$deleteSpriteFinder(Lnet/minecraft/client/renderer/texture/SpriteLoader$Preparations;Lorg/spongepowered/asm/mixin/injection/callback/CallbackInfo;)V doesn't use it's CallbackInfo
[22Jun2025 13:15:23.790] [modloading-worker-0/DEBUG] [mixin/]: sodium-common.mixins.json:core.render.TextureAtlasMixin from mod sodium->@Inject::sodium$deleteSpriteFinder(Lnet/minecraft/client/renderer/texture/SpriteLoader$Preparations;Lorg/spongepowered/asm/mixin/injection/callback/CallbackInfo;)V has 0 override(s) in child classes
[22Jun2025 13:15:23.790] [modloading-worker-0/DEBUG] [mixin/]: sodium-common.mixins.json:core.render.TextureAtlasMixin from mod sodium->@Inject::sodium$deleteSpriteFinder(Lnet/minecraft/client/renderer/texture/SpriteLoader$Preparations;Lorg/spongepowered/asm/mixin/injection/callback/CallbackInfo;)V won't be passed a CallbackInfo as a result
[22Jun2025 13:15:23.790] [modloading-worker-0/DEBUG] [mixin/]: sodium-common.mixins.json:features.textures.animations.tracking.TextureAtlasMixin from mod sodium->@Inject::preReturnSprite(Lorg/spongepowered/asm/mixin/injection/callback/CallbackInfoReturnable;)V does use it's CallbackInfoReturnable
[22Jun2025 13:15:23.790] [modloading-worker-0/DEBUG] [mixin/]: fabric-renderer-api-v1.mixins.json:client.SpriteAtlasTextureMixin from mod fabric_renderer_api_v1->@Inject::uploadHook(Lnet/minecraft/client/renderer/texture/SpriteLoader$Preparations;Lorg/spongepowered/asm/mixin/injection/callback/CallbackInfo;)V doesn't use it's CallbackInfo
[22Jun2025 13:15:23.790] [modloading-worker-0/DEBUG] [mixin/]: fabric-renderer-api-v1.mixins.json:client.SpriteAtlasTextureMixin from mod fabric_renderer_api_v1->@Inject::uploadHook(Lnet/minecraft/client/renderer/texture/SpriteLoader$Preparations;Lorg/spongepowered/asm/mixin/injection/callback/CallbackInfo;)V has 0 override(s) in child classes
[22Jun2025 13:15:23.790] [modloading-worker-0/DEBUG] [mixin/]: fabric-renderer-api-v1.mixins.json:client.SpriteAtlasTextureMixin from mod fabric_renderer_api_v1->@Inject::uploadHook(Lnet/minecraft/client/renderer/texture/SpriteLoader$Preparations;Lorg/spongepowered/asm/mixin/injection/callback/CallbackInfo;)V won't be passed a CallbackInfo as a result
[22Jun2025 13:15:23.804] [modloading-worker-0/DEBUG] [net.neoforged.fml.config.ConfigTracker/CONFIG]: Config file neoforge-client.toml for neoforge tracking
[22Jun2025 13:15:23.804] [modloading-worker-0/DEBUG] [net.neoforged.fml.config.ConfigTracker/CONFIG]: Config file neoforge-server.toml for neoforge tracking
[22Jun2025 13:15:23.804] [modloading-worker-0/DEBUG] [net.neoforged.fml.config.ConfigTracker/CONFIG]: Config file neoforge-common.toml for neoforge tracking
[22Jun2025 13:15:23.805] [modloading-worker-0/DEBUG] [mixin/]: Mixing features.render.frapi.ItemRendererMixin from sodium-common.mixins.json into net.minecraft.client.renderer.entity.ItemRenderer
[22Jun2025 13:15:23.805] [modloading-worker-0/DEBUG] [mixin/]: sodium-common.mixins.json:features.render.frapi.ItemRendererMixin from mod sodium: Class version 65 required is higher than the class version supported by the current version of Mixin (JAVA_17 supports class version 61)
[22Jun2025 13:15:23.805] [modloading-worker-0/DEBUG] [mixin/]: Renaming synthetic method lambda$static$0()Lnet/caffeinemc/mods/sodium/client/render/frapi/render/ItemRenderContext; to md98b051$sodium$lambda$static$0$0 in sodium-common.mixins.json:features.render.frapi.ItemRendererMixin from mod sodium
[22Jun2025 13:15:23.808] [modloading-worker-0/DEBUG] [mixin/]: Mixing features.render.frapi.ItemRendererAccessor from sodium-common.mixins.json into net.minecraft.client.renderer.entity.ItemRenderer
[22Jun2025 13:15:23.808] [modloading-worker-0/DEBUG] [mixin/]: sodium-common.mixins.json:features.render.frapi.ItemRendererAccessor from mod sodium: Class version 65 required is higher than the class version supported by the current version of Mixin (JAVA_17 supports class version 61)
[22Jun2025 13:15:23.808] [modloading-worker-0/DEBUG] [mixin/]: Renaming @Invoker method sodium$getCompassFoilBuffer(Lnet/minecraft/client/renderer/MultiBufferSource;Lnet/minecraft/client/renderer/RenderType;Lcom/mojang/blaze3d/vertex/PoseStack$Pose;)Lcom/mojang/blaze3d/vertex/VertexConsumer; to getCompassFoilBuffer$sodium_$md$98b051$1 in sodium-common.mixins.json:features.render.frapi.ItemRendererAccessor from mod sodium
[22Jun2025 13:15:23.809] [modloading-worker-0/DEBUG] [mixin/]: Mixing features.render.model.item.ItemRendererMixin from sodium-common.mixins.json into net.minecraft.client.renderer.entity.ItemRenderer
[22Jun2025 13:15:23.809] [modloading-worker-0/DEBUG] [mixin/]: sodium-common.mixins.json:features.render.model.item.ItemRendererMixin from mod sodium: Class version 65 required is higher than the class version supported by the current version of Mixin (JAVA_17 supports class version 61)
[22Jun2025 13:15:23.809] [modloading-worker-0/DEBUG] [mixin/]: Renaming synthetic method lambda$static$0()Lnet/minecraft/util/RandomSource; to md98b051$sodium$lambda$static$0$2 in sodium-common.mixins.json:features.render.model.item.ItemRendererMixin from mod sodium
[22Jun2025 13:15:23.825] [modloading-worker-0/DEBUG] [mixin/]: sodium-common.mixins.json:features.render.frapi.ItemRendererMixin from mod sodium->@Inject::beforeRenderItem(Lnet/minecraft/world/item/ItemDisplayContext;Lcom/mojang/blaze3d/vertex/PoseStack;Lnet/minecraft/client/renderer/MultiBufferSource;II[ILnet/minecraft/client/resources/model/BakedModel;Lnet/minecraft/client/renderer/RenderType;Lnet/minecraft/client/renderer/item/ItemStackRenderState$FoilType;Lorg/spongepowered/asm/mixin/injection/callback/CallbackInfo;)V does use it's CallbackInfo
[22Jun2025 13:15:23.835] [modloading-worker-0/DEBUG] [mixin/]: Mixing features.render.frapi.BakedModelMixin from sodium-common.mixins.json into net.minecraft.client.resources.model.BakedModel
[22Jun2025 13:15:23.836] [modloading-worker-0/DEBUG] [mixin/]: sodium-common.mixins.json:features.render.frapi.BakedModelMixin from mod sodium: Class version 65 required is higher than the class version supported by the current version of Mixin (JAVA_17 supports class version 61)
[22Jun2025 13:15:23.839] [modloading-worker-0/DEBUG] [mixin/]: Mixing client.BakedModelMixin from fabric-renderer-api-v1.mixins.json into net.minecraft.client.resources.model.BakedModel
[22Jun2025 13:15:23.849] [modloading-worker-0/DEBUG] [mixin/]: Mixing features.render.immediate.matrix_stack.PoseStackMixin from sodium-common.mixins.json into com.mojang.blaze3d.vertex.PoseStack
[22Jun2025 13:15:23.850] [modloading-worker-0/DEBUG] [mixin/]: sodium-common.mixins.json:features.render.immediate.matrix_stack.PoseStackMixin from mod sodium: Class version 65 required is higher than the class version supported by the current version of Mixin (JAVA_17 supports class version 61)
[22Jun2025 13:15:23.866] [modloading-worker-0/DEBUG] [mixin/]: Mixing sky.MixinSkyRenderer from sodium-extra.mixins.json into net.minecraft.client.renderer.SkyRenderer
[22Jun2025 13:15:23.867] [modloading-worker-0/DEBUG] [mixin/]: sodium-extra.mixins.json:sky.MixinSkyRenderer from mod sodium_extra: Class version 65 required is higher than the class version supported by the current version of Mixin (JAVA_17 supports class version 61)
[22Jun2025 13:15:23.870] [modloading-worker-0/DEBUG] [mixin/]: sodium-extra.mixins.json:sky.MixinSkyRenderer from mod sodium_extra->@Inject::redirectRenderSkyDisc(FFFLorg/spongepowered/asm/mixin/injection/callback/CallbackInfo;)V does use it's CallbackInfo
[22Jun2025 13:15:23.871] [modloading-worker-0/DEBUG] [mixin/]: sodium-extra.mixins.json:sky.MixinSkyRenderer from mod sodium_extra->@Inject::preRenderEndSky(Lorg/spongepowered/asm/mixin/injection/callback/CallbackInfo;)V does use it's CallbackInfo
[22Jun2025 13:15:23.871] [modloading-worker-0/DEBUG] [mixin/]: sodium-extra.mixins.json:sky.MixinSkyRenderer from mod sodium_extra->@Inject::renderSun(FLnet/minecraft/client/renderer/MultiBufferSource;Lcom/mojang/blaze3d/vertex/PoseStack;Lorg/spongepowered/asm/mixin/injection/callback/CallbackInfo;)V does use it's CallbackInfo
[22Jun2025 13:15:23.871] [modloading-worker-0/DEBUG] [mixin/]: sodium-extra.mixins.json:sky.MixinSkyRenderer from mod sodium_extra->@Inject::renderMoon(IFLnet/minecraft/client/renderer/MultiBufferSource;Lcom/mojang/blaze3d/vertex/PoseStack;Lorg/spongepowered/asm/mixin/injection/callback/CallbackInfo;)V does use it's CallbackInfo
[22Jun2025 13:15:23.871] [modloading-worker-0/DEBUG] [mixin/]: sodium-extra.mixins.json:sky.MixinSkyRenderer from mod sodium_extra->@Inject::renderStars(Lnet/minecraft/client/renderer/FogParameters;FLcom/mojang/blaze3d/vertex/PoseStack;Lorg/spongepowered/asm/mixin/injection/callback/CallbackInfo;)V does use it's CallbackInfo
[22Jun2025 13:15:23.876] [modloading-worker-0/DEBUG] [mixin/]: Mixing features.options.overlays.GuiMixin from sodium-common.mixins.json into net.minecraft.client.gui.Gui
[22Jun2025 13:15:23.876] [modloading-worker-0/DEBUG] [mixin/]: sodium-common.mixins.json:features.options.overlays.GuiMixin from mod sodium: Class version 65 required is higher than the class version supported by the current version of Mixin (JAVA_17 supports class version 61)
[22Jun2025 13:15:23.876] [modloading-worker-0/DEBUG] [mixin/]: Mixing core.MixinGui from sodium-extra.mixins.json into net.minecraft.client.gui.Gui
[22Jun2025 13:15:23.877] [modloading-worker-0/DEBUG] [mixin/]: sodium-extra.mixins.json:core.MixinGui from mod sodium_extra: Class version 65 required is higher than the class version supported by the current version of Mixin (JAVA_17 supports class version 61)
[22Jun2025 13:15:23.880] [modloading-worker-0/DEBUG] [mixin/]: sodium-extra.mixins.json:core.MixinGui from mod sodium_extra->@Inject::onRender(Lnet/minecraft/client/gui/GuiGraphics;Lnet/minecraft/client/DeltaTracker;Lorg/spongepowered/asm/mixin/injection/callback/CallbackInfo;)V doesn't use it's CallbackInfo
[22Jun2025 13:15:23.881] [modloading-worker-0/DEBUG] [mixin/]: sodium-extra.mixins.json:core.MixinGui from mod sodium_extra->@Inject::onRender(Lnet/minecraft/client/gui/GuiGraphics;Lnet/minecraft/client/DeltaTracker;Lorg/spongepowered/asm/mixin/injection/callback/CallbackInfo;)V has 0 override(s) in child classes
[22Jun2025 13:15:23.881] [modloading-worker-0/DEBUG] [mixin/]: sodium-extra.mixins.json:core.MixinGui from mod sodium_extra->@Inject::onRender(Lnet/minecraft/client/gui/GuiGraphics;Lnet/minecraft/client/DeltaTracker;Lorg/spongepowered/asm/mixin/injection/callback/CallbackInfo;)V won't be passed a CallbackInfo as a result
[22Jun2025 13:15:23.907] [modloading-worker-0/DEBUG] [net.neoforged.fml.javafmlmod.AutomaticEventSubscriber/LOADING]: Attempting to inject @EventBusSubscriber classes into the eventbus for sodium
[22Jun2025 13:15:24.000] [modloading-worker-0/DEBUG] [net.neoforged.fml.javafmlmod.AutomaticEventSubscriber/LOADING]: Attempting to inject @EventBusSubscriber classes into the eventbus for neoforge
[22Jun2025 13:15:24.001] [modloading-worker-0/DEBUG] [net.neoforged.fml.javafmlmod.AutomaticEventSubscriber/LOADING]: Auto-subscribing net.neoforged.neoforge.server.command.ConfigCommand to GAME
[22Jun2025 13:15:24.002] [modloading-worker-0/DEBUG] [net.neoforged.fml.javafmlmod.AutomaticEventSubscriber/LOADING]: Auto-subscribing net.neoforged.neoforge.network.filters.GenericPacketSplitter to MOD
[22Jun2025 13:15:24.065] [modloading-worker-0/DEBUG] [io.netty.buffer.AbstractByteBuf/]: -Dio.netty.buffer.checkAccessible: true
[22Jun2025 13:15:24.066] [modloading-worker-0/DEBUG] [io.netty.buffer.AbstractByteBuf/]: -Dio.netty.buffer.checkBounds: true
[22Jun2025 13:15:24.067] [modloading-worker-0/DEBUG] [io.netty.util.ResourceLeakDetectorFactory/]: Loaded default ResourceLeakDetector: io.netty.util.ResourceLeakDetector@74786b50
[22Jun2025 13:15:24.074] [modloading-worker-0/DEBUG] [io.netty.util.internal.InternalThreadLocalMap/]: -Dio.netty.threadLocalMap.stringBuilder.initialSize: 1024
[22Jun2025 13:15:24.075] [modloading-worker-0/DEBUG] [io.netty.util.internal.InternalThreadLocalMap/]: -Dio.netty.threadLocalMap.stringBuilder.maxSize: 4096
[22Jun2025 13:15:24.077] [modloading-worker-0/DEBUG] [io.netty.buffer.PooledByteBufAllocator/]: -Dio.netty.allocator.numHeapArenas: 24
[22Jun2025 13:15:24.077] [modloading-worker-0/DEBUG] [io.netty.buffer.PooledByteBufAllocator/]: -Dio.netty.allocator.numDirectArenas: 24
[22Jun2025 13:15:24.077] [modloading-worker-0/DEBUG] [io.netty.buffer.PooledByteBufAllocator/]: -Dio.netty.allocator.pageSize: 8192
[22Jun2025 13:15:24.077] [modloading-worker-0/DEBUG] [io.netty.buffer.PooledByteBufAllocator/]: -Dio.netty.allocator.maxOrder: 9
[22Jun2025 13:15:24.077] [modloading-worker-0/DEBUG] [io.netty.buffer.PooledByteBufAllocator/]: -Dio.netty.allocator.chunkSize: 4194304
[22Jun2025 13:15:24.078] [modloading-worker-0/DEBUG] [io.netty.buffer.PooledByteBufAllocator/]: -Dio.netty.allocator.smallCacheSize: 256
[22Jun2025 13:15:24.078] [modloading-worker-0/DEBUG] [io.netty.buffer.PooledByteBufAllocator/]: -Dio.netty.allocator.normalCacheSize: 64
[22Jun2025 13:15:24.078] [modloading-worker-0/DEBUG] [io.netty.buffer.PooledByteBufAllocator/]: -Dio.netty.allocator.maxCachedBufferCapacity: 32768
[22Jun2025 13:15:24.078] [modloading-worker-0/DEBUG] [io.netty.buffer.PooledByteBufAllocator/]: -Dio.netty.allocator.cacheTrimInterval: 8192
[22Jun2025 13:15:24.078] [modloading-worker-0/DEBUG] [io.netty.buffer.PooledByteBufAllocator/]: -Dio.netty.allocator.cacheTrimIntervalMillis: 0
[22Jun2025 13:15:24.078] [modloading-worker-0/DEBUG] [io.netty.buffer.PooledByteBufAllocator/]: -Dio.netty.allocator.useCacheForAllThreads: false
[22Jun2025 13:15:24.078] [modloading-worker-0/DEBUG] [io.netty.buffer.PooledByteBufAllocator/]: -Dio.netty.allocator.maxCachedByteBuffersPerChunk: 1023
[22Jun2025 13:15:24.078] [modloading-worker-0/DEBUG] [io.netty.buffer.PooledByteBufAllocator/]: -Dio.netty.allocator.disableCacheFinalizersForFastThreadLocalThreads: false
[22Jun2025 13:15:24.094] [modloading-worker-0/DEBUG] [io.netty.buffer.ByteBufUtil/]: -Dio.netty.allocator.type: pooled
[22Jun2025 13:15:24.094] [modloading-worker-0/DEBUG] [io.netty.buffer.ByteBufUtil/]: -Dio.netty.threadLocalDirectBufferSize: 0
[22Jun2025 13:15:24.094] [modloading-worker-0/DEBUG] [io.netty.buffer.ByteBufUtil/]: -Dio.netty.maxThreadLocalCharBufferSize: 16384
[22Jun2025 13:15:24.120] [modloading-worker-0/DEBUG] [net.neoforged.fml.javafmlmod.AutomaticEventSubscriber/LOADING]: Auto-subscribing net.neoforged.neoforge.network.NetworkInitialization to MOD
[22Jun2025 13:15:24.121] [modloading-worker-0/DEBUG] [net.neoforged.fml.javafmlmod.AutomaticEventSubscriber/LOADING]: Auto-subscribing net.neoforged.neoforge.network.ConfigurationInitialization to MOD
[22Jun2025 13:15:24.124] [modloading-worker-0/DEBUG] [net.neoforged.fml.javafmlmod.AutomaticEventSubscriber/LOADING]: Auto-subscribing net.neoforged.neoforge.common.MonsterRoomHooks to GAME
[22Jun2025 13:15:24.125] [modloading-worker-0/DEBUG] [net.neoforged.fml.javafmlmod.AutomaticEventSubscriber/LOADING]: Auto-subscribing net.neoforged.neoforge.client.model.data.ModelDataManager to GAME
[22Jun2025 13:15:24.126] [modloading-worker-0/DEBUG] [mixin/]: Mixing platform.neoforge.ModelDataMixin from sodium-neoforge.mixins.json into net.neoforged.neoforge.client.model.data.ModelData
[22Jun2025 13:15:24.126] [modloading-worker-0/DEBUG] [mixin/]: sodium-neoforge.mixins.json:platform.neoforge.ModelDataMixin from mod sodium: Class version 65 required is higher than the class version supported by the current version of Mixin (JAVA_17 supports class version 61)
[22Jun2025 13:15:24.128] [modloading-worker-0/DEBUG] [net.neoforged.fml.javafmlmod.AutomaticEventSubscriber/LOADING]: Auto-subscribing net.neoforged.neoforge.client.ParticleBoundsDebugRenderer to GAME
[22Jun2025 13:15:24.131] [modloading-worker-0/DEBUG] [net.neoforged.fml.javafmlmod.AutomaticEventSubscriber/LOADING]: Auto-subscribing net.neoforged.neoforge.client.ClientHooks$ClientEvents to MOD
[22Jun2025 13:15:24.132] [modloading-worker-0/DEBUG] [net.neoforged.fml.javafmlmod.AutomaticEventSubscriber/LOADING]: Auto-subscribing net.neoforged.neoforge.client.BlockEntityRenderBoundsDebugRenderer to GAME
[22Jun2025 13:15:24.133] [modloading-worker-0/DEBUG] [net.neoforged.fml.javafmlmod.AutomaticEventSubscriber/LOADING]: Auto-subscribing net.neoforged.neoforge.attachment.AttachmentInternals to GAME
[22Jun2025 13:15:24.209] [modloading-worker-0/DEBUG] [net.neoforged.fml.javafmlmod.AutomaticEventSubscriber/LOADING]: Attempting to inject @EventBusSubscriber classes into the eventbus for charken
[22Jun2025 13:15:24.209] [modloading-worker-0/DEBUG] [net.neoforged.fml.javafmlmod.AutomaticEventSubscriber/LOADING]: Auto-subscribing net.mcreator.charken.world.features.treedecorators.EGGFruitDecorator to MOD
[22Jun2025 13:15:24.211] [modloading-worker-0/DEBUG] [net.neoforged.fml.javafmlmod.AutomaticEventSubscriber/LOADING]: Auto-subscribing net.mcreator.charken.world.features.treedecorators.EGGTrunkDecorator to MOD
[22Jun2025 13:15:24.212] [modloading-worker-0/DEBUG] [net.neoforged.fml.javafmlmod.AutomaticEventSubscriber/LOADING]: Auto-subscribing net.mcreator.charken.world.features.treedecorators.EGGLeaveDecorator to MOD
[22Jun2025 13:15:24.217] [modloading-worker-0/DEBUG] [net.neoforged.fml.javafmlmod.AutomaticEventSubscriber/LOADING]: Auto-subscribing net.mcreator.charken.init.CharkenModVillagerProfessions to MOD
[22Jun2025 13:15:24.219] [modloading-worker-0/DEBUG] [net.neoforged.fml.javafmlmod.AutomaticEventSubscriber/LOADING]: Auto-subscribing net.mcreator.charken.init.CharkenModEntityRenderers to MOD
[22Jun2025 13:15:24.225] [modloading-worker-0/DEBUG] [net.neoforged.fml.javafmlmod.AutomaticEventSubscriber/LOADING]: Auto-subscribing net.mcreator.charken.init.CharkenModBlockEntities to MOD
[22Jun2025 13:15:24.227] [modloading-worker-0/DEBUG] [net.neoforged.fml.javafmlmod.AutomaticEventSubscriber/LOADING]: Auto-subscribing net.mcreator.charken.init.CharkenModEntities to MOD
[22Jun2025 13:15:24.232] [modloading-worker-0/DEBUG] [net.neoforged.fml.javafmlmod.AutomaticEventSubscriber/LOADING]: Auto-subscribing net.mcreator.charken.init.CharkenModBiomes to GAME
[22Jun2025 13:15:24.239] [modloading-worker-0/DEBUG] [net.neoforged.fml.javafmlmod.AutomaticEventSubscriber/LOADING]: Auto-subscribing net.mcreator.charken.init.CharkenModTrades to GAME
[22Jun2025 13:15:24.241] [modloading-worker-0/DEBUG] [net.neoforged.fml.javafmlmod.AutomaticEventSubscriber/LOADING]: Auto-subscribing net.mcreator.charken.init.CharkenModFluids$FluidsClientSideHandler to MOD
[22Jun2025 13:15:24.245] [modloading-worker-0/DEBUG] [net.neoforged.fml.javafmlmod.AutomaticEventSubscriber/LOADING]: Auto-subscribing net.mcreator.charken.init.CharkenModTabs to MOD
[22Jun2025 13:15:24.247] [modloading-worker-0/DEBUG] [net.neoforged.fml.javafmlmod.AutomaticEventSubscriber/LOADING]: Auto-subscribing net.mcreator.charken.init.CharkenModModels to MOD
[22Jun2025 13:15:24.250] [modloading-worker-0/DEBUG] [net.neoforged.fml.javafmlmod.AutomaticEventSubscriber/LOADING]: Auto-subscribing net.mcreator.charken.fluid.types.YolkliqFluidType to MOD
[22Jun2025 13:15:24.591] [modloading-sync-worker/DEBUG] [net.neoforged.fml.config.ConfigTracker/CONFIG]: Loading configs type CLIENT
[22Jun2025 13:15:24.603] [modloading-sync-worker/DEBUG] [net.neoforged.neoforge.common.NeoForgeConfig/FORGEMOD]: Loaded NeoForge config file neoforge-client.toml
[22Jun2025 13:15:24.603] [modloading-sync-worker/DEBUG] [net.neoforged.fml.config.ConfigTracker/CONFIG]: Loaded TOML config file /home/jacob/MCreatorWorkspaces/Charken/run/config/neoforge-client.toml
[22Jun2025 13:15:24.612] [modloading-sync-worker/DEBUG] [net.neoforged.fml.config.ConfigTracker/CONFIG]: Watching TOML config file /home/jacob/MCreatorWorkspaces/Charken/run/config/neoforge-client.toml for changes
[22Jun2025 13:15:24.613] [modloading-sync-worker/DEBUG] [net.neoforged.fml.config.ConfigTracker/CONFIG]: Loading configs type COMMON
[22Jun2025 13:15:24.615] [modloading-sync-worker/DEBUG] [net.neoforged.neoforge.common.NeoForgeConfig/FORGEMOD]: Loaded NeoForge config file neoforge-common.toml
[22Jun2025 13:15:24.616] [modloading-sync-worker/DEBUG] [net.neoforged.fml.config.ConfigTracker/CONFIG]: Loaded TOML config file /home/jacob/MCreatorWorkspaces/Charken/run/config/neoforge-common.toml
[22Jun2025 13:15:24.616] [modloading-sync-worker/DEBUG] [net.neoforged.fml.config.ConfigTracker/CONFIG]: Watching TOML config file /home/jacob/MCreatorWorkspaces/Charken/run/config/neoforge-common.toml for changes
[22Jun2025 13:15:24.620] [Render thread/DEBUG] [mixin/]: Mixing platform.neoforge.ClientHooksMixin from sodium-neoforge.mixins.json into net.neoforged.neoforge.client.ClientHooks
[22Jun2025 13:15:24.621] [Render thread/DEBUG] [mixin/]: sodium-neoforge.mixins.json:platform.neoforge.ClientHooksMixin from mod sodium: Class version 65 required is higher than the class version supported by the current version of Mixin (JAVA_17 supports class version 61)
[22Jun2025 13:15:24.690] [Render thread/DEBUG] [mixin/]: Mixing platform.neoforge.ResourcePackLoaderMixin from sodium-neoforge.mixins.json into net.neoforged.neoforge.resource.ResourcePackLoader
[22Jun2025 13:15:24.691] [Render thread/DEBUG] [mixin/]: sodium-neoforge.mixins.json:platform.neoforge.ResourcePackLoaderMixin from mod sodium: Class version 65 required is higher than the class version supported by the current version of Mixin (JAVA_17 supports class version 61)
[22Jun2025 13:15:24.692] [Render thread/DEBUG] [mixin/]: Renaming synthetic method lambda$changeSet$0(Ljava/util/Map$Entry;Ljava/util/Map$Entry;)I to md98b051$sodium$lambda$changeSet$0$0 in sodium-neoforge.mixins.json:platform.neoforge.ResourcePackLoaderMixin from mod sodium
[22Jun2025 13:15:25.062] [Render thread/DEBUG] [mixin/]: Mixing features.render.gui.font.BakedGlyphMixin from sodium-common.mixins.json into net.minecraft.client.gui.font.glyphs.BakedGlyph
[22Jun2025 13:15:25.062] [Render thread/DEBUG] [mixin/]: sodium-common.mixins.json:features.render.gui.font.BakedGlyphMixin from mod sodium: Class version 65 required is higher than the class version supported by the current version of Mixin (JAVA_17 supports class version 61)
[22Jun2025 13:15:25.071] [Render thread/DEBUG] [mixin/]: sodium-common.mixins.json:features.render.gui.font.BakedGlyphMixin from mod sodium->@Inject::drawFast(ZFFFLorg/joml/Matrix4f;Lcom/mojang/blaze3d/vertex/VertexConsumer;IZILorg/spongepowered/asm/mixin/injection/callback/CallbackInfo;)V does use it's CallbackInfo
[22Jun2025 13:15:25.071] [Render thread/DEBUG] [mixin/]: sodium-common.mixins.json:features.render.gui.font.BakedGlyphMixin from mod sodium->@Inject::drawEffectFast(Lnet/minecraft/client/gui/font/glyphs/BakedGlyph$Effect;FFILcom/mojang/blaze3d/vertex/VertexConsumer;ILorg/joml/Matrix4f;Lorg/spongepowered/asm/mixin/injection/callback/CallbackInfo;)V does use it's CallbackInfo
[22Jun2025 13:15:25.116] [Render thread/DEBUG] [mixin/]: Mixing core.model.colors.BlockColorsMixin from sodium-common.mixins.json into net.minecraft.client.color.block.BlockColors
[22Jun2025 13:15:25.116] [Render thread/DEBUG] [mixin/]: sodium-common.mixins.json:core.model.colors.BlockColorsMixin from mod sodium: Class version 65 required is higher than the class version supported by the current version of Mixin (JAVA_17 supports class version 61)
[22Jun2025 13:15:25.123] [Render thread/DEBUG] [mixin/]: sodium-common.mixins.json:core.model.colors.BlockColorsMixin from mod sodium->@Inject::preRegisterColorProvider(Lnet/minecraft/client/color/block/BlockColor;[Lnet/minecraft/world/level/block/Block;Lorg/spongepowered/asm/mixin/injection/callback/CallbackInfo;)V doesn't use it's CallbackInfo
[22Jun2025 13:15:25.123] [Render thread/DEBUG] [mixin/]: sodium-common.mixins.json:core.model.colors.BlockColorsMixin from mod sodium->@Inject::preRegisterColorProvider(Lnet/minecraft/client/color/block/BlockColor;[Lnet/minecraft/world/level/block/Block;Lorg/spongepowered/asm/mixin/injection/callback/CallbackInfo;)V has 0 override(s) in child classes
[22Jun2025 13:15:25.123] [Render thread/DEBUG] [mixin/]: sodium-common.mixins.json:core.model.colors.BlockColorsMixin from mod sodium->@Inject::preRegisterColorProvider(Lnet/minecraft/client/color/block/BlockColor;[Lnet/minecraft/world/level/block/Block;Lorg/spongepowered/asm/mixin/injection/callback/CallbackInfo;)V won't be passed a CallbackInfo as a result
[22Jun2025 13:15:25.146] [Render thread/DEBUG] [mixin/]: Mixing core.render.world.RenderBuffersMixin from sodium-common.mixins.json into net.minecraft.client.renderer.RenderBuffers
[22Jun2025 13:15:25.146] [Render thread/DEBUG] [mixin/]: sodium-common.mixins.json:core.render.world.RenderBuffersMixin from mod sodium: Class version 65 required is higher than the class version supported by the current version of Mixin (JAVA_17 supports class version 61)
[22Jun2025 13:15:25.186] [Render thread/DEBUG] [mixin/]: Mixing features.render.frapi.ModelBlockRendererMixin from sodium-common.mixins.json into net.minecraft.client.renderer.block.ModelBlockRenderer
[22Jun2025 13:15:25.186] [Render thread/DEBUG] [mixin/]: sodium-common.mixins.json:features.render.frapi.ModelBlockRendererMixin from mod sodium: Class version 65 required is higher than the class version supported by the current version of Mixin (JAVA_17 supports class version 61)
[22Jun2025 13:15:25.186] [Render thread/DEBUG] [mixin/]: Renaming synthetic method lambda$new$0()Lnet/caffeinemc/mods/sodium/client/render/frapi/render/NonTerrainBlockRenderContext; to md98b051$sodium$lambda$new$0$0 in sodium-common.mixins.json:features.render.frapi.ModelBlockRendererMixin from mod sodium
[22Jun2025 13:15:25.187] [Render thread/DEBUG] [mixin/]: Mixing features.textures.animations.tracking.ModelBlockRendererMixin from sodium-common.mixins.json into net.minecraft.client.renderer.block.ModelBlockRenderer
[22Jun2025 13:15:25.187] [Render thread/DEBUG] [mixin/]: sodium-common.mixins.json:features.textures.animations.tracking.ModelBlockRendererMixin from mod sodium: Class version 65 required is higher than the class version supported by the current version of Mixin (JAVA_17 supports class version 61)
[22Jun2025 13:15:25.188] [Render thread/DEBUG] [mixin/]: Mixing features.render.model.block.ModelBlockRendererMixin from sodium-neoforge.mixins.json into net.minecraft.client.renderer.block.ModelBlockRenderer
[22Jun2025 13:15:25.188] [Render thread/DEBUG] [mixin/]: sodium-neoforge.mixins.json:features.render.model.block.ModelBlockRendererMixin from mod sodium: Class version 65 required is higher than the class version supported by the current version of Mixin (JAVA_17 supports class version 61)
[22Jun2025 13:15:25.192] [Render thread/DEBUG] [mixin/]: sodium-common.mixins.json:features.render.frapi.ModelBlockRendererMixin from mod sodium->@Inject::onRender(Lnet/minecraft/world/level/BlockAndTintGetter;Lnet/minecraft/client/resources/model/BakedModel;Lnet/minecraft/world/level/block/state/BlockState;Lnet/minecraft/core/BlockPos;Lcom/mojang/blaze3d/vertex/PoseStack;Lcom/mojang/blaze3d/vertex/VertexConsumer;ZLnet/minecraft/util/RandomSource;JILorg/spongepowered/asm/mixin/injection/callback/CallbackInfo;)V does use it's CallbackInfo
[22Jun2025 13:15:25.192] [Render thread/DEBUG] [mixin/]: sodium-common.mixins.json:features.textures.animations.tracking.ModelBlockRendererMixin from mod sodium->@Inject::preRenderQuad(Lnet/minecraft/world/level/BlockAndTintGetter;Lnet/minecraft/world/level/block/state/BlockState;Lnet/minecraft/core/BlockPos;Lcom/mojang/blaze3d/vertex/VertexConsumer;Lcom/mojang/blaze3d/vertex/PoseStack$Pose;Lnet/minecraft/client/renderer/block/model/BakedQuad;FFFFIIIIILorg/spongepowered/asm/mixin/injection/callback/CallbackInfo;)V doesn't use it's CallbackInfo
[22Jun2025 13:15:25.192] [Render thread/DEBUG] [mixin/]: sodium-common.mixins.json:features.textures.animations.tracking.ModelBlockRendererMixin from mod sodium->@Inject::preRenderQuad(Lnet/minecraft/world/level/BlockAndTintGetter;Lnet/minecraft/world/level/block/state/BlockState;Lnet/minecraft/core/BlockPos;Lcom/mojang/blaze3d/vertex/VertexConsumer;Lcom/mojang/blaze3d/vertex/PoseStack$Pose;Lnet/minecraft/client/renderer/block/model/BakedQuad;FFFFIIIIILorg/spongepowered/asm/mixin/injection/callback/CallbackInfo;)V has 0 override(s) in child classes
[22Jun2025 13:15:25.192] [Render thread/DEBUG] [mixin/]: sodium-common.mixins.json:features.textures.animations.tracking.ModelBlockRendererMixin from mod sodium->@Inject::preRenderQuad(Lnet/minecraft/world/level/BlockAndTintGetter;Lnet/minecraft/world/level/block/state/BlockState;Lnet/minecraft/core/BlockPos;Lcom/mojang/blaze3d/vertex/VertexConsumer;Lcom/mojang/blaze3d/vertex/PoseStack$Pose;Lnet/minecraft/client/renderer/block/model/BakedQuad;FFFFIIIIILorg/spongepowered/asm/mixin/injection/callback/CallbackInfo;)V won't be passed a CallbackInfo as a result
[22Jun2025 13:15:25.192] [Render thread/DEBUG] [mixin/]: sodium-neoforge.mixins.json:features.render.model.block.ModelBlockRendererMixin from mod sodium->@Inject::renderFast(Lcom/mojang/blaze3d/vertex/PoseStack$Pose;Lcom/mojang/blaze3d/vertex/VertexConsumer;Lnet/minecraft/world/level/block/state/BlockState;Lnet/minecraft/client/resources/model/BakedModel;FFFIILnet/neoforged/neoforge/client/model/data/ModelData;Lnet/minecraft/client/renderer/RenderType;Lorg/spongepowered/asm/mixin/injection/callback/CallbackInfo;)V does use it's CallbackInfo
[22Jun2025 13:15:25.203] [Render thread/DEBUG] [mixin/]: Mixing core.model.TextureAtlasSpriteMixin from sodium-common.mixins.json into net.minecraft.client.renderer.texture.TextureAtlasSprite
[22Jun2025 13:15:25.203] [Render thread/DEBUG] [mixin/]: sodium-common.mixins.json:core.model.TextureAtlasSpriteMixin from mod sodium: Class version 65 required is higher than the class version supported by the current version of Mixin (JAVA_17 supports class version 61)
[22Jun2025 13:15:25.203] [Render thread/DEBUG] [mixin/]: Mixing features.textures.scan.TextureAtlasSpriteMixin from sodium-common.mixins.json into net.minecraft.client.renderer.texture.TextureAtlasSprite
[22Jun2025 13:15:25.203] [Render thread/DEBUG] [mixin/]: sodium-common.mixins.json:features.textures.scan.TextureAtlasSpriteMixin from mod sodium: Class version 65 required is higher than the class version supported by the current version of Mixin (JAVA_17 supports class version 61)
[22Jun2025 13:15:25.206] [Render thread/DEBUG] [mixin/]: Mixing features.render.entity.shadows.EntityRenderDispatcherMixin from sodium-common.mixins.json into net.minecraft.client.renderer.entity.EntityRenderDispatcher
[22Jun2025 13:15:25.206] [Render thread/DEBUG] [mixin/]: sodium-common.mixins.json:features.render.entity.shadows.EntityRenderDispatcherMixin from mod sodium: Class version 65 required is higher than the class version supported by the current version of Mixin (JAVA_17 supports class version 61)
[22Jun2025 13:15:25.213] [Render thread/DEBUG] [mixin/]: sodium-common.mixins.json:features.render.entity.shadows.EntityRenderDispatcherMixin from mod sodium->@Inject::renderShadowPartFast(Lcom/mojang/blaze3d/vertex/PoseStack$Pose;Lcom/mojang/blaze3d/vertex/VertexConsumer;Lnet/minecraft/world/level/chunk/ChunkAccess;Lnet/minecraft/world/level/LevelReader;Lnet/minecraft/core/BlockPos;DDDFFLorg/spongepowered/asm/mixin/injection/callback/CallbackInfo;)V does use it's CallbackInfo
[22Jun2025 13:15:25.238] [Render thread/DEBUG] [mixin/]: Mixing particle.MixinParticleEngine from sodium-extra.mixins.json into net.minecraft.client.particle.ParticleEngine
[22Jun2025 13:15:25.239] [Render thread/DEBUG] [mixin/]: sodium-extra.mixins.json:particle.MixinParticleEngine from mod sodium_extra: Class version 65 required is higher than the class version supported by the current version of Mixin (JAVA_17 supports class version 61)
[22Jun2025 13:15:25.249] [Render thread/DEBUG] [mixin/]: sodium-extra.mixins.json:particle.MixinParticleEngine from mod sodium_extra->@Inject::addBlockBreakParticles(Lnet/minecraft/core/BlockPos;Lnet/minecraft/world/level/block/state/BlockState;Lorg/spongepowered/asm/mixin/injection/callback/CallbackInfo;)V does use it's CallbackInfo
[22Jun2025 13:15:25.250] [Render thread/DEBUG] [mixin/]: sodium-extra.mixins.json:particle.MixinParticleEngine from mod sodium_extra->@Inject::addBlockBreakingParticles(Lnet/minecraft/core/BlockPos;Lnet/minecraft/core/Direction;Lorg/spongepowered/asm/mixin/injection/callback/CallbackInfo;)V does use it's CallbackInfo
[22Jun2025 13:15:25.250] [Render thread/DEBUG] [mixin/]: sodium-extra.mixins.json:particle.MixinParticleEngine from mod sodium_extra->@Inject::addParticle(Lnet/minecraft/core/particles/ParticleOptions;DDDDDDLorg/spongepowered/asm/mixin/injection/callback/CallbackInfoReturnable;)V does use it's CallbackInfoReturnable
[22Jun2025 13:15:25.255] [Render thread/DEBUG] [mixin/]: Mixing features.textures.animations.tracking.TextureSheetParticleMixin from sodium-common.mixins.json into net.minecraft.client.particle.TextureSheetParticle
[22Jun2025 13:15:25.255] [Render thread/DEBUG] [mixin/]: sodium-common.mixins.json:features.textures.animations.tracking.TextureSheetParticleMixin from mod sodium: Class version 65 required is higher than the class version supported by the current version of Mixin (JAVA_17 supports class version 61)
[22Jun2025 13:15:25.257] [Render thread/DEBUG] [mixin/]: sodium-common.mixins.json:features.textures.animations.tracking.TextureSheetParticleMixin from mod sodium->@Inject::afterSetSprite(Lnet/minecraft/client/renderer/texture/TextureAtlasSprite;Lorg/spongepowered/asm/mixin/injection/callback/CallbackInfo;)V doesn't use it's CallbackInfo
[22Jun2025 13:15:25.257] [Render thread/DEBUG] [mixin/]: sodium-common.mixins.json:features.textures.animations.tracking.TextureSheetParticleMixin from mod sodium->@Inject::afterSetSprite(Lnet/minecraft/client/renderer/texture/TextureAtlasSprite;Lorg/spongepowered/asm/mixin/injection/callback/CallbackInfo;)V has 0 override(s) in child classes
[22Jun2025 13:15:25.257] [Render thread/DEBUG] [mixin/]: sodium-common.mixins.json:features.textures.animations.tracking.TextureSheetParticleMixin from mod sodium->@Inject::afterSetSprite(Lnet/minecraft/client/renderer/texture/TextureAtlasSprite;Lorg/spongepowered/asm/mixin/injection/callback/CallbackInfo;)V won't be passed a CallbackInfo as a result
[22Jun2025 13:15:25.258] [Render thread/DEBUG] [mixin/]: Mixing features.render.particle.SingleQuadParticleMixin from sodium-common.mixins.json into net.minecraft.client.particle.SingleQuadParticle
[22Jun2025 13:15:25.258] [Render thread/DEBUG] [mixin/]: sodium-common.mixins.json:features.render.particle.SingleQuadParticleMixin from mod sodium: Class version 65 required is higher than the class version supported by the current version of Mixin (JAVA_17 supports class version 61)
[22Jun2025 13:15:25.276] [Render thread/DEBUG] [mixin/]: sodium-common.mixins.json:features.render.particle.SingleQuadParticleMixin from mod sodium->@Inject::renderRotatedQuad(Lcom/mojang/blaze3d/vertex/VertexConsumer;Lorg/joml/Quaternionf;FFFFLorg/spongepowered/asm/mixin/injection/callback/CallbackInfo;)V does use it's CallbackInfo
[22Jun2025 13:15:25.406] [Render thread/DEBUG] [mixin/]: Mixing features.gui.hooks.console.GameRendererMixin from sodium-common.mixins.json into net.minecraft.client.renderer.GameRenderer
[22Jun2025 13:15:25.406] [Render thread/DEBUG] [mixin/]: sodium-common.mixins.json:features.gui.hooks.console.GameRendererMixin from mod sodium: Class version 65 required is higher than the class version supported by the current version of Mixin (JAVA_17 supports class version 61)
[22Jun2025 13:15:25.407] [Render thread/DEBUG] [mixin/]: Mixing prevent_shaders.MixinGameRenderer from sodium-extra.mixins.json into net.minecraft.client.renderer.GameRenderer
[22Jun2025 13:15:25.407] [Render thread/DEBUG] [mixin/]: sodium-extra.mixins.json:prevent_shaders.MixinGameRenderer from mod sodium_extra: Class version 65 required is higher than the class version supported by the current version of Mixin (JAVA_17 supports class version 61)
[22Jun2025 13:15:25.452] [Render thread/DEBUG] [mixin/]: sodium-common.mixins.json:features.gui.hooks.console.GameRendererMixin from mod sodium->@Inject::onRender(Lnet/minecraft/client/DeltaTracker;ZLorg/spongepowered/asm/mixin/injection/callback/CallbackInfo;)V doesn't use it's CallbackInfo
[22Jun2025 13:15:25.453] [Render thread/DEBUG] [mixin/]: sodium-common.mixins.json:features.gui.hooks.console.GameRendererMixin from mod sodium->@Inject::onRender(Lnet/minecraft/client/DeltaTracker;ZLorg/spongepowered/asm/mixin/injection/callback/CallbackInfo;)V has 0 override(s) in child classes
[22Jun2025 13:15:25.453] [Render thread/DEBUG] [mixin/]: sodium-common.mixins.json:features.gui.hooks.console.GameRendererMixin from mod sodium->@Inject::onRender(Lnet/minecraft/client/DeltaTracker;ZLorg/spongepowered/asm/mixin/injection/callback/CallbackInfo;)V won't be passed a CallbackInfo as a result
[22Jun2025 13:15:25.453] [Render thread/DEBUG] [mixin/]: sodium-common.mixins.json:features.gui.hooks.console.GameRendererMixin from mod sodium->@Inject::onRender(Lnet/minecraft/client/DeltaTracker;ZLorg/spongepowered/asm/mixin/injection/callback/CallbackInfo;)V doesn't use it's CallbackInfo
[22Jun2025 13:15:25.453] [Render thread/DEBUG] [mixin/]: sodium-common.mixins.json:features.gui.hooks.console.GameRendererMixin from mod sodium->@Inject::onRender(Lnet/minecraft/client/DeltaTracker;ZLorg/spongepowered/asm/mixin/injection/callback/CallbackInfo;)V has 0 override(s) in child classes
[22Jun2025 13:15:25.453] [Render thread/DEBUG] [mixin/]: sodium-common.mixins.json:features.gui.hooks.console.GameRendererMixin from mod sodium->@Inject::onRender(Lnet/minecraft/client/DeltaTracker;ZLorg/spongepowered/asm/mixin/injection/callback/CallbackInfo;)V won't be passed a CallbackInfo as a result
[22Jun2025 13:15:25.453] [Render thread/DEBUG] [mixin/]: sodium-extra.mixins.json:prevent_shaders.MixinGameRenderer from mod sodium_extra->@Inject::preventShaders(Lorg/spongepowered/asm/mixin/injection/callback/CallbackInfo;)V does use it's CallbackInfo
[22Jun2025 13:15:25.454] [Render thread/DEBUG] [mixin/]: sodium-extra.mixins.json:prevent_shaders.MixinGameRenderer from mod sodium_extra->@Inject::dontLoadShader(Lnet/minecraft/resources/ResourceLocation;Lorg/spongepowered/asm/mixin/injection/callback/CallbackInfo;)V does use it's CallbackInfo
[22Jun2025 13:15:25.459] [Render thread/DEBUG] [mixin/]: Mixing instant_sneak.MixinCamera from sodium-extra.mixins.json into net.minecraft.client.Camera
[22Jun2025 13:15:25.459] [Render thread/DEBUG] [mixin/]: sodium-extra.mixins.json:instant_sneak.MixinCamera from mod sodium_extra: Class version 65 required is higher than the class version supported by the current version of Mixin (JAVA_17 supports class version 61)
[22Jun2025 13:15:25.466] [Render thread/DEBUG] [mixin/]: sodium-extra.mixins.json:instant_sneak.MixinCamera from mod sodium_extra->@Inject::noLerp(Lorg/spongepowered/asm/mixin/injection/callback/CallbackInfo;)V doesn't use it's CallbackInfo
[22Jun2025 13:15:25.466] [Render thread/DEBUG] [mixin/]: sodium-extra.mixins.json:instant_sneak.MixinCamera from mod sodium_extra->@Inject::noLerp(Lorg/spongepowered/asm/mixin/injection/callback/CallbackInfo;)V has 0 override(s) in child classes
[22Jun2025 13:15:25.466] [Render thread/DEBUG] [mixin/]: sodium-extra.mixins.json:instant_sneak.MixinCamera from mod sodium_extra->@Inject::noLerp(Lorg/spongepowered/asm/mixin/injection/callback/CallbackInfo;)V won't be passed a CallbackInfo as a result
[22Jun2025 13:15:25.470] [Render thread/DEBUG] [mixin/]: Mixing core.render.world.LevelRendererMixin from sodium-common.mixins.json into net.minecraft.client.renderer.LevelRenderer
[22Jun2025 13:15:25.471] [Render thread/DEBUG] [mixin/]: sodium-common.mixins.json:core.render.world.LevelRendererMixin from mod sodium: Class version 65 required is higher than the class version supported by the current version of Mixin (JAVA_17 supports class version 61)
[22Jun2025 13:15:25.475] [Render thread/DEBUG] [mixin/]: Mixing features.render.world.clouds.LevelRendererMixin from sodium-common.mixins.json into net.minecraft.client.renderer.LevelRenderer
[22Jun2025 13:15:25.476] [Render thread/DEBUG] [mixin/]: sodium-common.mixins.json:features.render.world.clouds.LevelRendererMixin from mod sodium: Class version 65 required is higher than the class version supported by the current version of Mixin (JAVA_17 supports class version 61)
[22Jun2025 13:15:25.477] [Render thread/DEBUG] [mixin/]: Mixing features.render.world.sky.LevelRendererMixin from sodium-common.mixins.json into net.minecraft.client.renderer.LevelRenderer
[22Jun2025 13:15:25.477] [Render thread/DEBUG] [mixin/]: sodium-common.mixins.json:features.render.world.sky.LevelRendererMixin from mod sodium: Class version 65 required is higher than the class version supported by the current version of Mixin (JAVA_17 supports class version 61)
[22Jun2025 13:15:25.478] [Render thread/DEBUG] [mixin/]: Mixing optimizations.beacon_beam_rendering.LevelRendererAccessor from sodium-extra.mixins.json into net.minecraft.client.renderer.LevelRenderer
[22Jun2025 13:15:25.478] [Render thread/DEBUG] [mixin/]: sodium-extra.mixins.json:optimizations.beacon_beam_rendering.LevelRendererAccessor from mod sodium_extra: Class version 65 required is higher than the class version supported by the current version of Mixin (JAVA_17 supports class version 61)
[22Jun2025 13:15:25.506] [Render thread/DEBUG] [mixin/]: sodium-common.mixins.json:core.render.world.LevelRendererMixin from mod sodium->@Inject::init(Lnet/minecraft/client/Minecraft;Lnet/minecraft/client/renderer/entity/EntityRenderDispatcher;Lnet/minecraft/client/renderer/blockentity/BlockEntityRenderDispatcher;Lnet/minecraft/client/renderer/RenderBuffers;Lorg/spongepowered/asm/mixin/injection/callback/CallbackInfo;)V doesn't use it's CallbackInfo
[22Jun2025 13:15:25.507] [Render thread/DEBUG] [mixin/]: sodium-common.mixins.json:core.render.world.LevelRendererMixin from mod sodium->@Inject::init(Lnet/minecraft/client/Minecraft;Lnet/minecraft/client/renderer/entity/EntityRenderDispatcher;Lnet/minecraft/client/renderer/blockentity/BlockEntityRenderDispatcher;Lnet/minecraft/client/renderer/RenderBuffers;Lorg/spongepowered/asm/mixin/injection/callback/CallbackInfo;)V has 0 override(s) in child classes
[22Jun2025 13:15:25.507] [Render thread/DEBUG] [mixin/]: sodium-common.mixins.json:core.render.world.LevelRendererMixin from mod sodium->@Inject::init(Lnet/minecraft/client/Minecraft;Lnet/minecraft/client/renderer/entity/EntityRenderDispatcher;Lnet/minecraft/client/renderer/blockentity/BlockEntityRenderDispatcher;Lnet/minecraft/client/renderer/RenderBuffers;Lorg/spongepowered/asm/mixin/injection/callback/CallbackInfo;)V won't be passed a CallbackInfo as a result
[22Jun2025 13:15:25.507] [Render thread/DEBUG] [mixin/]: sodium-common.mixins.json:core.render.world.LevelRendererMixin from mod sodium->@Inject::onWorldChanged(Lnet/minecraft/client/multiplayer/ClientLevel;Lorg/spongepowered/asm/mixin/injection/callback/CallbackInfo;)V doesn't use it's CallbackInfo
[22Jun2025 13:15:25.507] [Render thread/DEBUG] [mixin/]: sodium-common.mixins.json:core.render.world.LevelRendererMixin from mod sodium->@Inject::onWorldChanged(Lnet/minecraft/client/multiplayer/ClientLevel;Lorg/spongepowered/asm/mixin/injection/callback/CallbackInfo;)V has 0 override(s) in child classes
[22Jun2025 13:15:25.507] [Render thread/DEBUG] [mixin/]: sodium-common.mixins.json:core.render.world.LevelRendererMixin from mod sodium->@Inject::onWorldChanged(Lnet/minecraft/client/multiplayer/ClientLevel;Lorg/spongepowered/asm/mixin/injection/callback/CallbackInfo;)V won't be passed a CallbackInfo as a result
[22Jun2025 13:15:25.507] [Render thread/DEBUG] [mixin/]: sodium-common.mixins.json:core.render.world.LevelRendererMixin from mod sodium->@Inject::onTerrainUpdateScheduled(Lorg/spongepowered/asm/mixin/injection/callback/CallbackInfo;)V doesn't use it's CallbackInfo
[22Jun2025 13:15:25.507] [Render thread/DEBUG] [mixin/]: sodium-common.mixins.json:core.render.world.LevelRendererMixin from mod sodium->@Inject::onTerrainUpdateScheduled(Lorg/spongepowered/asm/mixin/injection/callback/CallbackInfo;)V has 0 override(s) in child classes
[22Jun2025 13:15:25.507] [Render thread/DEBUG] [mixin/]: sodium-common.mixins.json:core.render.world.LevelRendererMixin from mod sodium->@Inject::onTerrainUpdateScheduled(Lorg/spongepowered/asm/mixin/injection/callback/CallbackInfo;)V won't be passed a CallbackInfo as a result
[22Jun2025 13:15:25.507] [Render thread/DEBUG] [mixin/]: sodium-common.mixins.json:core.render.world.LevelRendererMixin from mod sodium->@Inject::onReload(Lorg/spongepowered/asm/mixin/injection/callback/CallbackInfo;)V doesn't use it's CallbackInfo
[22Jun2025 13:15:25.507] [Render thread/DEBUG] [mixin/]: sodium-common.mixins.json:core.render.world.LevelRendererMixin from mod sodium->@Inject::onReload(Lorg/spongepowered/asm/mixin/injection/callback/CallbackInfo;)V has 0 override(s) in child classes
[22Jun2025 13:15:25.507] [Render thread/DEBUG] [mixin/]: sodium-common.mixins.json:core.render.world.LevelRendererMixin from mod sodium->@Inject::onReload(Lorg/spongepowered/asm/mixin/injection/callback/CallbackInfo;)V won't be passed a CallbackInfo as a result
[22Jun2025 13:15:25.507] [Render thread/DEBUG] [mixin/]: sodium-common.mixins.json:core.render.world.LevelRendererMixin from mod sodium->@Inject::replaceBlockEntityIteration(Ljava/util/function/Consumer;Lorg/spongepowered/asm/mixin/injection/callback/CallbackInfo;)V does use it's CallbackInfo
[22Jun2025 13:15:25.508] [Render thread/DEBUG] [mixin/]: sodium-common.mixins.json:features.render.world.clouds.LevelRendererMixin from mod sodium->@Inject::renderCloudsNeo(Lcom/mojang/blaze3d/resource/ResourceHandle;FLnet/minecraft/world/phys/Vec3;Lorg/joml/Matrix4f;Lorg/joml/Matrix4f;ILnet/minecraft/client/CloudStatus;FLorg/spongepowered/asm/mixin/injection/callback/CallbackInfo;)V does use it's CallbackInfo
[22Jun2025 13:15:25.508] [Render thread/DEBUG] [mixin/]: sodium-common.mixins.json:features.render.world.clouds.LevelRendererMixin from mod sodium->@Inject::onReload(Lnet/minecraft/server/packs/resources/ResourceManager;Lorg/spongepowered/asm/mixin/injection/callback/CallbackInfo;)V doesn't use it's CallbackInfo
[22Jun2025 13:15:25.508] [Render thread/DEBUG] [mixin/]: sodium-common.mixins.json:features.render.world.clouds.LevelRendererMixin from mod sodium->@Inject::onReload(Lnet/minecraft/server/packs/resources/ResourceManager;Lorg/spongepowered/asm/mixin/injection/callback/CallbackInfo;)V has 0 override(s) in child classes
[22Jun2025 13:15:25.508] [Render thread/DEBUG] [mixin/]: sodium-common.mixins.json:features.render.world.clouds.LevelRendererMixin from mod sodium->@Inject::onReload(Lnet/minecraft/server/packs/resources/ResourceManager;Lorg/spongepowered/asm/mixin/injection/callback/CallbackInfo;)V won't be passed a CallbackInfo as a result
[22Jun2025 13:15:25.508] [Render thread/DEBUG] [mixin/]: sodium-common.mixins.json:features.render.world.clouds.LevelRendererMixin from mod sodium->@Inject::onReload(Lorg/spongepowered/asm/mixin/injection/callback/CallbackInfo;)V doesn't use it's CallbackInfo
[22Jun2025 13:15:25.508] [Render thread/DEBUG] [mixin/]: sodium-common.mixins.json:features.render.world.clouds.LevelRendererMixin from mod sodium->@Inject::onReload(Lorg/spongepowered/asm/mixin/injection/callback/CallbackInfo;)V has 0 override(s) in child classes
[22Jun2025 13:15:25.508] [Render thread/DEBUG] [mixin/]: sodium-common.mixins.json:features.render.world.clouds.LevelRendererMixin from mod sodium->@Inject::onReload(Lorg/spongepowered/asm/mixin/injection/callback/CallbackInfo;)V won't be passed a CallbackInfo as a result
[22Jun2025 13:15:25.508] [Render thread/DEBUG] [mixin/]: sodium-common.mixins.json:features.render.world.clouds.LevelRendererMixin from mod sodium->@Inject::onClose(Lorg/spongepowered/asm/mixin/injection/callback/CallbackInfo;)V doesn't use it's CallbackInfo
[22Jun2025 13:15:25.508] [Render thread/DEBUG] [mixin/]: sodium-common.mixins.json:features.render.world.clouds.LevelRendererMixin from mod sodium->@Inject::onClose(Lorg/spongepowered/asm/mixin/injection/callback/CallbackInfo;)V has 0 override(s) in child classes
[22Jun2025 13:15:25.508] [Render thread/DEBUG] [mixin/]: sodium-common.mixins.json:features.render.world.clouds.LevelRendererMixin from mod sodium->@Inject::onClose(Lorg/spongepowered/asm/mixin/injection/callback/CallbackInfo;)V won't be passed a CallbackInfo as a result
[22Jun2025 13:15:25.508] [Render thread/DEBUG] [mixin/]: sodium-common.mixins.json:features.render.world.sky.LevelRendererMixin from mod sodium->@Inject::preRenderSky(Lorg/spongepowered/asm/mixin/injection/callback/CallbackInfo;)V does use it's CallbackInfo
[22Jun2025 13:15:25.525] [Render thread/DEBUG] [mixin/]: Mixing core.render.immediate.consumer.BufferBuilderMixin from sodium-common.mixins.json into com.mojang.blaze3d.vertex.BufferBuilder
[22Jun2025 13:15:25.525] [Render thread/DEBUG] [mixin/]: sodium-common.mixins.json:core.render.immediate.consumer.BufferBuilderMixin from mod sodium: Class version 65 required is higher than the class version supported by the current version of Mixin (JAVA_17 supports class version 61)
[22Jun2025 13:15:25.527] [Render thread/DEBUG] [mixin/]: Mixing features.render.immediate.buffer_builder.intrinsics.BufferBuilderMixin from sodium-common.mixins.json into com.mojang.blaze3d.vertex.BufferBuilder
[22Jun2025 13:15:25.527] [Render thread/DEBUG] [mixin/]: sodium-common.mixins.json:features.render.immediate.buffer_builder.intrinsics.BufferBuilderMixin from mod sodium: Class version 65 required is higher than the class version supported by the current version of Mixin (JAVA_17 supports class version 61)
[22Jun2025 13:15:25.538] [Render thread/DEBUG] [mixin/]: Mixing features.render.immediate.buffer_builder.sorting.MeshDataMixin from sodium-common.mixins.json into com.mojang.blaze3d.vertex.MeshData
[22Jun2025 13:15:25.538] [Render thread/DEBUG] [mixin/]: sodium-common.mixins.json:features.render.immediate.buffer_builder.sorting.MeshDataMixin from mod sodium: Class version 65 required is higher than the class version supported by the current version of Mixin (JAVA_17 supports class version 61)
[22Jun2025 13:15:25.552] [Render thread/DEBUG] [mixin/]: Mixing features.options.weather.LevelRendererMixin from sodium-common.mixins.json into net.minecraft.client.renderer.WeatherEffectRenderer
[22Jun2025 13:15:25.552] [Render thread/DEBUG] [mixin/]: sodium-common.mixins.json:features.options.weather.LevelRendererMixin from mod sodium: Class version 65 required is higher than the class version supported by the current version of Mixin (JAVA_17 supports class version 61)
[22Jun2025 13:15:25.554] [Render thread/DEBUG] [mixin/]: Mixing particle.MixinLevelRenderer from sodium-extra.mixins.json into net.minecraft.client.renderer.WeatherEffectRenderer
[22Jun2025 13:15:25.554] [Render thread/DEBUG] [mixin/]: sodium-extra.mixins.json:particle.MixinLevelRenderer from mod sodium_extra: Class version 65 required is higher than the class version supported by the current version of Mixin (JAVA_17 supports class version 61)
[22Jun2025 13:15:25.560] [Render thread/DEBUG] [mixin/]: sodium-extra.mixins.json:particle.MixinLevelRenderer from mod sodium_extra->@Inject::tickRainSplashing(Lnet/minecraft/client/multiplayer/ClientLevel;Lnet/minecraft/client/Camera;ILnet/minecraft/server/level/ParticleStatus;Lorg/spongepowered/asm/mixin/injection/callback/CallbackInfo;)V does use it's CallbackInfo
[22Jun2025 13:15:25.560] [Render thread/DEBUG] [mixin/]: sodium-extra.mixins.json:particle.MixinLevelRenderer from mod sodium_extra->@Inject::renderWeather(Lorg/spongepowered/asm/mixin/injection/callback/CallbackInfo;)V does use it's CallbackInfo
[22Jun2025 13:15:25.592] [Render thread/DEBUG] [mixin/]: Mixing features.gui.hooks.debug.DebugScreenOverlayMixin from sodium-common.mixins.json into net.minecraft.client.gui.components.DebugScreenOverlay
[22Jun2025 13:15:25.592] [Render thread/DEBUG] [mixin/]: sodium-common.mixins.json:features.gui.hooks.debug.DebugScreenOverlayMixin from mod sodium: Class version 65 required is higher than the class version supported by the current version of Mixin (JAVA_17 supports class version 61)
[22Jun2025 13:15:25.596] [Render thread/DEBUG] [mixin/]: Mixing DebugHudMixin from fabric-renderer-api-v1.debughud.mixins.json into net.minecraft.client.gui.components.DebugScreenOverlay
[22Jun2025 13:15:25.598] [Render thread/DEBUG] [mixin/]: Mixing steady_debug_hud.MixinDebugScreenOverlay from sodium-extra.mixins.json into net.minecraft.client.gui.components.DebugScreenOverlay
[22Jun2025 13:15:25.598] [Render thread/DEBUG] [mixin/]: sodium-extra.mixins.json:steady_debug_hud.MixinDebugScreenOverlay from mod sodium_extra: Class version 65 required is higher than the class version supported by the current version of Mixin (JAVA_17 supports class version 61)
[22Jun2025 13:15:25.603] [Render thread/DEBUG] [mixin/]: fabric-renderer-api-v1.debughud.mixins.json:DebugHudMixin from mod fabric_renderer_api_v1->@Inject::getLeftText(Lorg/spongepowered/asm/mixin/injection/callback/CallbackInfoReturnable;)V does use it's CallbackInfoReturnable
[22Jun2025 13:15:25.603] [Render thread/DEBUG] [mixin/]: fabric-renderer-api-v1.debughud.mixins.json:DebugHudMixin from mod fabric_renderer_api_v1->@Inject::getLeftText(Lorg/spongepowered/asm/mixin/injection/callback/CallbackInfoReturnable;)V does use it's CallbackInfoReturnable
[22Jun2025 13:15:25.603] [Render thread/DEBUG] [mixin/]: sodium-extra.mixins.json:steady_debug_hud.MixinDebugScreenOverlay from mod sodium_extra->@Inject::preRender(Lnet/minecraft/client/gui/GuiGraphics;Lorg/spongepowered/asm/mixin/injection/callback/CallbackInfo;)V doesn't use it's CallbackInfo
[22Jun2025 13:15:25.603] [Render thread/DEBUG] [mixin/]: sodium-extra.mixins.json:steady_debug_hud.MixinDebugScreenOverlay from mod sodium_extra->@Inject::preRender(Lnet/minecraft/client/gui/GuiGraphics;Lorg/spongepowered/asm/mixin/injection/callback/CallbackInfo;)V has 0 override(s) in child classes
[22Jun2025 13:15:25.603] [Render thread/DEBUG] [mixin/]: sodium-extra.mixins.json:steady_debug_hud.MixinDebugScreenOverlay from mod sodium_extra->@Inject::preRender(Lnet/minecraft/client/gui/GuiGraphics;Lorg/spongepowered/asm/mixin/injection/callback/CallbackInfo;)V won't be passed a CallbackInfo as a result
[22Jun2025 13:15:25.709] [Render thread/INFO] [net.neoforged.neoforge.gametest.GameTestHooks/]: Enabled Gametest Namespaces: []
[22Jun2025 13:15:25.802] [Render thread/DEBUG] [mixin/]: Mixing core.render.world.EntityRendererAccessor from sodium-common.mixins.json into net.minecraft.client.renderer.entity.EntityRenderer
[22Jun2025 13:15:25.803] [Render thread/DEBUG] [mixin/]: sodium-common.mixins.json:core.render.world.EntityRendererAccessor from mod sodium: Class version 65 required is higher than the class version supported by the current version of Mixin (JAVA_17 supports class version 61)
[22Jun2025 13:15:25.803] [Render thread/DEBUG] [mixin/]: Mixing features.render.entity.cull.EntityRendererMixin from sodium-common.mixins.json into net.minecraft.client.renderer.entity.EntityRenderer
[22Jun2025 13:15:25.803] [Render thread/DEBUG] [mixin/]: sodium-common.mixins.json:features.render.entity.cull.EntityRendererMixin from mod sodium: Class version 65 required is higher than the class version supported by the current version of Mixin (JAVA_17 supports class version 61)
[22Jun2025 13:15:25.808] [Render thread/DEBUG] [mixin/]: Mixing render.entity.MixinLivingEntityRenderer from sodium-extra.mixins.json into net.minecraft.client.renderer.entity.LivingEntityRenderer
[22Jun2025 13:15:25.808] [Render thread/DEBUG] [mixin/]: sodium-extra.mixins.json:render.entity.MixinLivingEntityRenderer from mod sodium_extra: Class version 65 required is higher than the class version supported by the current version of Mixin (JAVA_17 supports class version 61)
[22Jun2025 13:15:25.822] [Render thread/DEBUG] [mixin/]: sodium-extra.mixins.json:render.entity.MixinLivingEntityRenderer from mod sodium_extra->@Inject::onRender(Lnet/minecraft/client/renderer/entity/state/LivingEntityRenderState;Lcom/mojang/blaze3d/vertex/PoseStack;Lnet/minecraft/client/renderer/MultiBufferSource;ILorg/spongepowered/asm/mixin/injection/callback/CallbackInfo;)V does use it's CallbackInfo
[22Jun2025 13:15:25.823] [Render thread/DEBUG] [mixin/]: sodium-extra.mixins.json:render.entity.MixinLivingEntityRenderer from mod sodium_extra->@Inject::shouldShowName(Lnet/minecraft/world/entity/LivingEntity;DLorg/spongepowered/asm/mixin/injection/callback/CallbackInfoReturnable;)V does use it's CallbackInfoReturnable
[22Jun2025 13:15:25.945] [Render thread/DEBUG] [mixin/]: Mixing render.entity.MixinItemFrameEntityRenderer from sodium-extra.mixins.json into net.minecraft.client.renderer.entity.ItemFrameRenderer
[22Jun2025 13:15:25.945] [Render thread/DEBUG] [mixin/]: sodium-extra.mixins.json:render.entity.MixinItemFrameEntityRenderer from mod sodium_extra: Class version 65 required is higher than the class version supported by the current version of Mixin (JAVA_17 supports class version 61)
[22Jun2025 13:15:25.947] [Render thread/DEBUG] [mixin/]: sodium-extra.mixins.json:render.entity.MixinItemFrameEntityRenderer from mod sodium_extra->@Inject::render(Lnet/minecraft/client/renderer/entity/state/ItemFrameRenderState;Lcom/mojang/blaze3d/vertex/PoseStack;Lnet/minecraft/client/renderer/MultiBufferSource;ILorg/spongepowered/asm/mixin/injection/callback/CallbackInfo;)V does use it's CallbackInfo
[22Jun2025 13:15:25.947] [Render thread/DEBUG] [mixin/]: sodium-extra.mixins.json:render.entity.MixinItemFrameEntityRenderer from mod sodium_extra->@Inject::hasLabel(Lnet/minecraft/world/entity/decoration/ItemFrame;DLorg/spongepowered/asm/mixin/injection/callback/CallbackInfoReturnable;)V does use it's CallbackInfoReturnable
[22Jun2025 13:15:26.001] [Render thread/DEBUG] [mixin/]: Mixing render.entity.MixinPaintingEntityRenderer from sodium-extra.mixins.json into net.minecraft.client.renderer.entity.PaintingRenderer
[22Jun2025 13:15:26.001] [Render thread/DEBUG] [mixin/]: sodium-extra.mixins.json:render.entity.MixinPaintingEntityRenderer from mod sodium_extra: Class version 65 required is higher than the class version supported by the current version of Mixin (JAVA_17 supports class version 61)
[22Jun2025 13:15:26.002] [Render thread/DEBUG] [mixin/]: sodium-extra.mixins.json:render.entity.MixinPaintingEntityRenderer from mod sodium_extra->@Inject::render(Lnet/minecraft/client/renderer/entity/state/PaintingRenderState;Lcom/mojang/blaze3d/vertex/PoseStack;Lnet/minecraft/client/renderer/MultiBufferSource;ILorg/spongepowered/asm/mixin/injection/callback/CallbackInfo;)V does use it's CallbackInfo
[22Jun2025 13:15:26.072] [Render thread/DEBUG] [mixin/]: Mixing cloud.MixinDimensionEffectsOverworld from sodium-extra.mixins.json into net.minecraft.client.renderer.DimensionSpecialEffects$OverworldEffects
[22Jun2025 13:15:26.072] [Render thread/DEBUG] [mixin/]: sodium-extra.mixins.json:cloud.MixinDimensionEffectsOverworld from mod sodium_extra: Class version 65 required is higher than the class version supported by the current version of Mixin (JAVA_17 supports class version 61)
[22Jun2025 13:15:26.091] [Render thread/DEBUG] [mixin/]: Mixing features.render.entity.ModelPartMixin from sodium-common.mixins.json into net.minecraft.client.model.geom.ModelPart
[22Jun2025 13:15:26.091] [Render thread/DEBUG] [mixin/]: sodium-common.mixins.json:features.render.entity.ModelPartMixin from mod sodium: Class version 65 required is higher than the class version supported by the current version of Mixin (JAVA_17 supports class version 61)
[22Jun2025 13:15:26.143] [Render thread/DEBUG] [mixin/]: Mixing features.shader.uniform.ShaderInstanceMixin from sodium-common.mixins.json into net.minecraft.client.renderer.CompiledShaderProgram
[22Jun2025 13:15:26.143] [Render thread/DEBUG] [mixin/]: sodium-common.mixins.json:features.shader.uniform.ShaderInstanceMixin from mod sodium: Class version 65 required is higher than the class version supported by the current version of Mixin (JAVA_17 supports class version 61)
[22Jun2025 13:15:26.222] [Render thread/DEBUG] [mixin/]: Mixing features.gui.hooks.settings.OptionsScreenMixin from sodium-common.mixins.json into net.minecraft.client.gui.screens.options.OptionsScreen
[22Jun2025 13:15:26.222] [Render thread/DEBUG] [mixin/]: sodium-common.mixins.json:features.gui.hooks.settings.OptionsScreenMixin from mod sodium: Class version 65 required is higher than the class version supported by the current version of Mixin (JAVA_17 supports class version 61)
[22Jun2025 13:15:26.225] [Render thread/DEBUG] [mixin/]: sodium-common.mixins.json:features.gui.hooks.settings.OptionsScreenMixin from mod sodium->@Inject::open(Lorg/spongepowered/asm/mixin/injection/callback/CallbackInfoReturnable;)V does use it's CallbackInfoReturnable
[22Jun2025 13:15:26.267] [Render thread/INFO] [net.minecraft.server.packs.resources.ReloadableResourceManager/]: Reloading ResourceManager: vanilla, mod_resources, mod/sodium, mod/fabric_rendering_data_attachment_v1, mod/fabric_renderer_api_v1, mod/fabric_api_base, mod/reeses_sodium_options, mod/sodium_extra, mod/neoforge, mod/charken, mod/fabric_block_view_api_v2
[22Jun2025 13:15:26.322] [Render thread/DEBUG] [mixin/]: Mixing platform.neoforge.SimpleBakedModelAccessor from sodium-neoforge.mixins.json into net.minecraft.client.resources.model.SimpleBakedModel
[22Jun2025 13:15:26.324] [Render thread/DEBUG] [mixin/]: sodium-neoforge.mixins.json:platform.neoforge.SimpleBakedModelAccessor from mod sodium: Class version 65 required is higher than the class version supported by the current version of Mixin (JAVA_17 supports class version 61)
[22Jun2025 13:15:26.336] [Render thread/DEBUG] [mixin/]: Mixing features.textures.SpriteContentsInvoker from sodium-common.mixins.json into net.minecraft.client.renderer.texture.SpriteContents
[22Jun2025 13:15:26.338] [Render thread/DEBUG] [mixin/]: sodium-common.mixins.json:features.textures.SpriteContentsInvoker from mod sodium: Class version 65 required is higher than the class version supported by the current version of Mixin (JAVA_17 supports class version 61)
[22Jun2025 13:15:26.338] [Render thread/DEBUG] [mixin/]: Mixing features.textures.animations.tracking.SpriteContentsMixin from sodium-common.mixins.json into net.minecraft.client.renderer.texture.SpriteContents
[22Jun2025 13:15:26.338] [Render thread/DEBUG] [mixin/]: sodium-common.mixins.json:features.textures.animations.tracking.SpriteContentsMixin from mod sodium: Class version 65 required is higher than the class version supported by the current version of Mixin (JAVA_17 supports class version 61)
[22Jun2025 13:15:26.339] [Render thread/DEBUG] [mixin/]: Mixing features.textures.animations.upload.SpriteContentsAccessor from sodium-common.mixins.json into net.minecraft.client.renderer.texture.SpriteContents
[22Jun2025 13:15:26.340] [Render thread/DEBUG] [mixin/]: sodium-common.mixins.json:features.textures.animations.upload.SpriteContentsAccessor from mod sodium: Class version 65 required is higher than the class version supported by the current version of Mixin (JAVA_17 supports class version 61)
[22Jun2025 13:15:26.340] [Render thread/DEBUG] [mixin/]: Mixing features.textures.mipmaps.SpriteContentsMixin from sodium-common.mixins.json into net.minecraft.client.renderer.texture.SpriteContents
[22Jun2025 13:15:26.340] [Render thread/DEBUG] [mixin/]: sodium-common.mixins.json:features.textures.mipmaps.SpriteContentsMixin from mod sodium: Class version 65 required is higher than the class version supported by the current version of Mixin (JAVA_17 supports class version 61)
[22Jun2025 13:15:26.342] [Render thread/DEBUG] [mixin/]: Mixing features.textures.scan.SpriteContentsMixin from sodium-common.mixins.json into net.minecraft.client.renderer.texture.SpriteContents
[22Jun2025 13:15:26.342] [Render thread/DEBUG] [mixin/]: sodium-common.mixins.json:features.textures.scan.SpriteContentsMixin from mod sodium: Class version 65 required is higher than the class version supported by the current version of Mixin (JAVA_17 supports class version 61)
[22Jun2025 13:15:26.372] [Render thread/DEBUG] [mixin/]: Mixing features.textures.animations.tracking.AnimatedTextureAccessor from sodium-common.mixins.json into net.minecraft.client.renderer.texture.SpriteContents$AnimatedTexture
[22Jun2025 13:15:26.373] [Render thread/DEBUG] [mixin/]: sodium-common.mixins.json:features.textures.animations.tracking.AnimatedTextureAccessor from mod sodium: Class version 65 required is higher than the class version supported by the current version of Mixin (JAVA_17 supports class version 61)
[22Jun2025 13:15:26.373] [Render thread/DEBUG] [mixin/]: Mixing features.textures.animations.upload.SpriteContentsAnimatedTextureAccessor from sodium-common.mixins.json into net.minecraft.client.renderer.texture.SpriteContents$AnimatedTexture
[22Jun2025 13:15:26.373] [Render thread/DEBUG] [mixin/]: sodium-common.mixins.json:features.textures.animations.upload.SpriteContentsAnimatedTextureAccessor from mod sodium: Class version 65 required is higher than the class version supported by the current version of Mixin (JAVA_17 supports class version 61)
[22Jun2025 13:15:26.374] [Render thread/DEBUG] [mixin/]: Unexpected: Registered method getFrames()Ljava/util/List; in net.minecraft.client.renderer.texture.SpriteContents$AnimatedTexture was not merged
[22Jun2025 13:15:26.414] [resourceLoad/INFO] [net.minecraft.client.gui.font.providers.UnihexProvider/]: Found unifont_jp_patch-16.0.01.hex, loading
[22Jun2025 13:15:26.414] [resourceLoad/INFO] [net.minecraft.client.gui.font.providers.UnihexProvider/]: Found unifont_all_no_pua-16.0.01.hex, loading
[22Jun2025 13:15:26.516] [Render thread/DEBUG] [net.neoforged.fml.DeferredWorkQueue/LOADING]: Dispatching synchronous work for work queue Common setup: 1 jobs
[22Jun2025 13:15:26.519] [Render thread/DEBUG] [net.neoforged.fml.DeferredWorkQueue/LOADING]: Synchronous work queue completed in 1.185 ms
[22Jun2025 13:15:26.596] [resourceLoad/ERROR] [net.minecraft.Util/]: Invalid path in pack: charken:textures/block/Untitled Folder/egg_stone.png, ignoring
[22Jun2025 13:15:26.597] [resourceLoad/ERROR] [net.minecraft.Util/]: Invalid path in pack: charken:textures/block/Untitled Folder/egg_leaves.png, ignoring
[22Jun2025 13:15:26.597] [resourceLoad/ERROR] [net.minecraft.Util/]: Invalid path in pack: charken:textures/block/Untitled Folder/eggstone_brick.png, ignoring
[22Jun2025 13:15:26.597] [resourceLoad/ERROR] [net.minecraft.Util/]: Invalid path in pack: charken:textures/block/Untitled Folder/egg_grass_bottom.png, ignoring
[22Jun2025 13:15:26.598] [resourceLoad/ERROR] [net.minecraft.Util/]: Invalid path in pack: charken:textures/block/Untitled Folder/eggfarmland_v2.png, ignoring
[22Jun2025 13:15:26.598] [resourceLoad/ERROR] [net.minecraft.Util/]: Invalid path in pack: charken:textures/block/Untitled Folder/egg_log_side.png, ignoring
[22Jun2025 13:15:26.598] [resourceLoad/ERROR] [net.minecraft.Util/]: Invalid path in pack: charken:textures/block/Untitled Folder/brickegg.png, ignoring
[22Jun2025 13:15:26.599] [resourceLoad/ERROR] [net.minecraft.Util/]: Invalid path in pack: charken:textures/block/Untitled Folder/egg_grass_top.png, ignoring
[22Jun2025 13:15:26.600] [resourceLoad/ERROR] [net.minecraft.Util/]: Invalid path in pack: charken:textures/block/Untitled Folder/Untitled Folder.zip, ignoring
[22Jun2025 13:15:26.600] [resourceLoad/ERROR] [net.minecraft.Util/]: Invalid path in pack: charken:textures/block/Untitled Folder/c_s_b.png, ignoring
[22Jun2025 13:15:26.600] [resourceLoad/ERROR] [net.minecraft.Util/]: Invalid path in pack: charken:textures/block/Untitled Folder/egg_trapdoor.png, ignoring
[22Jun2025 13:15:26.600] [resourceLoad/ERROR] [net.minecraft.Util/]: Invalid path in pack: charken:textures/block/Untitled Folder/texturet.png, ignoring
[22Jun2025 13:15:26.600] [resourceLoad/ERROR] [net.minecraft.Util/]: Invalid path in pack: charken:textures/block/Untitled Folder/egg_planks.png, ignoring
[22Jun2025 13:15:26.600] [resourceLoad/ERROR] [net.minecraft.Util/]: Invalid path in pack: charken:textures/block/Untitled Folder/eggdirt.png, ignoring
[22Jun2025 13:15:26.600] [resourceLoad/ERROR] [net.minecraft.Util/]: Invalid path in pack: charken:textures/block/Untitled Folder/egg_grass_side.png, ignoring
[22Jun2025 13:15:26.601] [resourceLoad/ERROR] [net.minecraft.Util/]: Invalid path in pack: charken:textures/block/Untitled Folder/textureb.png, ignoring
[22Jun2025 13:15:26.601] [resourceLoad/ERROR] [net.minecraft.Util/]: Invalid path in pack: charken:textures/block/Untitled Folder/egg_log_top.png, ignoring
[22Jun2025 13:15:26.601] [resourceLoad/ERROR] [net.minecraft.Util/]: Invalid path in pack: charken:textures/block/Untitled Folder/eggfarmland.png, ignoring
[22Jun2025 13:15:26.604] [resourceLoad/DEBUG] [mixin/]: Mixing features.textures.mipmaps.MipmapGeneratorMixin from sodium-common.mixins.json into net.minecraft.client.renderer.texture.MipmapGenerator
[22Jun2025 13:15:26.604] [resourceLoad/DEBUG] [mixin/]: sodium-common.mixins.json:features.textures.mipmaps.MipmapGeneratorMixin from mod sodium: Class version 65 required is higher than the class version supported by the current version of Mixin (JAVA_17 supports class version 61)
[22Jun2025 13:15:26.689] [resourceLoad/DEBUG] [mixin/]: Mixing features.textures.animations.tracking.SpriteContentsFrameInfoAccessor from sodium-common.mixins.json into net.minecraft.client.renderer.texture.SpriteContents$FrameInfo
[22Jun2025 13:15:26.691] [resourceLoad/DEBUG] [mixin/]: sodium-common.mixins.json:features.textures.animations.tracking.SpriteContentsFrameInfoAccessor from mod sodium: Class version 65 required is higher than the class version supported by the current version of Mixin (JAVA_17 supports class version 61)
[22Jun2025 13:15:26.692] [resourceLoad/DEBUG] [mixin/]: Mixing features.textures.animations.upload.SpriteContentsFrameInfoAccessor from sodium-common.mixins.json into net.minecraft.client.renderer.texture.SpriteContents$FrameInfo
[22Jun2025 13:15:26.700] [resourceLoad/DEBUG] [mixin/]: sodium-common.mixins.json:features.textures.animations.upload.SpriteContentsFrameInfoAccessor from mod sodium: Class version 65 required is higher than the class version supported by the current version of Mixin (JAVA_17 supports class version 61)
[22Jun2025 13:15:26.701] [resourceLoad/DEBUG] [mixin/]: Unexpected: Registered method getTime()I in net.minecraft.client.renderer.texture.SpriteContents$FrameInfo was not merged
[22Jun2025 13:15:26.875] [resourceLoad/DEBUG] [mixin/]: Mixing features.render.entity.CubeMixin from sodium-common.mixins.json into net.minecraft.client.model.geom.ModelPart$Cube
[22Jun2025 13:15:26.875] [resourceLoad/DEBUG] [mixin/]: sodium-common.mixins.json:features.render.entity.CubeMixin from mod sodium: Class version 65 required is higher than the class version supported by the current version of Mixin (JAVA_17 supports class version 61)
[22Jun2025 13:15:26.881] [resourceLoad/DEBUG] [mixin/]: sodium-common.mixins.json:features.render.entity.CubeMixin from mod sodium->@Inject::onCompile(Lcom/mojang/blaze3d/vertex/PoseStack$Pose;Lcom/mojang/blaze3d/vertex/VertexConsumer;IIILorg/spongepowered/asm/mixin/injection/callback/CallbackInfo;)V does use it's CallbackInfo
[22Jun2025 13:15:26.895] [resourceLoad/DEBUG] [mixin/]: Mixing features.options.render_layers.ItemBlockRenderTypesMixin from sodium-common.mixins.json into net.minecraft.client.renderer.ItemBlockRenderTypes
[22Jun2025 13:15:26.896] [resourceLoad/DEBUG] [mixin/]: sodium-common.mixins.json:features.options.render_layers.ItemBlockRenderTypesMixin from mod sodium: Class version 65 required is higher than the class version supported by the current version of Mixin (JAVA_17 supports class version 61)
[22Jun2025 13:15:26.898] [resourceLoad/DEBUG] [mixin/]: Mixing features.render.model.ItemBlockRenderTypesMixin from sodium-common.mixins.json into net.minecraft.client.renderer.ItemBlockRenderTypes
[22Jun2025 13:15:26.899] [resourceLoad/DEBUG] [mixin/]: sodium-common.mixins.json:features.render.model.ItemBlockRenderTypesMixin from mod sodium: Class version 65 required is higher than the class version supported by the current version of Mixin (JAVA_17 supports class version 61)
[22Jun2025 13:15:26.905] [resourceLoad/DEBUG] [mixin/]: sodium-common.mixins.json:features.options.render_layers.ItemBlockRenderTypesMixin from mod sodium->@Inject::onSetFancyGraphicsOrBetter(ZLorg/spongepowered/asm/mixin/injection/callback/CallbackInfo;)V doesn't use it's CallbackInfo
[22Jun2025 13:15:26.934] [resourceLoad/DEBUG] [mixin/]: Mixing platform.neoforge.ChunkRenderTypeSetAccessor from sodium-neoforge.mixins.json into net.neoforged.neoforge.client.ChunkRenderTypeSet
[22Jun2025 13:15:26.934] [resourceLoad/DEBUG] [mixin/]: sodium-neoforge.mixins.json:platform.neoforge.ChunkRenderTypeSetAccessor from mod sodium: Class version 65 required is higher than the class version supported by the current version of Mixin (JAVA_17 supports class version 61)
[22Jun2025 13:15:26.935] [resourceLoad/DEBUG] [mixin/]: Renaming @Invoker method create(Ljava/util/BitSet;)Lnet/neoforged/neoforge/client/ChunkRenderTypeSet; to create$sodium_$md$98b051$0 in sodium-neoforge.mixins.json:platform.neoforge.ChunkRenderTypeSetAccessor from mod sodium
[22Jun2025 13:15:27.229] [resourceLoad/WARN] [net.minecraft.client.renderer.texture.SpriteLoader/]: Texture charken:block/eggfarmland with size 16x15 limits mip level from 2 to 0
[22Jun2025 13:15:27.811] [resourceLoad/DEBUG] [mixin/]: Mixing core.model.quad.BakedQuadMixin from sodium-neoforge.mixins.json into net.minecraft.client.renderer.block.model.BakedQuad
[22Jun2025 13:15:27.812] [resourceLoad/DEBUG] [mixin/]: sodium-neoforge.mixins.json:core.model.quad.BakedQuadMixin from mod sodium: Class version 65 required is higher than the class version supported by the current version of Mixin (JAVA_17 supports class version 61)
[22Jun2025 13:15:27.817] [resourceLoad/DEBUG] [mixin/]: sodium-neoforge.mixins.json:core.model.quad.BakedQuadMixin from mod sodium->@Inject::init([IILnet/minecraft/core/Direction;Lnet/minecraft/client/renderer/texture/TextureAtlasSprite;ZIZLorg/spongepowered/asm/mixin/injection/callback/CallbackInfo;)V doesn't use it's CallbackInfo
[22Jun2025 13:15:27.817] [resourceLoad/DEBUG] [mixin/]: sodium-neoforge.mixins.json:core.model.quad.BakedQuadMixin from mod sodium->@Inject::init([IILnet/minecraft/core/Direction;Lnet/minecraft/client/renderer/texture/TextureAtlasSprite;ZIZLorg/spongepowered/asm/mixin/injection/callback/CallbackInfo;)V has 0 override(s) in child classes
[22Jun2025 13:15:27.817] [resourceLoad/DEBUG] [mixin/]: sodium-neoforge.mixins.json:core.model.quad.BakedQuadMixin from mod sodium->@Inject::init([IILnet/minecraft/core/Direction;Lnet/minecraft/client/renderer/texture/TextureAtlasSprite;ZIZLorg/spongepowered/asm/mixin/injection/callback/CallbackInfo;)V won't be passed a CallbackInfo as a result
[22Jun2025 13:15:27.838] [resourceLoad/DEBUG] [mixin/]: Mixing features.model.MultiPartBakedModelMixin from sodium-neoforge.mixins.json into net.minecraft.client.resources.model.MultiPartBakedModel
[22Jun2025 13:15:27.839] [resourceLoad/DEBUG] [mixin/]: sodium-neoforge.mixins.json:features.model.MultiPartBakedModelMixin from mod sodium: Class version 65 required is higher than the class version supported by the current version of Mixin (JAVA_17 supports class version 61)
[22Jun2025 13:15:27.840] [resourceLoad/DEBUG] [mixin/]: Renaming synthetic method lambda$getRenderTypes$2(I)[Lnet/minecraft/client/resources/model/BakedModel; to md98b051$sodium$lambda$getRenderTypes$2$0 in sodium-neoforge.mixins.json:features.model.MultiPartBakedModelMixin from mod sodium
[22Jun2025 13:15:27.841] [resourceLoad/DEBUG] [mixin/]: Renaming synthetic method lambda$getQuads$1(I)[Lnet/minecraft/client/resources/model/BakedModel; to md98b051$sodium$lambda$getQuads$1$1 in sodium-neoforge.mixins.json:features.model.MultiPartBakedModelMixin from mod sodium
[22Jun2025 13:15:27.841] [resourceLoad/DEBUG] [mixin/]: Renaming synthetic method lambda$storeClassInfo$0(Lnet/minecraft/client/resources/model/MultiPartBakedModel$Selector;)Z to md98b051$sodium$lambda$storeClassInfo$0$2 in sodium-neoforge.mixins.json:features.model.MultiPartBakedModelMixin from mod sodium
[22Jun2025 13:15:27.855] [resourceLoad/DEBUG] [mixin/]: Mixing client.MultipartBakedModelMixin from fabric-renderer-api-v1.mixins.json into net.minecraft.client.resources.model.MultiPartBakedModel
[22Jun2025 13:15:27.857] [resourceLoad/DEBUG] [mixin/]: Renaming synthetic method lambda$emitBlockQuads$0(Lnet/minecraft/util/RandomSource;J)Lnet/minecraft/util/RandomSource; to md98b051$fabric_renderer_api_v1$lambda$emitBlockQuads$0$3 in fabric-renderer-api-v1.mixins.json:client.MultipartBakedModelMixin from mod fabric_renderer_api_v1
[22Jun2025 13:15:27.868] [resourceLoad/DEBUG] [mixin/]: sodium-neoforge.mixins.json:features.model.MultiPartBakedModelMixin from mod sodium->@Inject::storeClassInfo(Ljava/util/List;Lorg/spongepowered/asm/mixin/injection/callback/CallbackInfo;)V doesn't use it's CallbackInfo
[22Jun2025 13:15:27.868] [resourceLoad/DEBUG] [mixin/]: sodium-neoforge.mixins.json:features.model.MultiPartBakedModelMixin from mod sodium->@Inject::storeClassInfo(Ljava/util/List;Lorg/spongepowered/asm/mixin/injection/callback/CallbackInfo;)V has 0 override(s) in child classes
[22Jun2025 13:15:27.868] [resourceLoad/DEBUG] [mixin/]: sodium-neoforge.mixins.json:features.model.MultiPartBakedModelMixin from mod sodium->@Inject::storeClassInfo(Ljava/util/List;Lorg/spongepowered/asm/mixin/injection/callback/CallbackInfo;)V won't be passed a CallbackInfo as a result
[22Jun2025 13:15:27.868] [resourceLoad/DEBUG] [mixin/]: fabric-renderer-api-v1.mixins.json:client.MultipartBakedModelMixin from mod fabric_renderer_api_v1->@Inject::onInit(Ljava/util/List;Lorg/spongepowered/asm/mixin/injection/callback/CallbackInfo;)V doesn't use it's CallbackInfo
[22Jun2025 13:15:27.869] [resourceLoad/DEBUG] [mixin/]: fabric-renderer-api-v1.mixins.json:client.MultipartBakedModelMixin from mod fabric_renderer_api_v1->@Inject::onInit(Ljava/util/List;Lorg/spongepowered/asm/mixin/injection/callback/CallbackInfo;)V has 0 override(s) in child classes
[22Jun2025 13:15:27.869] [resourceLoad/DEBUG] [mixin/]: fabric-renderer-api-v1.mixins.json:client.MultipartBakedModelMixin from mod fabric_renderer_api_v1->@Inject::onInit(Ljava/util/List;Lorg/spongepowered/asm/mixin/injection/callback/CallbackInfo;)V won't be passed a CallbackInfo as a result
[22Jun2025 13:15:27.870] [resourceLoad/DEBUG] [mixin/]: Mixing client.WrapperBakedModelMixin from fabric-renderer-api-v1.mixins.json into net.minecraft.client.resources.model.DelegateBakedModel
[22Jun2025 13:15:27.871] [resourceLoad/DEBUG] [mixin/]: Mixing features.model.DelegateBakedModelMixin from sodium-neoforge.mixins.json into net.minecraft.client.resources.model.DelegateBakedModel
[22Jun2025 13:15:27.871] [resourceLoad/DEBUG] [mixin/]: sodium-neoforge.mixins.json:features.model.DelegateBakedModelMixin from mod sodium: Class version 65 required is higher than the class version supported by the current version of Mixin (JAVA_17 supports class version 61)
[22Jun2025 13:15:27.925] [resourceLoad/DEBUG] [mixin/]: Mixing features.model.WeightedBakedModelMixin from sodium-neoforge.mixins.json into net.minecraft.client.resources.model.WeightedBakedModel
[22Jun2025 13:15:27.926] [resourceLoad/DEBUG] [mixin/]: sodium-neoforge.mixins.json:features.model.WeightedBakedModelMixin from mod sodium: Class version 65 required is higher than the class version supported by the current version of Mixin (JAVA_17 supports class version 61)
[22Jun2025 13:15:27.928] [resourceLoad/DEBUG] [mixin/]: Mixing client.WeightedBakedModelMixin from fabric-renderer-api-v1.mixins.json into net.minecraft.client.resources.model.WeightedBakedModel
[22Jun2025 13:15:27.929] [resourceLoad/DEBUG] [mixin/]: Renaming synthetic method lambda$emitItemQuads$1(Ljava/util/function/Supplier;)Lnet/minecraft/util/RandomSource; to md98b051$fabric_renderer_api_v1$lambda$emitItemQuads$1$0 in fabric-renderer-api-v1.mixins.json:client.WeightedBakedModelMixin from mod fabric_renderer_api_v1
[22Jun2025 13:15:27.929] [resourceLoad/DEBUG] [mixin/]: Renaming synthetic method lambda$emitBlockQuads$0(Ljava/util/function/Supplier;)Lnet/minecraft/util/RandomSource; to md98b051$fabric_renderer_api_v1$lambda$emitBlockQuads$0$1 in fabric-renderer-api-v1.mixins.json:client.WeightedBakedModelMixin from mod fabric_renderer_api_v1
[22Jun2025 13:15:27.933] [resourceLoad/DEBUG] [mixin/]: fabric-renderer-api-v1.mixins.json:client.WeightedBakedModelMixin from mod fabric_renderer_api_v1->@Inject::onInit(Lnet/minecraft/util/random/SimpleWeightedRandomList;Lorg/spongepowered/asm/mixin/injection/callback/CallbackInfo;)V doesn't use it's CallbackInfo
[22Jun2025 13:15:27.933] [resourceLoad/DEBUG] [mixin/]: fabric-renderer-api-v1.mixins.json:client.WeightedBakedModelMixin from mod fabric_renderer_api_v1->@Inject::onInit(Lnet/minecraft/util/random/SimpleWeightedRandomList;Lorg/spongepowered/asm/mixin/injection/callback/CallbackInfo;)V has 0 override(s) in child classes
[22Jun2025 13:15:27.933] [resourceLoad/DEBUG] [mixin/]: fabric-renderer-api-v1.mixins.json:client.WeightedBakedModelMixin from mod fabric_renderer_api_v1->@Inject::onInit(Lnet/minecraft/util/random/SimpleWeightedRandomList;Lorg/spongepowered/asm/mixin/injection/callback/CallbackInfo;)V won't be passed a CallbackInfo as a result
[22Jun2025 13:15:28.599] [resourceLoad/WARN] [net.minecraft.client.resources.model.ModelManager/]: Missing textures in model charken:raw_chicken_leg#inventory:
    minecraft:textures/atlas/blocks.png:charken:block/
[22Jun2025 13:15:29.012] [Render thread/INFO] [com.mojang.blaze3d.audio.Library/]: OpenAL initialized on device Family 17h/19h HD Audio Controller Analog Stereo
[22Jun2025 13:15:29.013] [Render thread/INFO] [net.minecraft.client.sounds.SoundEngine/SOUNDS]: Sound engine started
[22Jun2025 13:15:29.201] [Render thread/INFO] [net.minecraft.client.renderer.texture.TextureAtlas/]: Created: 1024x1024x2 minecraft:textures/atlas/blocks.png-atlas
[22Jun2025 13:15:29.203] [Render thread/DEBUG] [mixin/]: Mixing features.textures.animations.tracking.SpriteContentsTickerMixin from sodium-common.mixins.json into net.minecraft.client.renderer.texture.SpriteContents$Ticker
[22Jun2025 13:15:29.203] [Render thread/DEBUG] [mixin/]: sodium-common.mixins.json:features.textures.animations.tracking.SpriteContentsTickerMixin from mod sodium: Class version 65 required is higher than the class version supported by the current version of Mixin (JAVA_17 supports class version 61)
[22Jun2025 13:15:29.204] [Render thread/DEBUG] [mixin/]: Mixing features.textures.animations.upload.SpriteContentsTickerAccessor from sodium-common.mixins.json into net.minecraft.client.renderer.texture.SpriteContents$Ticker
[22Jun2025 13:15:29.204] [Render thread/DEBUG] [mixin/]: sodium-common.mixins.json:features.textures.animations.upload.SpriteContentsTickerAccessor from mod sodium: Class version 65 required is higher than the class version supported by the current version of Mixin (JAVA_17 supports class version 61)
[22Jun2025 13:15:29.206] [Render thread/DEBUG] [mixin/]: sodium-common.mixins.json:features.textures.animations.tracking.SpriteContentsTickerMixin from mod sodium->@Inject::assignParent(Lnet/minecraft/client/renderer/texture/SpriteContents;Lnet/minecraft/client/renderer/texture/SpriteContents$AnimatedTexture;Lnet/minecraft/client/renderer/texture/SpriteContents$InterpolationData;Lorg/spongepowered/asm/mixin/injection/callback/CallbackInfo;)V doesn't use it's CallbackInfo
[22Jun2025 13:15:29.206] [Render thread/DEBUG] [mixin/]: sodium-common.mixins.json:features.textures.animations.tracking.SpriteContentsTickerMixin from mod sodium->@Inject::assignParent(Lnet/minecraft/client/renderer/texture/SpriteContents;Lnet/minecraft/client/renderer/texture/SpriteContents$AnimatedTexture;Lnet/minecraft/client/renderer/texture/SpriteContents$InterpolationData;Lorg/spongepowered/asm/mixin/injection/callback/CallbackInfo;)V has 0 override(s) in child classes
[22Jun2025 13:15:29.206] [Render thread/DEBUG] [mixin/]: sodium-common.mixins.json:features.textures.animations.tracking.SpriteContentsTickerMixin from mod sodium->@Inject::assignParent(Lnet/minecraft/client/renderer/texture/SpriteContents;Lnet/minecraft/client/renderer/texture/SpriteContents$AnimatedTexture;Lnet/minecraft/client/renderer/texture/SpriteContents$InterpolationData;Lorg/spongepowered/asm/mixin/injection/callback/CallbackInfo;)V won't be passed a CallbackInfo as a result
[22Jun2025 13:15:29.206] [Render thread/DEBUG] [mixin/]: sodium-common.mixins.json:features.textures.animations.tracking.SpriteContentsTickerMixin from mod sodium->@Inject::preTick(Lorg/spongepowered/asm/mixin/injection/callback/CallbackInfo;)V does use it's CallbackInfo
[22Jun2025 13:15:29.206] [Render thread/DEBUG] [mixin/]: sodium-common.mixins.json:features.textures.animations.tracking.SpriteContentsTickerMixin from mod sodium->@Inject::postTick(Lorg/spongepowered/asm/mixin/injection/callback/CallbackInfo;)V doesn't use it's CallbackInfo
[22Jun2025 13:15:29.206] [Render thread/DEBUG] [mixin/]: sodium-common.mixins.json:features.textures.animations.tracking.SpriteContentsTickerMixin from mod sodium->@Inject::postTick(Lorg/spongepowered/asm/mixin/injection/callback/CallbackInfo;)V has 0 override(s) in child classes
[22Jun2025 13:15:29.206] [Render thread/DEBUG] [mixin/]: sodium-common.mixins.json:features.textures.animations.tracking.SpriteContentsTickerMixin from mod sodium->@Inject::postTick(Lorg/spongepowered/asm/mixin/injection/callback/CallbackInfo;)V won't be passed a CallbackInfo as a result
[22Jun2025 13:15:29.207] [Render thread/DEBUG] [mixin/]: Mixing features.textures.animations.upload.SpriteContentsInterpolationMixin from sodium-common.mixins.json into net.minecraft.client.renderer.texture.SpriteContents$InterpolationData
[22Jun2025 13:15:29.208] [Render thread/DEBUG] [mixin/]: sodium-common.mixins.json:features.textures.animations.upload.SpriteContentsInterpolationMixin from mod sodium: Class version 65 required is higher than the class version supported by the current version of Mixin (JAVA_17 supports class version 61)
[22Jun2025 13:15:29.212] [Render thread/DEBUG] [mixin/]: sodium-common.mixins.json:features.textures.animations.upload.SpriteContentsInterpolationMixin from mod sodium->@Inject::assignParent(Lnet/minecraft/client/renderer/texture/SpriteContents;Lorg/spongepowered/asm/mixin/injection/callback/CallbackInfo;)V doesn't use it's CallbackInfo
[22Jun2025 13:15:29.218] [Render thread/INFO] [net.minecraft.client.renderer.texture.TextureAtlas/]: Created: 256x256x2 minecraft:textures/atlas/signs.png-atlas
[22Jun2025 13:15:29.219] [Render thread/INFO] [net.minecraft.client.renderer.texture.TextureAtlas/]: Created: 512x512x2 minecraft:textures/atlas/banner_patterns.png-atlas
[22Jun2025 13:15:29.219] [Render thread/INFO] [net.minecraft.client.renderer.texture.TextureAtlas/]: Created: 512x512x2 minecraft:textures/atlas/shield_patterns.png-atlas
[22Jun2025 13:15:29.220] [Render thread/INFO] [net.minecraft.client.renderer.texture.TextureAtlas/]: Created: 2048x1024x2 minecraft:textures/atlas/armor_trims.png-atlas
[22Jun2025 13:15:29.225] [Render thread/INFO] [net.minecraft.client.renderer.texture.TextureAtlas/]: Created: 128x64x2 minecraft:textures/atlas/decorated_pot.png-atlas
[22Jun2025 13:15:29.226] [Render thread/INFO] [net.minecraft.client.renderer.texture.TextureAtlas/]: Created: 256x256x2 minecraft:textures/atlas/chest.png-atlas
[22Jun2025 13:15:29.226] [Render thread/INFO] [net.minecraft.client.renderer.texture.TextureAtlas/]: Created: 512x256x2 minecraft:textures/atlas/shulker_boxes.png-atlas
[22Jun2025 13:15:29.227] [Render thread/INFO] [net.minecraft.client.renderer.texture.TextureAtlas/]: Created: 512x256x2 minecraft:textures/atlas/beds.png-atlas
[22Jun2025 13:15:29.232] [Render thread/INFO] [net.minecraft.client.renderer.texture.TextureAtlas/]: Created: 64x64x0 minecraft:textures/atlas/map_decorations.png-atlas
[22Jun2025 13:15:29.341] [Render thread/DEBUG] [mixin/]: Mixing render.block.entity.MixinPistonBlockEntityRenderer from sodium-extra.mixins.json into net.minecraft.client.renderer.blockentity.PistonHeadRenderer
[22Jun2025 13:15:29.341] [Render thread/DEBUG] [mixin/]: sodium-extra.mixins.json:render.block.entity.MixinPistonBlockEntityRenderer from mod sodium_extra: Class version 65 required is higher than the class version supported by the current version of Mixin (JAVA_17 supports class version 61)
[22Jun2025 13:15:29.343] [Render thread/DEBUG] [mixin/]: sodium-extra.mixins.json:render.block.entity.MixinPistonBlockEntityRenderer from mod sodium_extra->@Inject::render(Lnet/minecraft/world/level/block/piston/PistonMovingBlockEntity;FLcom/mojang/blaze3d/vertex/PoseStack;Lnet/minecraft/client/renderer/MultiBufferSource;IILorg/spongepowered/asm/mixin/injection/callback/CallbackInfo;)V does use it's CallbackInfo
[22Jun2025 13:15:29.345] [Render thread/DEBUG] [mixin/]: Mixing render.block.entity.MixinEnchantingTableBlockEntityRenderer from sodium-extra.mixins.json into net.minecraft.client.renderer.blockentity.EnchantTableRenderer
[22Jun2025 13:15:29.345] [Render thread/DEBUG] [mixin/]: sodium-extra.mixins.json:render.block.entity.MixinEnchantingTableBlockEntityRenderer from mod sodium_extra: Class version 65 required is higher than the class version supported by the current version of Mixin (JAVA_17 supports class version 61)
[22Jun2025 13:15:29.346] [Render thread/DEBUG] [mixin/]: sodium-extra.mixins.json:render.block.entity.MixinEnchantingTableBlockEntityRenderer from mod sodium_extra->@Inject::render(Lnet/minecraft/world/level/block/entity/EnchantingTableBlockEntity;FLcom/mojang/blaze3d/vertex/PoseStack;Lnet/minecraft/client/renderer/MultiBufferSource;IILorg/spongepowered/asm/mixin/injection/callback/CallbackInfo;)V does use it's CallbackInfo
[22Jun2025 13:15:29.349] [Render thread/DEBUG] [mixin/]: Mixing render.block.entity.MixinBeaconRenderer from sodium-extra.mixins.json into net.minecraft.client.renderer.blockentity.BeaconRenderer
[22Jun2025 13:15:29.349] [Render thread/DEBUG] [mixin/]: sodium-extra.mixins.json:render.block.entity.MixinBeaconRenderer from mod sodium_extra: Class version 65 required is higher than the class version supported by the current version of Mixin (JAVA_17 supports class version 61)
[22Jun2025 13:15:29.351] [Render thread/DEBUG] [mixin/]: Mixing optimizations.beacon_beam_rendering.MixinBeaconRenderer from sodium-extra.mixins.json into net.minecraft.client.renderer.blockentity.BeaconRenderer
[22Jun2025 13:15:29.351] [Render thread/DEBUG] [mixin/]: sodium-extra.mixins.json:optimizations.beacon_beam_rendering.MixinBeaconRenderer from mod sodium_extra: Class version 65 required is higher than the class version supported by the current version of Mixin (JAVA_17 supports class version 61)
[22Jun2025 13:15:29.372] [Render thread/DEBUG] [mixin/]: sodium-extra.mixins.json:render.block.entity.MixinBeaconRenderer from mod sodium_extra->@Inject::render(Lnet/minecraft/world/level/block/entity/BeaconBlockEntity;FLcom/mojang/blaze3d/vertex/PoseStack;Lnet/minecraft/client/renderer/MultiBufferSource;IILorg/spongepowered/asm/mixin/injection/callback/CallbackInfo;)V does use it's CallbackInfo
[22Jun2025 13:15:29.372] [Render thread/DEBUG] [mixin/]: sodium-extra.mixins.json:optimizations.beacon_beam_rendering.MixinBeaconRenderer from mod sodium_extra->@Inject::optimizeRenderBeam(Lcom/mojang/blaze3d/vertex/PoseStack;Lnet/minecraft/client/renderer/MultiBufferSource;Lnet/minecraft/resources/ResourceLocation;FFJIIIFFLorg/spongepowered/asm/mixin/injection/callback/CallbackInfo;)V does use it's CallbackInfo
[22Jun2025 13:15:29.373] [Render thread/DEBUG] [mixin/]: sodium-extra.mixins.json:optimizations.beacon_beam_rendering.MixinBeaconRenderer from mod sodium_extra->@Inject::render(Lnet/minecraft/world/level/block/entity/BeaconBlockEntity;FLcom/mojang/blaze3d/vertex/PoseStack;Lnet/minecraft/client/renderer/MultiBufferSource;IILorg/spongepowered/asm/mixin/injection/callback/CallbackInfo;)V does use it's CallbackInfo
[22Jun2025 13:15:29.400] [Render thread/INFO] [net.minecraft.client.renderer.texture.TextureAtlas/]: Created: 512x256x0 minecraft:textures/atlas/particles.png-atlas
[22Jun2025 13:15:29.401] [Render thread/INFO] [net.minecraft.client.renderer.texture.TextureAtlas/]: Created: 512x256x0 minecraft:textures/atlas/paintings.png-atlas
[22Jun2025 13:15:29.402] [Render thread/INFO] [net.minecraft.client.renderer.texture.TextureAtlas/]: Created: 256x128x0 minecraft:textures/atlas/mob_effects.png-atlas
[22Jun2025 13:15:29.402] [Render thread/INFO] [net.minecraft.client.renderer.texture.TextureAtlas/]: Created: 1024x512x0 minecraft:textures/atlas/gui.png-atlas
[22Jun2025 13:15:29.407] [Render thread/INFO] [net.neoforged.neoforge.client.entity.animation.json.AnimationLoader/]: Loaded 0 entity animations
[22Jun2025 13:15:39.638] [Render thread/INFO] [net.minecraft.world.item.crafting.RecipeManager/]: Loaded 1399 recipes
[22Jun2025 13:15:39.674] [Render thread/INFO] [net.minecraft.advancements.AdvancementTree/]: Loaded 1486 advancements
[22Jun2025 13:15:39.677] [Render thread/INFO] [net.neoforged.neoforge.common.crafting.RecipePriorityManager/]: Loaded 0 recipe priority overrides
[22Jun2025 13:15:41.874] [Render thread/DEBUG] [net.neoforged.neoforge.common.CommonHooks/WP]: Gathered mod list to write to world save New World
[22Jun2025 13:15:41.990] [Server thread/INFO] [net.minecraft.client.server.IntegratedServer/]: Starting integrated minecraft server version 1.21.4
[22Jun2025 13:15:41.991] [Server thread/INFO] [net.minecraft.server.MinecraftServer/]: Generating keypair
[22Jun2025 13:15:42.116] [Server thread/DEBUG] [net.neoforged.fml.config.ConfigTracker/CONFIG]: Loading configs type SERVER
[22Jun2025 13:15:42.121] [Server thread/DEBUG] [net.neoforged.neoforge.common.NeoForgeConfig/FORGEMOD]: Loaded NeoForge config file neoforge-server.toml
[22Jun2025 13:15:42.121] [Server thread/DEBUG] [net.neoforged.fml.config.ConfigTracker/CONFIG]: Loaded TOML config file /home/jacob/MCreatorWorkspaces/Charken/run/config/neoforge-server.toml
[22Jun2025 13:15:42.122] [Server thread/DEBUG] [net.neoforged.fml.config.ConfigTracker/CONFIG]: Watching TOML config file /home/jacob/MCreatorWorkspaces/Charken/run/config/neoforge-server.toml for changes
[22Jun2025 13:15:42.554] [Server thread/DEBUG] [mixin/]: Mixing core.world.chunk.SimpleBitStorageMixin from sodium-common.mixins.json into net.minecraft.util.SimpleBitStorage
[22Jun2025 13:15:42.555] [Server thread/DEBUG] [mixin/]: sodium-common.mixins.json:core.world.chunk.SimpleBitStorageMixin from mod sodium: Class version 65 required is higher than the class version supported by the current version of Mixin (JAVA_17 supports class version 61)
[22Jun2025 13:15:43.534] [Server thread/DEBUG] [mixin/]: Mixing core.world.chunk.PalettedContainerMixin from sodium-common.mixins.json into net.minecraft.world.level.chunk.PalettedContainer
[22Jun2025 13:15:43.535] [Server thread/DEBUG] [mixin/]: sodium-common.mixins.json:core.world.chunk.PalettedContainerMixin from mod sodium: Class version 65 required is higher than the class version supported by the current version of Mixin (JAVA_17 supports class version 61)
[22Jun2025 13:15:43.554] [Server thread/DEBUG] [mixin/]: Mixing core.world.chunk.ZeroBitStorageMixin from sodium-common.mixins.json into net.minecraft.util.ZeroBitStorage
[22Jun2025 13:15:43.554] [Server thread/DEBUG] [mixin/]: sodium-common.mixins.json:core.world.chunk.ZeroBitStorageMixin from mod sodium: Class version 65 required is higher than the class version supported by the current version of Mixin (JAVA_17 supports class version 61)
[22Jun2025 13:15:46.297] [Server thread/INFO] [net.minecraft.server.MinecraftServer/]: Preparing start region for dimension minecraft:overworld
[22Jun2025 13:15:46.337] [progressListener/INFO] [net.minecraft.server.level.progress.LoggerChunkProgressListener/]: Preparing spawn area: 2%
[22Jun2025 13:15:46.922] [progressListener/INFO] [net.minecraft.server.level.progress.LoggerChunkProgressListener/]: Preparing spawn area: 2%
[22Jun2025 13:15:47.362] [progressListener/INFO] [net.minecraft.server.level.progress.LoggerChunkProgressListener/]: Preparing spawn area: 2%
[22Jun2025 13:15:47.811] [progressListener/INFO] [net.minecraft.server.level.progress.LoggerChunkProgressListener/]: Preparing spawn area: 2%
[22Jun2025 13:15:48.309] [progressListener/INFO] [net.minecraft.server.level.progress.LoggerChunkProgressListener/]: Preparing spawn area: 2%
[22Jun2025 13:15:48.825] [progressListener/INFO] [net.minecraft.server.level.progress.LoggerChunkProgressListener/]: Preparing spawn area: 18%
[22Jun2025 13:15:49.311] [progressListener/INFO] [net.minecraft.server.level.progress.LoggerChunkProgressListener/]: Preparing spawn area: 18%
[22Jun2025 13:15:49.506] [worldgen/WARN] [net.minecraft.world.entity.ai.attributes.AttributeMap/]: Ignoring unknown attribute 'minecraft:generic.oxygen_bonus'
[22Jun2025 13:15:49.506] [worldgen/WARN] [net.minecraft.world.entity.ai.attributes.AttributeMap/]: Ignoring unknown attribute 'minecraft:generic.follow_range'
[22Jun2025 13:15:49.506] [worldgen/WARN] [net.minecraft.world.entity.ai.attributes.AttributeMap/]: Ignoring unknown attribute 'minecraft:generic.movement_speed'
[22Jun2025 13:15:49.898] [progressListener/INFO] [net.minecraft.server.level.progress.LoggerChunkProgressListener/]: Preparing spawn area: 30%
[22Jun2025 13:15:50.309] [progressListener/INFO] [net.minecraft.server.level.progress.LoggerChunkProgressListener/]: Preparing spawn area: 51%
[22Jun2025 13:15:50.815] [progressListener/INFO] [net.minecraft.server.level.progress.LoggerChunkProgressListener/]: Preparing spawn area: 51%
[22Jun2025 13:15:51.314] [progressListener/INFO] [net.minecraft.server.level.progress.LoggerChunkProgressListener/]: Preparing spawn area: 53%
[22Jun2025 13:15:51.376] [Server thread/INFO] [net.neoforged.neoforge.server.permission.PermissionAPI/]: Successfully initialized permission handler neoforge:default_handler
[22Jun2025 13:15:51.378] [Server thread/WARN] [net.neoforged.neoforge.common.TagConventionLogWarning/]: 
   Dev warning - Legacy Tags detected. Please migrate your 'forge' namespace tags to the 'c' namespace! See net.neoforged.neoforge.common.Tags.java for all tags.
   NOTE: Many tags have been moved around or renamed. Some new ones were added so please review the new tags.
    And make sure you follow tag conventions for new tags! The convention is `c` with nouns generally being plural and adjectives being singular.
   You can disable this message in NeoForge's common config by setting `logLegacyTagWarnings` to "SILENCED" or see individual tags with "DEV_VERBOSE".

[22Jun2025 13:15:51.387] [progressListener/INFO] [net.minecraft.server.level.progress.LoggerChunkProgressListener/]: Time elapsed: 5085 ms
[22Jun2025 13:15:51.413] [Server thread/INFO] [net.minecraft.client.server.IntegratedServer/]: Changing view distance to 5, from 10
[22Jun2025 13:15:51.414] [Server thread/INFO] [net.minecraft.client.server.IntegratedServer/]: Changing simulation distance to 12, from 0
[22Jun2025 13:15:51.450] [Render thread/DEBUG] [io.netty.channel.MultithreadEventLoopGroup/]: -Dio.netty.eventLoopThreads: 24
[22Jun2025 13:15:51.484] [Render thread/DEBUG] [io.netty.util.concurrent.GlobalEventExecutor/]: -Dio.netty.globalEventExecutor.quietPeriodSeconds: 1
[22Jun2025 13:15:51.519] [Render thread/DEBUG] [io.netty.channel.nio.NioEventLoop/]: -Dio.netty.noKeySetOptimization: false
[22Jun2025 13:15:51.519] [Render thread/DEBUG] [io.netty.channel.nio.NioEventLoop/]: -Dio.netty.selectorAutoRebuildThreshold: 512
[22Jun2025 13:15:51.527] [Render thread/DEBUG] [io.netty.util.internal.PlatformDependent/]: org.jctools-core.MpscChunkedArrayQueue: available
[22Jun2025 13:15:51.592] [Render thread/DEBUG] [io.netty.channel.DefaultChannelId/]: -Dio.netty.processId: 36161 (auto-detected)
[22Jun2025 13:15:51.594] [Render thread/DEBUG] [io.netty.util.NetUtil/]: -Djava.net.preferIPv4Stack: false
[22Jun2025 13:15:51.594] [Render thread/DEBUG] [io.netty.util.NetUtil/]: -Djava.net.preferIPv6Addresses: system
[22Jun2025 13:15:51.597] [Render thread/DEBUG] [io.netty.util.NetUtilInitializations/]: Loopback interface: lo (lo, 0:0:0:0:0:0:0:1%lo)
[22Jun2025 13:15:51.598] [Render thread/DEBUG] [io.netty.util.NetUtil/]: /proc/sys/net/core/somaxconn: 4096
[22Jun2025 13:15:51.598] [Render thread/DEBUG] [io.netty.channel.DefaultChannelId/]: -Dio.netty.machineId: d4:e9:8a:ff:fe:9c:a8:1f (auto-detected)
[22Jun2025 13:15:51.641] [Render thread/DEBUG] [io.netty.bootstrap.ChannelInitializerExtensions/]: -Dio.netty.bootstrap.extensions: null
[22Jun2025 13:15:51.719] [Render thread/DEBUG] [io.netty.util.Recycler/]: -Dio.netty.recycler.maxCapacityPerThread: 4096
[22Jun2025 13:15:51.719] [Render thread/DEBUG] [io.netty.util.Recycler/]: -Dio.netty.recycler.ratio: 8
[22Jun2025 13:15:51.719] [Render thread/DEBUG] [io.netty.util.Recycler/]: -Dio.netty.recycler.chunkSize: 32
[22Jun2025 13:15:51.719] [Render thread/DEBUG] [io.netty.util.Recycler/]: -Dio.netty.recycler.blocking: false
[22Jun2025 13:15:51.719] [Render thread/DEBUG] [io.netty.util.Recycler/]: -Dio.netty.recycler.batchFastThreadLocalOnly: true
[22Jun2025 13:15:51.927] [Netty Server IO #1/DEBUG] [net.neoforged.neoforge.network.filters.NetworkFilters/]: Injected net.neoforged.neoforge.network.filters.GenericPacketSplitter@136fea91 into net.minecraft.network.Connection@52c97cb6
[22Jun2025 13:15:51.931] [Netty Local Client IO #0/DEBUG] [net.neoforged.neoforge.network.filters.NetworkFilters/]: Injected net.neoforged.neoforge.network.filters.GenericPacketSplitter@3b3f4a1b into net.minecraft.network.Connection@1e68ba5
[22Jun2025 13:15:52.505] [Render thread/DEBUG] [mixin/]: Mixing core.world.map.ClientPacketListenerMixin from sodium-common.mixins.json into net.minecraft.client.multiplayer.ClientPacketListener
[22Jun2025 13:15:52.508] [Render thread/DEBUG] [mixin/]: sodium-common.mixins.json:core.world.map.ClientPacketListenerMixin from mod sodium: Class version 65 required is higher than the class version supported by the current version of Mixin (JAVA_17 supports class version 61)
[22Jun2025 13:15:52.513] [Render thread/DEBUG] [mixin/]: sodium-common.mixins.json:core.world.map.ClientPacketListenerMixin from mod sodium->@Inject::onLightDataReceived(IILnet/minecraft/network/protocol/game/ClientboundLightUpdatePacketData;ZLorg/spongepowered/asm/mixin/injection/callback/CallbackInfo;)V doesn't use it's CallbackInfo
[22Jun2025 13:15:52.513] [Render thread/DEBUG] [mixin/]: sodium-common.mixins.json:core.world.map.ClientPacketListenerMixin from mod sodium->@Inject::onLightDataReceived(IILnet/minecraft/network/protocol/game/ClientboundLightUpdatePacketData;ZLorg/spongepowered/asm/mixin/injection/callback/CallbackInfo;)V has 0 override(s) in child classes
[22Jun2025 13:15:52.513] [Render thread/DEBUG] [mixin/]: sodium-common.mixins.json:core.world.map.ClientPacketListenerMixin from mod sodium->@Inject::onLightDataReceived(IILnet/minecraft/network/protocol/game/ClientboundLightUpdatePacketData;ZLorg/spongepowered/asm/mixin/injection/callback/CallbackInfo;)V won't be passed a CallbackInfo as a result
[22Jun2025 13:15:52.514] [Render thread/DEBUG] [mixin/]: sodium-common.mixins.json:core.world.map.ClientPacketListenerMixin from mod sodium->@Inject::onChunkUnloadPacket(Lnet/minecraft/network/protocol/game/ClientboundForgetLevelChunkPacket;Lorg/spongepowered/asm/mixin/injection/callback/CallbackInfo;)V doesn't use it's CallbackInfo
[22Jun2025 13:15:52.514] [Render thread/DEBUG] [mixin/]: sodium-common.mixins.json:core.world.map.ClientPacketListenerMixin from mod sodium->@Inject::onChunkUnloadPacket(Lnet/minecraft/network/protocol/game/ClientboundForgetLevelChunkPacket;Lorg/spongepowered/asm/mixin/injection/callback/CallbackInfo;)V has 0 override(s) in child classes
[22Jun2025 13:15:52.514] [Render thread/DEBUG] [mixin/]: sodium-common.mixins.json:core.world.map.ClientPacketListenerMixin from mod sodium->@Inject::onChunkUnloadPacket(Lnet/minecraft/network/protocol/game/ClientboundForgetLevelChunkPacket;Lorg/spongepowered/asm/mixin/injection/callback/CallbackInfo;)V won't be passed a CallbackInfo as a result
[22Jun2025 13:15:52.578] [Netty Server IO #1/DEBUG] [net.neoforged.neoforge.network.filters.NetworkFilters/]: Injected net.neoforged.neoforge.network.filters.GenericPacketSplitter@75f906d4 into net.minecraft.network.Connection@52c97cb6
[22Jun2025 13:15:52.654] [Server thread/INFO] [net.minecraft.server.players.PlayerList/]: Dev[local:E:b3d6c9be] logged in with entity id 30 at (-61.5, 72.0, 6.5)
[22Jun2025 13:15:52.666] [Server thread/DEBUG] [net.neoforged.neoforge.common.CommonHooks/]: Sending 0 recipes of the following types: []
[22Jun2025 13:15:52.686] [Render thread/DEBUG] [mixin/]: Mixing core.world.map.ClientChunkCacheMixin from sodium-common.mixins.json into net.minecraft.client.multiplayer.ClientChunkCache
[22Jun2025 13:15:52.687] [Render thread/DEBUG] [mixin/]: sodium-common.mixins.json:core.world.map.ClientChunkCacheMixin from mod sodium: Class version 65 required is higher than the class version supported by the current version of Mixin (JAVA_17 supports class version 61)
[22Jun2025 13:15:52.698] [Render thread/DEBUG] [mixin/]: sodium-common.mixins.json:core.world.map.ClientChunkCacheMixin from mod sodium->@Inject::onChunkUnloaded(Lnet/minecraft/world/level/ChunkPos;Lorg/spongepowered/asm/mixin/injection/callback/CallbackInfo;)V doesn't use it's CallbackInfo
[22Jun2025 13:15:52.699] [Render thread/DEBUG] [mixin/]: sodium-common.mixins.json:core.world.map.ClientChunkCacheMixin from mod sodium->@Inject::onChunkUnloaded(Lnet/minecraft/world/level/ChunkPos;Lorg/spongepowered/asm/mixin/injection/callback/CallbackInfo;)V has 0 override(s) in child classes
[22Jun2025 13:15:52.700] [Render thread/DEBUG] [mixin/]: sodium-common.mixins.json:core.world.map.ClientChunkCacheMixin from mod sodium->@Inject::onChunkUnloaded(Lnet/minecraft/world/level/ChunkPos;Lorg/spongepowered/asm/mixin/injection/callback/CallbackInfo;)V won't be passed a CallbackInfo as a result
[22Jun2025 13:15:52.701] [Render thread/DEBUG] [mixin/]: sodium-common.mixins.json:core.world.map.ClientChunkCacheMixin from mod sodium->@Inject::onChunkLoaded(IILnet/minecraft/network/FriendlyByteBuf;Lnet/minecraft/nbt/CompoundTag;Ljava/util/function/Consumer;Lorg/spongepowered/asm/mixin/injection/callback/CallbackInfoReturnable;)V doesn't use it's CallbackInfoReturnable
[22Jun2025 13:15:52.702] [Render thread/DEBUG] [mixin/]: sodium-common.mixins.json:core.world.map.ClientChunkCacheMixin from mod sodium->@Inject::onChunkLoaded(IILnet/minecraft/network/FriendlyByteBuf;Lnet/minecraft/nbt/CompoundTag;Ljava/util/function/Consumer;Lorg/spongepowered/asm/mixin/injection/callback/CallbackInfoReturnable;)V has 0 override(s) in child classes
[22Jun2025 13:15:52.703] [Render thread/DEBUG] [mixin/]: sodium-common.mixins.json:core.world.map.ClientChunkCacheMixin from mod sodium->@Inject::onChunkLoaded(IILnet/minecraft/network/FriendlyByteBuf;Lnet/minecraft/nbt/CompoundTag;Ljava/util/function/Consumer;Lorg/spongepowered/asm/mixin/injection/callback/CallbackInfoReturnable;)V won't be passed a CallbackInfoReturnable as a result
[22Jun2025 13:15:52.713] [Render thread/DEBUG] [mixin/]: Mixing particle.MixinFireworkParticle from sodium-extra.mixins.json into net.minecraft.client.particle.FireworkParticles$Starter
[22Jun2025 13:15:52.714] [Render thread/DEBUG] [mixin/]: sodium-extra.mixins.json:particle.MixinFireworkParticle from mod sodium_extra: Class version 65 required is higher than the class version supported by the current version of Mixin (JAVA_17 supports class version 61)
[22Jun2025 13:15:52.716] [Render thread/DEBUG] [mixin/]: sodium-extra.mixins.json:particle.MixinFireworkParticle from mod sodium_extra->@Inject::addExplosionParticle(DDDDDDLit/unimi/dsi/fastutil/ints/IntList;Lit/unimi/dsi/fastutil/ints/IntList;ZZLorg/spongepowered/asm/mixin/injection/callback/CallbackInfo;)V does use it's CallbackInfo
[22Jun2025 13:15:52.721] [Render thread/DEBUG] [mixin/]: Mixing biome_colors.MixinBiomeColors from sodium-extra.mixins.json into net.minecraft.client.renderer.BiomeColors
[22Jun2025 13:15:52.722] [Render thread/DEBUG] [mixin/]: sodium-extra.mixins.json:biome_colors.MixinBiomeColors from mod sodium_extra: Class version 65 required is higher than the class version supported by the current version of Mixin (JAVA_17 supports class version 61)
[22Jun2025 13:15:52.723] [Render thread/DEBUG] [mixin/]: sodium-extra.mixins.json:biome_colors.MixinBiomeColors from mod sodium_extra->@Inject::grassColor(Lorg/spongepowered/asm/mixin/injection/callback/CallbackInfoReturnable;)V does use it's CallbackInfoReturnable
[22Jun2025 13:15:52.724] [Render thread/DEBUG] [mixin/]: sodium-extra.mixins.json:biome_colors.MixinBiomeColors from mod sodium_extra->@Inject::waterColor(Lorg/spongepowered/asm/mixin/injection/callback/CallbackInfoReturnable;)V does use it's CallbackInfoReturnable
[22Jun2025 13:15:52.724] [Render thread/DEBUG] [mixin/]: sodium-extra.mixins.json:biome_colors.MixinBiomeColors from mod sodium_extra->@Inject::foliageColor(Lorg/spongepowered/asm/mixin/injection/callback/CallbackInfoReturnable;)V does use it's CallbackInfoReturnable
[22Jun2025 13:15:52.733] [Server thread/INFO] [net.minecraft.server.MinecraftServer/]: Dev joined the game
[22Jun2025 13:15:52.845] [Render thread/DEBUG] [mixin/]: Mixing platform.neoforge.LevelSliceMixin from sodium-neoforge.mixins.json into net.caffeinemc.mods.sodium.client.world.LevelSlice
[22Jun2025 13:15:52.845] [Render thread/DEBUG] [mixin/]: sodium-neoforge.mixins.json:platform.neoforge.LevelSliceMixin from mod sodium: Class version 65 required is higher than the class version supported by the current version of Mixin (JAVA_17 supports class version 61)
[22Jun2025 13:15:52.882] [Render thread/DEBUG] [Sodium/]: Loaded net.caffeinemc.mods.sodium.neoforge.render.FluidRendererImpl$ForgeFactory@53a86a22 for service interface net.caffeinemc.mods.sodium.client.services.FluidRendererFactory
[22Jun2025 13:15:52.889] [Render thread/DEBUG] [mixin/]: Mixing platform.neoforge.AbstractBlockRenderContextMixin from sodium-neoforge.mixins.json into net.caffeinemc.mods.sodium.client.render.frapi.render.AbstractBlockRenderContext$BlockEmitter
[22Jun2025 13:15:52.891] [Render thread/DEBUG] [mixin/]: sodium-neoforge.mixins.json:platform.neoforge.AbstractBlockRenderContextMixin from mod sodium: Class version 65 required is higher than the class version supported by the current version of Mixin (JAVA_17 supports class version 61)
[22Jun2025 13:15:52.897] [Render thread/DEBUG] [mixin/]: sodium-neoforge.mixins.json:platform.neoforge.AbstractBlockRenderContextMixin from mod sodium->@Inject::assignParent(Lnet/caffeinemc/mods/sodium/client/render/frapi/render/AbstractBlockRenderContext;Lorg/spongepowered/asm/mixin/injection/callback/CallbackInfo;)V doesn't use it's CallbackInfo
[22Jun2025 13:15:52.899] [Render thread/DEBUG] [mixin/]: sodium-neoforge.mixins.json:platform.neoforge.AbstractBlockRenderContextMixin from mod sodium->@Inject::assignParent(Lnet/caffeinemc/mods/sodium/client/render/frapi/render/AbstractBlockRenderContext;Lorg/spongepowered/asm/mixin/injection/callback/CallbackInfo;)V has 0 override(s) in child classes
[22Jun2025 13:15:52.899] [Render thread/DEBUG] [mixin/]: sodium-neoforge.mixins.json:platform.neoforge.AbstractBlockRenderContextMixin from mod sodium->@Inject::assignParent(Lnet/caffeinemc/mods/sodium/client/render/frapi/render/AbstractBlockRenderContext;Lorg/spongepowered/asm/mixin/injection/callback/CallbackInfo;)V won't be passed a CallbackInfo as a result
[22Jun2025 13:15:52.962] [Render thread/INFO] [ChunkBuilder/]: Started 6 worker threads
[22Jun2025 13:15:53.085] [Render thread/DEBUG] [mixin/]: Mixing sodium.fog.MixinOcclusionCuller from sodium-extra.mixins.json into net.caffeinemc.mods.sodium.client.render.chunk.occlusion.OcclusionCuller
[22Jun2025 13:15:53.086] [Render thread/DEBUG] [mixin/]: sodium-extra.mixins.json:sodium.fog.MixinOcclusionCuller from mod sodium_extra: Class version 65 required is higher than the class version supported by the current version of Mixin (JAVA_17 supports class version 61)
[22Jun2025 13:15:53.100] [Render thread/DEBUG] [mixin/]: sodium-extra.mixins.json:sodium.fog.MixinOcclusionCuller from mod sodium_extra->@Inject::isWithinRenderDistance(Lnet/caffeinemc/mods/sodium/client/render/viewport/CameraTransform;Lnet/caffeinemc/mods/sodium/client/render/chunk/RenderSection;FLorg/spongepowered/asm/mixin/injection/callback/CallbackInfoReturnable;)V does use it's CallbackInfoReturnable
[22Jun2025 13:15:53.188] [Render thread/DEBUG] [mixin/]: Mixing core.gui.LevelLoadStatusManagerMixin from sodium-common.mixins.json into net.minecraft.client.multiplayer.LevelLoadStatusManager
[22Jun2025 13:15:53.188] [Render thread/DEBUG] [mixin/]: sodium-common.mixins.json:core.gui.LevelLoadStatusManagerMixin from mod sodium: Class version 65 required is higher than the class version supported by the current version of Mixin (JAVA_17 supports class version 61)
[22Jun2025 13:15:53.266] [Render thread/INFO] [net.minecraft.advancements.AdvancementTree/]: Loaded 2 advancements
[22Jun2025 13:15:53.316] [Render thread/DEBUG] [mixin/]: Mixing core.render.frustum.FrustumMixin from sodium-common.mixins.json into net.minecraft.client.renderer.culling.Frustum
[22Jun2025 13:15:53.316] [Render thread/DEBUG] [mixin/]: sodium-common.mixins.json:core.render.frustum.FrustumMixin from mod sodium: Class version 65 required is higher than the class version supported by the current version of Mixin (JAVA_17 supports class version 61)
[22Jun2025 13:15:53.328] [Render thread/DEBUG] [mixin/]: Mixing features.render.world.sky.FogRendererMixin from sodium-common.mixins.json into net.minecraft.client.renderer.FogRenderer
[22Jun2025 13:15:53.328] [Render thread/DEBUG] [mixin/]: sodium-common.mixins.json:features.render.world.sky.FogRendererMixin from mod sodium: Class version 65 required is higher than the class version supported by the current version of Mixin (JAVA_17 supports class version 61)
[22Jun2025 13:15:53.328] [Render thread/DEBUG] [mixin/]: Renaming synthetic method lambda$redirectSampleColor$1(Lnet/minecraft/client/multiplayer/ClientLevel;FLnet/minecraft/world/phys/Vec3;)Lnet/minecraft/world/phys/Vec3; to md98b051$sodium$lambda$redirectSampleColor$1$0 in sodium-common.mixins.json:features.render.world.sky.FogRendererMixin from mod sodium
[22Jun2025 13:15:53.329] [Render thread/DEBUG] [mixin/]: Renaming synthetic method lambda$redirectSampleColor$0(Lnet/minecraft/client/multiplayer/ClientLevel;III)I to md98b051$sodium$lambda$redirectSampleColor$0$1 in sodium-common.mixins.json:features.render.world.sky.FogRendererMixin from mod sodium
[22Jun2025 13:15:53.330] [Render thread/DEBUG] [mixin/]: Mixing fog.MixinFogRenderer from sodium-extra.mixins.json into net.minecraft.client.renderer.FogRenderer
[22Jun2025 13:15:53.330] [Render thread/DEBUG] [mixin/]: sodium-extra.mixins.json:fog.MixinFogRenderer from mod sodium_extra: Class version 65 required is higher than the class version supported by the current version of Mixin (JAVA_17 supports class version 61)
[22Jun2025 13:15:53.331] [Render thread/DEBUG] [mixin/]: Mixing fog_falloff.MixinFogRenderer from sodium-extra.mixins.json into net.minecraft.client.renderer.FogRenderer
[22Jun2025 13:15:53.332] [Render thread/DEBUG] [mixin/]: sodium-extra.mixins.json:fog_falloff.MixinFogRenderer from mod sodium_extra: Class version 65 required is higher than the class version supported by the current version of Mixin (JAVA_17 supports class version 61)
[22Jun2025 13:15:53.335] [Render thread/DEBUG] [mixin/]: sodium-extra.mixins.json:fog.MixinFogRenderer from mod sodium_extra->@Inject::applyFog(Lnet/minecraft/client/Camera;Lnet/minecraft/client/renderer/FogRenderer$FogMode;Lorg/joml/Vector4f;FZFLorg/spongepowered/asm/mixin/injection/callback/CallbackInfoReturnable;)V does use it's CallbackInfoReturnable
[22Jun2025 13:15:53.398] [Render thread/DEBUG] [Sodium/]: Loaded net.caffeinemc.mods.sodium.neoforge.model.NeoForgeModelAccess@3a657773 for service interface net.caffeinemc.mods.sodium.client.services.PlatformModelAccess
[22Jun2025 13:15:53.399] [Render thread/DEBUG] [Sodium/]: Loaded net.caffeinemc.mods.sodium.neoforge.level.NeoForgeLevelAccess@e786d7e for service interface net.caffeinemc.mods.sodium.client.services.PlatformLevelAccess
[22Jun2025 13:15:53.400] [Render thread/DEBUG] [Sodium/]: Loaded net.caffeinemc.mods.sodium.neoforge.level.NeoForgeLevelRenderHooks@24b4cee9 for service interface net.caffeinemc.mods.sodium.client.services.PlatformLevelRenderHooks
[22Jun2025 13:15:53.404] [Render thread/DEBUG] [mixin/]: Mixing ChunkRendererRegionBuilderMixin from fabric-block-view-api-v2.client.mixins.json into net.minecraft.client.renderer.chunk.RenderRegionCache
[22Jun2025 13:15:53.405] [Render thread/DEBUG] [mixin/]: fabric-block-view-api-v2.client.mixins.json:ChunkRendererRegionBuilderMixin from mod fabric_block_view_api_v2: Class version 65 required is higher than the class version supported by the current version of Mixin (JAVA_17 supports class version 61)
[22Jun2025 13:15:53.426] [Render thread/DEBUG] [mixin/]: fabric-block-view-api-v2.client.mixins.json:ChunkRendererRegionBuilderMixin from mod fabric_block_view_api_v2->@Inject::copyDataForChunk(Lnet/minecraft/world/level/Level;Lnet/minecraft/core/SectionPos;ZLorg/spongepowered/asm/mixin/injection/callback/CallbackInfoReturnable;)V doesn't use it's CallbackInfoReturnable
[22Jun2025 13:15:53.426] [Render thread/DEBUG] [mixin/]: fabric-block-view-api-v2.client.mixins.json:ChunkRendererRegionBuilderMixin from mod fabric_block_view_api_v2->@Inject::copyDataForChunk(Lnet/minecraft/world/level/Level;Lnet/minecraft/core/SectionPos;ZLorg/spongepowered/asm/mixin/injection/callback/CallbackInfoReturnable;)V has 0 override(s) in child classes
[22Jun2025 13:15:53.426] [Render thread/DEBUG] [mixin/]: fabric-block-view-api-v2.client.mixins.json:ChunkRendererRegionBuilderMixin from mod fabric_block_view_api_v2->@Inject::copyDataForChunk(Lnet/minecraft/world/level/Level;Lnet/minecraft/core/SectionPos;ZLorg/spongepowered/asm/mixin/injection/callback/CallbackInfoReturnable;)V won't be passed a CallbackInfoReturnable as a result
[22Jun2025 13:15:53.449] [Render thread/DEBUG] [mixin/]: fabric-block-view-api-v2.client.mixins.json:ChunkRendererRegionBuilderMixin from mod fabric_block_view_api_v2->@Inject::createDataMap(Lnet/minecraft/world/level/Level;Lnet/minecraft/core/SectionPos;ZLorg/spongepowered/asm/mixin/injection/callback/CallbackInfoReturnable;)V does use it's CallbackInfoReturnable
[22Jun2025 13:15:53.457] [Chunk Render Task Executor #0/DEBUG] [Sodium/]: Loaded net.caffeinemc.mods.sodium.neoforge.block.NeoForgeBlockAccess@6697f0b9 for service interface net.caffeinemc.mods.sodium.client.services.PlatformBlockAccess
[22Jun2025 13:15:53.553] [Render thread/DEBUG] [mixin/]: Mixing sodium.cloud.MixinCloudRenderer from sodium-extra.mixins.json into net.caffeinemc.mods.sodium.client.render.immediate.CloudRenderer
[22Jun2025 13:15:53.557] [Render thread/DEBUG] [mixin/]: sodium-extra.mixins.json:sodium.cloud.MixinCloudRenderer from mod sodium_extra: Class version 65 required is higher than the class version supported by the current version of Mixin (JAVA_17 supports class version 61)
[22Jun2025 13:15:58.787] [Render thread/DEBUG] [mixin/]: Mixing features.render.gui.outlines.LevelRendererMixin from sodium-common.mixins.json into net.minecraft.client.renderer.ShapeRenderer
[22Jun2025 13:15:58.788] [Render thread/DEBUG] [mixin/]: sodium-common.mixins.json:features.render.gui.outlines.LevelRendererMixin from mod sodium: Class version 65 required is higher than the class version supported by the current version of Mixin (JAVA_17 supports class version 61)
[22Jun2025 13:15:58.824] [Render thread/DEBUG] [mixin/]: sodium-common.mixins.json:features.render.gui.outlines.LevelRendererMixin from mod sodium->@Inject::drawBoxFast(Lcom/mojang/blaze3d/vertex/PoseStack;Lcom/mojang/blaze3d/vertex/VertexConsumer;DDDDDDFFFFFFFLorg/spongepowered/asm/mixin/injection/callback/CallbackInfo;)V does use it's CallbackInfo
[22Jun2025 13:16:12.165] [Render thread/INFO] [ChunkBuilder/]: Stopping worker threads
[22Jun2025 13:16:12.171] [Server thread/INFO] [net.minecraft.server.MinecraftServer/]: Dev has made the advancement [The End?]
[22Jun2025 13:16:12.172] [Render thread/INFO] [ChunkBuilder/]: Started 6 worker threads
[22Jun2025 13:16:12.174] [Server thread/INFO] [net.minecraft.server.MinecraftServer/]: [Dev: Teleported Dev to 0.500000, 0.000000, 0.500000]
[22Jun2025 13:16:12.185] [Render thread/INFO] [ChunkBuilder/]: Stopping worker threads
[22Jun2025 13:16:12.211] [Render thread/INFO] [ChunkBuilder/]: Started 6 worker threads
[22Jun2025 13:16:12.230] [Render thread/INFO] [net.minecraft.client.gui.components.ChatComponent/]: [System] [CHAT] Dev has made the advancement [The End?]
[22Jun2025 13:16:12.235] [Render thread/INFO] [net.minecraft.client.gui.components.ChatComponent/]: [System] [CHAT] Teleported Dev to 0.500000, 0.000000, 0.500000
[22Jun2025 13:16:13.057] [Render thread/INFO] [net.minecraft.advancements.AdvancementTree/]: Loaded 17 advancements
[22Jun2025 13:16:14.234] [Server thread/INFO] [net.minecraft.world.level.dimension.end.EndDragonFight/]: Scanning for legacy world dragon fight...
[22Jun2025 13:16:14.238] [Server thread/INFO] [net.minecraft.world.level.dimension.end.EndDragonFight/]: Found that the dragon has not yet been killed in this world.
[22Jun2025 13:16:15.141] [Server thread/WARN] [net.minecraft.server.MinecraftServer/]: Can't keep up! Is the server overloaded? Running 2862ms or 57 ticks behind
[22Jun2025 13:16:16.453] [Server thread/INFO] [net.minecraft.server.MinecraftServer/]: [Dev: Set own game mode to Spectator Mode]
[22Jun2025 13:16:16.462] [Render thread/INFO] [net.minecraft.client.gui.components.ChatComponent/]: [System] [CHAT] Set own game mode to Spectator Mode
[22Jun2025 13:16:19.079] [Server thread/INFO] [net.minecraft.client.server.IntegratedServer/]: Saving and pausing game...
[22Jun2025 13:16:19.111] [Server thread/INFO] [net.minecraft.server.MinecraftServer/]: Saving chunks for level 'ServerLevel[New World]'/minecraft:overworld
[22Jun2025 13:16:19.124] [Server thread/INFO] [net.minecraft.server.MinecraftServer/]: Saving chunks for level 'ServerLevel[New World]'/minecraft:the_nether
[22Jun2025 13:16:19.125] [Server thread/INFO] [net.minecraft.server.MinecraftServer/]: Saving chunks for level 'ServerLevel[New World]'/minecraft:the_end
[22Jun2025 13:16:19.289] [Server thread/DEBUG] [net.neoforged.neoforge.common.CommonHooks/WP]: Gathered mod list to write to world save New World
[22Jun2025 13:16:19.943] [Render thread/DEBUG] [mixin/]: Mixing sodium.MixinSodiumOptionsGUI from reeses-sodium-options.mixins.json into net.caffeinemc.mods.sodium.client.gui.SodiumOptionsGUI
[22Jun2025 13:16:19.944] [Render thread/DEBUG] [mixin/]: reeses-sodium-options.mixins.json:sodium.MixinSodiumOptionsGUI from mod reeses_sodium_options: Class version 65 required is higher than the class version supported by the current version of Mixin (JAVA_17 supports class version 61)
[22Jun2025 13:16:19.949] [Render thread/DEBUG] [mixin/]: Mixing compat.MixinSodiumOptionsGUI from sodium-extra.mixins.json into net.caffeinemc.mods.sodium.client.gui.SodiumOptionsGUI
[22Jun2025 13:16:19.950] [Render thread/DEBUG] [mixin/]: sodium-extra.mixins.json:compat.MixinSodiumOptionsGUI from mod sodium_extra: Class version 65 required is higher than the class version supported by the current version of Mixin (JAVA_17 supports class version 61)
[22Jun2025 13:16:19.954] [Render thread/DEBUG] [mixin/]: Mixing sodium.scrollable_page.MixinSodiumOptionsGUI from sodium-extra.mixins.json into net.caffeinemc.mods.sodium.client.gui.SodiumOptionsGUI
[22Jun2025 13:16:19.955] [Render thread/DEBUG] [mixin/]: sodium-extra.mixins.json:sodium.scrollable_page.MixinSodiumOptionsGUI from mod sodium_extra: Class version 65 required is higher than the class version supported by the current version of Mixin (JAVA_17 supports class version 61)
[22Jun2025 13:16:19.964] [Render thread/DEBUG] [mixin/]: reeses-sodium-options.mixins.json:sodium.MixinSodiumOptionsGUI from mod reeses_sodium_options->@Inject::postInit(Lorg/spongepowered/asm/mixin/injection/callback/CallbackInfo;)V doesn't use it's CallbackInfo
[22Jun2025 13:16:19.964] [Render thread/DEBUG] [mixin/]: reeses-sodium-options.mixins.json:sodium.MixinSodiumOptionsGUI from mod reeses_sodium_options->@Inject::postInit(Lorg/spongepowered/asm/mixin/injection/callback/CallbackInfo;)V has 0 override(s) in child classes
[22Jun2025 13:16:19.964] [Render thread/DEBUG] [mixin/]: reeses-sodium-options.mixins.json:sodium.MixinSodiumOptionsGUI from mod reeses_sodium_options->@Inject::postInit(Lorg/spongepowered/asm/mixin/injection/callback/CallbackInfo;)V won't be passed a CallbackInfo as a result
[22Jun2025 13:16:19.964] [Render thread/DEBUG] [mixin/]: sodium-extra.mixins.json:compat.MixinSodiumOptionsGUI from mod sodium_extra->@Inject::init(Lorg/spongepowered/asm/mixin/injection/callback/CallbackInfo;)V doesn't use it's CallbackInfo
[22Jun2025 13:16:19.964] [Render thread/DEBUG] [mixin/]: sodium-extra.mixins.json:compat.MixinSodiumOptionsGUI from mod sodium_extra->@Inject::init(Lorg/spongepowered/asm/mixin/injection/callback/CallbackInfo;)V has 0 override(s) in child classes
[22Jun2025 13:16:19.964] [Render thread/DEBUG] [mixin/]: sodium-extra.mixins.json:compat.MixinSodiumOptionsGUI from mod sodium_extra->@Inject::init(Lorg/spongepowered/asm/mixin/injection/callback/CallbackInfo;)V won't be passed a CallbackInfo as a result
[22Jun2025 13:16:19.964] [Render thread/DEBUG] [mixin/]: sodium-extra.mixins.json:sodium.scrollable_page.MixinSodiumOptionsGUI from mod sodium_extra->@Inject::rebuildGUIOptions(Lorg/spongepowered/asm/mixin/injection/callback/CallbackInfo;)V does use it's CallbackInfo
[22Jun2025 13:16:19.964] [Render thread/DEBUG] [mixin/]: sodium-extra.mixins.json:sodium.scrollable_page.MixinSodiumOptionsGUI from mod sodium_extra->@Inject::renderOptionTooltip(Lnet/minecraft/client/gui/GuiGraphics;Lnet/caffeinemc/mods/sodium/client/gui/options/control/ControlElement;Lorg/spongepowered/asm/mixin/injection/callback/CallbackInfo;)V does use it's CallbackInfo
[22Jun2025 13:16:19.967] [Render thread/DEBUG] [mixin/]: Mixing sodium.accessibility.MixinSodiumGameOptionPages from sodium-extra.mixins.json into net.caffeinemc.mods.sodium.client.gui.SodiumGameOptionPages
[22Jun2025 13:16:19.967] [Render thread/DEBUG] [mixin/]: sodium-extra.mixins.json:sodium.accessibility.MixinSodiumGameOptionPages from mod sodium_extra: Class version 65 required is higher than the class version supported by the current version of Mixin (JAVA_17 supports class version 61)
[22Jun2025 13:16:19.968] [Render thread/DEBUG] [mixin/]: Renaming synthetic method lambda$quality$5(Lnet/minecraft/client/Options;)Ljava/lang/Integer; to md98b051$sodium_extra$lambda$quality$5$0 in sodium-extra.mixins.json:sodium.accessibility.MixinSodiumGameOptionPages from mod sodium_extra
[22Jun2025 13:16:19.968] [Render thread/DEBUG] [mixin/]: Renaming synthetic method lambda$quality$4(Lnet/minecraft/client/Options;Ljava/lang/Integer;)V to md98b051$sodium_extra$lambda$quality$4$1 in sodium-extra.mixins.json:sodium.accessibility.MixinSodiumGameOptionPages from mod sodium_extra
[22Jun2025 13:16:19.968] [Render thread/DEBUG] [mixin/]: Renaming synthetic method lambda$quality$3(Lnet/caffeinemc/mods/sodium/client/gui/options/OptionImpl;)Lnet/caffeinemc/mods/sodium/client/gui/options/control/Control; to md98b051$sodium_extra$lambda$quality$3$2 in sodium-extra.mixins.json:sodium.accessibility.MixinSodiumGameOptionPages from mod sodium_extra
[22Jun2025 13:16:19.968] [Render thread/DEBUG] [mixin/]: Renaming synthetic method lambda$quality$2(Lnet/minecraft/client/Options;)Ljava/lang/Integer; to md98b051$sodium_extra$lambda$quality$2$3 in sodium-extra.mixins.json:sodium.accessibility.MixinSodiumGameOptionPages from mod sodium_extra
[22Jun2025 13:16:19.968] [Render thread/DEBUG] [mixin/]: Renaming synthetic method lambda$quality$1(Lnet/minecraft/client/Options;Ljava/lang/Integer;)V to md98b051$sodium_extra$lambda$quality$1$4 in sodium-extra.mixins.json:sodium.accessibility.MixinSodiumGameOptionPages from mod sodium_extra
[22Jun2025 13:16:19.968] [Render thread/DEBUG] [mixin/]: Renaming synthetic method lambda$quality$0(Lnet/caffeinemc/mods/sodium/client/gui/options/OptionImpl;)Lnet/caffeinemc/mods/sodium/client/gui/options/control/Control; to md98b051$sodium_extra$lambda$quality$0$5 in sodium-extra.mixins.json:sodium.accessibility.MixinSodiumGameOptionPages from mod sodium_extra
[22Jun2025 13:16:19.970] [Render thread/DEBUG] [mixin/]: Mixing sodium.vsync.MixinSodiumGameOptionsPages from sodium-extra.mixins.json into net.caffeinemc.mods.sodium.client.gui.SodiumGameOptionPages
[22Jun2025 13:16:19.970] [Render thread/DEBUG] [mixin/]: sodium-extra.mixins.json:sodium.vsync.MixinSodiumGameOptionsPages from mod sodium_extra: Class version 65 required is higher than the class version supported by the current version of Mixin (JAVA_17 supports class version 61)
[22Jun2025 13:16:19.970] [Render thread/DEBUG] [mixin/]: Renaming synthetic method lambda$redirectVsyncToggle$2(Lme/flashyreese/mods/sodiumextra/client/gui/SodiumExtraGameOptions;)Lme/flashyreese/mods/sodiumextra/client/gui/SodiumExtraGameOptions$VerticalSyncOption; to md98b051$sodium_extra$lambda$redirectVsyncToggle$2$6 in sodium-extra.mixins.json:sodium.vsync.MixinSodiumGameOptionsPages from mod sodium_extra
[22Jun2025 13:16:19.970] [Render thread/DEBUG] [mixin/]: Renaming synthetic method lambda$redirectVsyncToggle$1(Lme/flashyreese/mods/sodiumextra/client/gui/SodiumExtraGameOptions;Lme/flashyreese/mods/sodiumextra/client/gui/SodiumExtraGameOptions$VerticalSyncOption;)V to md98b051$sodium_extra$lambda$redirectVsyncToggle$1$7 in sodium-extra.mixins.json:sodium.vsync.MixinSodiumGameOptionsPages from mod sodium_extra
[22Jun2025 13:16:19.970] [Render thread/DEBUG] [mixin/]: Renaming synthetic method lambda$redirectVsyncToggle$0(Lnet/caffeinemc/mods/sodium/client/gui/options/OptionImpl;)Lnet/caffeinemc/mods/sodium/client/gui/options/control/Control; to md98b051$sodium_extra$lambda$redirectVsyncToggle$0$8 in sodium-extra.mixins.json:sodium.vsync.MixinSodiumGameOptionsPages from mod sodium_extra
[22Jun2025 13:16:19.976] [Render thread/DEBUG] [mixin/]: sodium-extra.mixins.json:sodium.accessibility.MixinSodiumGameOptionPages from mod sodium_extra->@Inject::quality(Lorg/spongepowered/asm/mixin/injection/callback/CallbackInfoReturnable;Ljava/util/List;)V doesn't use it's CallbackInfoReturnable
[22Jun2025 13:16:19.979] [Render thread/DEBUG] [mixin/]: Mixing sodium.MixinOptionImpl from reeses-sodium-options.mixins.json into net.caffeinemc.mods.sodium.client.gui.options.OptionImpl
[22Jun2025 13:16:19.979] [Render thread/DEBUG] [mixin/]: reeses-sodium-options.mixins.json:sodium.MixinOptionImpl from mod reeses_sodium_options: Class version 65 required is higher than the class version supported by the current version of Mixin (JAVA_17 supports class version 61)
[22Jun2025 13:16:19.983] [Render thread/DEBUG] [mixin/]: Mixing sodium.MixinControlElement from reeses-sodium-options.mixins.json into net.caffeinemc.mods.sodium.client.gui.options.control.ControlElement
[22Jun2025 13:16:19.984] [Render thread/DEBUG] [mixin/]: reeses-sodium-options.mixins.json:sodium.MixinControlElement from mod reeses_sodium_options: Class version 65 required is higher than the class version supported by the current version of Mixin (JAVA_17 supports class version 61)
[22Jun2025 13:16:19.986] [Render thread/DEBUG] [mixin/]: reeses-sodium-options.mixins.json:sodium.MixinControlElement from mod reeses_sodium_options->@Inject::postInit(Lnet/caffeinemc/mods/sodium/client/gui/options/Option;Lnet/caffeinemc/mods/sodium/client/util/Dim2i;Lorg/spongepowered/asm/mixin/injection/callback/CallbackInfo;)V doesn't use it's CallbackInfo
[22Jun2025 13:16:19.987] [Render thread/DEBUG] [mixin/]: reeses-sodium-options.mixins.json:sodium.MixinControlElement from mod reeses_sodium_options->@Inject::postInit(Lnet/caffeinemc/mods/sodium/client/gui/options/Option;Lnet/caffeinemc/mods/sodium/client/util/Dim2i;Lorg/spongepowered/asm/mixin/injection/callback/CallbackInfo;)V has 0 override(s) in child classes
[22Jun2025 13:16:19.987] [Render thread/DEBUG] [mixin/]: reeses-sodium-options.mixins.json:sodium.MixinControlElement from mod reeses_sodium_options->@Inject::postInit(Lnet/caffeinemc/mods/sodium/client/gui/options/Option;Lnet/caffeinemc/mods/sodium/client/util/Dim2i;Lorg/spongepowered/asm/mixin/injection/callback/CallbackInfo;)V won't be passed a CallbackInfo as a result
[22Jun2025 13:16:19.988] [Render thread/DEBUG] [mixin/]: Mixing sodium.MixinSliderControlElement from reeses-sodium-options.mixins.json into net.caffeinemc.mods.sodium.client.gui.options.control.SliderControl$Button
[22Jun2025 13:16:19.988] [Render thread/DEBUG] [mixin/]: reeses-sodium-options.mixins.json:sodium.MixinSliderControlElement from mod reeses_sodium_options: Class version 65 required is higher than the class version supported by the current version of Mixin (JAVA_17 supports class version 61)
[22Jun2025 13:16:19.993] [Render thread/DEBUG] [mixin/]: reeses-sodium-options.mixins.json:sodium.MixinSliderControlElement from mod reeses_sodium_options->@Inject::render(Lnet/minecraft/client/gui/GuiGraphics;IIFLorg/spongepowered/asm/mixin/injection/callback/CallbackInfo;)V doesn't use it's CallbackInfo
[22Jun2025 13:16:19.994] [Render thread/DEBUG] [mixin/]: reeses-sodium-options.mixins.json:sodium.MixinSliderControlElement from mod reeses_sodium_options->@Inject::render(Lnet/minecraft/client/gui/GuiGraphics;IIFLorg/spongepowered/asm/mixin/injection/callback/CallbackInfo;)V has 0 override(s) in child classes
[22Jun2025 13:16:19.994] [Render thread/DEBUG] [mixin/]: reeses-sodium-options.mixins.json:sodium.MixinSliderControlElement from mod reeses_sodium_options->@Inject::render(Lnet/minecraft/client/gui/GuiGraphics;IIFLorg/spongepowered/asm/mixin/injection/callback/CallbackInfo;)V won't be passed a CallbackInfo as a result
[22Jun2025 13:16:19.994] [Render thread/DEBUG] [mixin/]: reeses-sodium-options.mixins.json:sodium.MixinSliderControlElement from mod reeses_sodium_options->@Inject::rso$renderSlider(Lnet/minecraft/client/gui/GuiGraphics;IIFLorg/spongepowered/asm/mixin/injection/callback/CallbackInfo;IIIILnet/minecraft/network/chat/MutableComponent;IZDII)V doesn't use it's CallbackInfo
[22Jun2025 13:16:19.994] [Render thread/DEBUG] [mixin/]: reeses-sodium-options.mixins.json:sodium.MixinSliderControlElement from mod reeses_sodium_options->@Inject::rso$renderSlider(Lnet/minecraft/client/gui/GuiGraphics;IIFLorg/spongepowered/asm/mixin/injection/callback/CallbackInfo;IIIILnet/minecraft/network/chat/MutableComponent;IZDII)V has 0 override(s) in child classes
[22Jun2025 13:16:19.994] [Render thread/DEBUG] [mixin/]: reeses-sodium-options.mixins.json:sodium.MixinSliderControlElement from mod reeses_sodium_options->@Inject::rso$renderSlider(Lnet/minecraft/client/gui/GuiGraphics;IIFLorg/spongepowered/asm/mixin/injection/callback/CallbackInfo;IIIILnet/minecraft/network/chat/MutableComponent;IZDII)V won't be passed a CallbackInfo as a result
[22Jun2025 13:16:20.005] [Render thread/DEBUG] [mixin/]: Mixing sodium.MixinTickBoxControlElement from reeses-sodium-options.mixins.json into net.caffeinemc.mods.sodium.client.gui.options.control.TickBoxControl$TickBoxControlElement
[22Jun2025 13:16:20.006] [Render thread/DEBUG] [mixin/]: reeses-sodium-options.mixins.json:sodium.MixinTickBoxControlElement from mod reeses_sodium_options: Class version 65 required is higher than the class version supported by the current version of Mixin (JAVA_17 supports class version 61)
[22Jun2025 13:16:20.026] [Render thread/DEBUG] [mixin/]: Mixing sodium.MixinCyclingControlElement from reeses-sodium-options.mixins.json into net.caffeinemc.mods.sodium.client.gui.options.control.CyclingControl$CyclingControlElement
[22Jun2025 13:16:20.027] [Render thread/DEBUG] [mixin/]: reeses-sodium-options.mixins.json:sodium.MixinCyclingControlElement from mod reeses_sodium_options: Class version 65 required is higher than the class version supported by the current version of Mixin (JAVA_17 supports class version 61)
[22Jun2025 13:16:20.059] [Render thread/DEBUG] [mixin/]: Mixing sodium.MixinFlatButtonWidget from reeses-sodium-options.mixins.json into net.caffeinemc.mods.sodium.client.gui.widgets.FlatButtonWidget
[22Jun2025 13:16:20.059] [Render thread/DEBUG] [mixin/]: reeses-sodium-options.mixins.json:sodium.MixinFlatButtonWidget from mod reeses_sodium_options: Class version 65 required is higher than the class version supported by the current version of Mixin (JAVA_17 supports class version 61)
[22Jun2025 13:16:20.067] [Render thread/DEBUG] [mixin/]: ArgsClassGenerator assigning org.spongepowered.asm.synthetic.args.Args$1 for descriptor (Lnet/minecraft/client/gui/GuiGraphics;Lnet/minecraft/network/chat/Component;III)V
[22Jun2025 13:16:20.069] [Render thread/DEBUG] [mixin/]: ArgsClassGenerator assigning org.spongepowered.asm.synthetic.args.Args$2 for descriptor (Lnet/minecraft/client/gui/GuiGraphics;IIIII)V
[22Jun2025 13:16:20.082] [Render thread/DEBUG] [mixin/]: Mixing sodium.MixinDim2i from reeses-sodium-options.mixins.json into net.caffeinemc.mods.sodium.client.util.Dim2i
[22Jun2025 13:16:20.083] [Render thread/DEBUG] [mixin/]: reeses-sodium-options.mixins.json:sodium.MixinDim2i from mod reeses_sodium_options: Class version 65 required is higher than the class version supported by the current version of Mixin (JAVA_17 supports class version 61)
[22Jun2025 13:16:20.094] [Render thread/DEBUG] [mixin/]: reeses-sodium-options.mixins.json:sodium.MixinDim2i from mod reeses_sodium_options->@Inject::x(Lorg/spongepowered/asm/mixin/injection/callback/CallbackInfoReturnable;)V does use it's CallbackInfoReturnable
[22Jun2025 13:16:20.095] [Render thread/DEBUG] [mixin/]: reeses-sodium-options.mixins.json:sodium.MixinDim2i from mod reeses_sodium_options->@Inject::y(Lorg/spongepowered/asm/mixin/injection/callback/CallbackInfoReturnable;)V does use it's CallbackInfoReturnable
[22Jun2025 13:16:20.095] [Render thread/DEBUG] [mixin/]: reeses-sodium-options.mixins.json:sodium.MixinDim2i from mod reeses_sodium_options->@Inject::redirectGetLimitX(Lorg/spongepowered/asm/mixin/injection/callback/CallbackInfoReturnable;)V does use it's CallbackInfoReturnable
[22Jun2025 13:16:20.095] [Render thread/DEBUG] [mixin/]: reeses-sodium-options.mixins.json:sodium.MixinDim2i from mod reeses_sodium_options->@Inject::redirectGetLimitY(Lorg/spongepowered/asm/mixin/injection/callback/CallbackInfoReturnable;)V does use it's CallbackInfoReturnable
[22Jun2025 13:16:20.095] [Render thread/DEBUG] [mixin/]: reeses-sodium-options.mixins.json:sodium.MixinDim2i from mod reeses_sodium_options->@Inject::containsCursor(DDLorg/spongepowered/asm/mixin/injection/callback/CallbackInfoReturnable;)V does use it's CallbackInfoReturnable
[22Jun2025 13:16:20.095] [Render thread/DEBUG] [mixin/]: reeses-sodium-options.mixins.json:sodium.MixinDim2i from mod reeses_sodium_options->@Inject::redirectGetCenterX(Lorg/spongepowered/asm/mixin/injection/callback/CallbackInfoReturnable;)V does use it's CallbackInfoReturnable
[22Jun2025 13:16:20.095] [Render thread/DEBUG] [mixin/]: reeses-sodium-options.mixins.json:sodium.MixinDim2i from mod reeses_sodium_options->@Inject::redirectGetCenterY(Lorg/spongepowered/asm/mixin/injection/callback/CallbackInfoReturnable;)V does use it's CallbackInfoReturnable
[22Jun2025 13:16:24.361] [Render thread/INFO] [ChunkBuilder/]: Stopping worker threads
[22Jun2025 13:16:24.372] [Render thread/INFO] [ChunkBuilder/]: Started 6 worker threads
[22Jun2025 13:16:24.376] [Render thread/INFO] [Sodium/]: Flushed changes to Minecraft configuration
[22Jun2025 13:16:25.383] [Server thread/INFO] [net.minecraft.client.server.IntegratedServer/]: Changing view distance to 32, from 5
[22Jun2025 13:16:25.385] [Render thread/INFO] [ChunkBuilder/]: Stopping worker threads
[22Jun2025 13:16:25.388] [Render thread/INFO] [ChunkBuilder/]: Started 6 worker threads
[22Jun2025 13:16:31.524] [Server thread/INFO] [net.minecraft.server.MinecraftServer/]: [Dev: Set own game mode to Creative Mode]
[22Jun2025 13:16:31.527] [Render thread/INFO] [net.minecraft.client.gui.components.ChatComponent/]: [System] [CHAT] Set own game mode to Creative Mode
[22Jun2025 13:16:34.529] [Server thread/INFO] [net.minecraft.client.server.IntegratedServer/]: Saving and pausing game...
[22Jun2025 13:16:34.544] [Server thread/INFO] [net.minecraft.server.MinecraftServer/]: Saving chunks for level 'ServerLevel[New World]'/minecraft:overworld
[22Jun2025 13:16:34.549] [Server thread/INFO] [net.minecraft.server.MinecraftServer/]: Saving chunks for level 'ServerLevel[New World]'/minecraft:the_nether
[22Jun2025 13:16:34.550] [Server thread/INFO] [net.minecraft.server.MinecraftServer/]: Saving chunks for level 'ServerLevel[New World]'/minecraft:the_end
[22Jun2025 13:16:34.625] [Server thread/DEBUG] [net.neoforged.neoforge.common.CommonHooks/WP]: Gathered mod list to write to world save New World
[22Jun2025 13:16:36.537] [Server thread/INFO] [net.minecraft.server.network.ServerGamePacketListenerImpl/]: Dev lost connection: Disconnected
[22Jun2025 13:16:36.537] [Server thread/INFO] [net.minecraft.server.MinecraftServer/]: Dev left the game
[22Jun2025 13:16:36.552] [Server thread/INFO] [net.minecraft.server.network.ServerCommonPacketListenerImpl/]: Stopping singleplayer server as player logged out
[22Jun2025 13:16:36.580] [Server thread/INFO] [net.minecraft.server.MinecraftServer/]: Stopping server
[22Jun2025 13:16:36.582] [Server thread/INFO] [net.minecraft.server.MinecraftServer/]: Saving players
[22Jun2025 13:16:36.582] [Server thread/INFO] [net.minecraft.server.MinecraftServer/]: Saving worlds
[22Jun2025 13:16:38.818] [Server thread/INFO] [net.minecraft.server.MinecraftServer/]: Saving chunks for level 'ServerLevel[New World]'/minecraft:overworld
[22Jun2025 13:16:38.910] [Server thread/INFO] [net.minecraft.server.MinecraftServer/]: Saving chunks for level 'ServerLevel[New World]'/minecraft:the_nether
[22Jun2025 13:16:38.918] [Server thread/INFO] [net.minecraft.server.MinecraftServer/]: Saving chunks for level 'ServerLevel[New World]'/minecraft:the_end
[22Jun2025 13:16:39.178] [Server thread/DEBUG] [net.neoforged.neoforge.common.CommonHooks/WP]: Gathered mod list to write to world save New World
[22Jun2025 13:16:39.276] [Server thread/INFO] [net.minecraft.server.MinecraftServer/]: ThreadedAnvilChunkStorage (New World (6)): All chunks are saved
[22Jun2025 13:16:39.276] [Server thread/INFO] [net.minecraft.server.MinecraftServer/]: ThreadedAnvilChunkStorage (DIM-1): All chunks are saved
[22Jun2025 13:16:39.276] [Server thread/INFO] [net.minecraft.server.MinecraftServer/]: ThreadedAnvilChunkStorage (DIM1): All chunks are saved
[22Jun2025 13:16:39.276] [Server thread/INFO] [net.minecraft.server.MinecraftServer/]: ThreadedAnvilChunkStorage: All dimensions are saved
[22Jun2025 13:16:39.548] [Server thread/DEBUG] [net.neoforged.fml.config.ConfigTracker/CONFIG]: Unloading configs type SERVER
[22Jun2025 13:16:39.554] [Render thread/INFO] [ChunkBuilder/]: Stopping worker threads
[22Jun2025 13:16:40.869] [Render thread/INFO] [net.minecraft.client.Minecraft/]: Stopping!
